{
    "WRIST": {
        "x": 0.8148213028907776,
        "y": 0.5744509696960449
    },
    "THUMB_CMC": {
        "x": 0.8376386165618896,
        "y": 0.5303055644035339
    },
    "THUMB_MCP": {
        "x": 0.8214828372001648,
        "y": 0.487077921628952
    },
    "THUMB_IP": {
        "x": 0.7761732339859009,
        "y": 0.46796080470085144
    },
    "THUMB_TIP": {
        "x": 0.7392756938934326,
        "y": 0.470025897026062
    },
    "INDEX_FINGER_MCP": {
        "x": 0.7901819944381714,
        "y": 0.478330135345459
    },
    "INDEX_FINGER_PIP": {
        "x": 0.7566377520561218,
        "y": 0.443049818277359
    },
    "INDEX_FINGER_DIP": {
        "x": 0.7398403286933899,
        "y": 0.44831767678260803
    },
    "INDEX_FINGER_TIP": {
        "x": 0.7341703176498413,
        "y": 0.4613928496837616
    },
    "MIDDLE_FINGER_MCP": {
        "x": 0.7644088268280029,
        "y": 0.5004863739013672
    },
    "MIDDLE_FINGER_PIP": {
        "x": 0.7309350371360779,
        "y": 0.47514793276786804
    },
    "MIDDLE_FINGER_DIP": {
        "x": 0.7416965365409851,
        "y": 0.4935266375541687
    },
    "MIDDLE_FINGER_TIP": {
        "x": 0.7563120722770691,
        "y": 0.5056985020637512
    },
    "RING_FINGER_MCP": {
        "x": 0.7437033653259277,
        "y": 0.52508944272995
    },
    "RING_FINGER_PIP": {
        "x": 0.7181685566902161,
        "y": 0.5118093490600586
    },
    "RING_FINGER_DIP": {
        "x": 0.7396231889724731,
        "y": 0.5254127383232117
    },
    "RING_FINGER_TIP": {
        "x": 0.7571828365325928,
        "y": 0.5298552513122559
    },
    "PINKY_MCP": {
        "x": 0.7297589778900146,
        "y": 0.5494340062141418
    },
    "PINKY_PIP": {
        "x": 0.709098756313324,
        "y": 0.5419355630874634
    },
    "PINKY_DIP": {
        "x": 0.7254114151000977,
        "y": 0.5496186017990112
    },
    "PINKY_TIP": {
        "x": 0.7393259406089783,
        "y": 0.551249086856842
    }
}