{
    "WRIST": {
        "x": 0.8234606385231018,
        "y": 0.5904359221458435
    },
    "THUMB_CMC": {
        "x": 0.8096806406974792,
        "y": 0.5534326434135437
    },
    "THUMB_MCP": {
        "x": 0.7857794165611267,
        "y": 0.5175771713256836
    },
    "THUMB_IP": {
        "x": 0.7531709671020508,
        "y": 0.49080947041511536
    },
    "THUMB_TIP": {
        "x": 0.7272446155548096,
        "y": 0.4743219017982483
    },
    "INDEX_FINGER_MCP": {
        "x": 0.8351227641105652,
        "y": 0.4946804642677307
    },
    "INDEX_FINGER_PIP": {
        "x": 0.8024859428405762,
        "y": 0.4493202865123749
    },
    "INDEX_FINGER_DIP": {
        "x": 0.7487883567810059,
        "y": 0.44455698132514954
    },
    "INDEX_FINGER_TIP": {
        "x": 0.7131538391113281,
        "y": 0.4570854902267456
    },
    "MIDDLE_FINGER_MCP": {
        "x": 0.834618866443634,
        "y": 0.5102574825286865
    },
    "MIDDLE_FINGER_PIP": {
        "x": 0.7167765498161316,
        "y": 0.5000403523445129
    },
    "MIDDLE_FINGER_DIP": {
        "x": 0.6886932849884033,
        "y": 0.5198023319244385
    },
    "MIDDLE_FINGER_TIP": {
        "x": 0.6989858150482178,
        "y": 0.5334702730178833
    },
    "RING_FINGER_MCP": {
        "x": 0.8192738890647888,
        "y": 0.5350044369697571
    },
    "RING_FINGER_PIP": {
        "x": 0.6912916302680969,
        "y": 0.5280582904815674
    },
    "RING_FINGER_DIP": {
        "x": 0.6896499395370483,
        "y": 0.5465720891952515
    },
    "RING_FINGER_TIP": {
        "x": 0.7162841558456421,
        "y": 0.5541966557502747
    },
    "PINKY_MCP": {
        "x": 0.7946042418479919,
        "y": 0.561159074306488
    },
    "PINKY_PIP": {
        "x": 0.6972480416297913,
        "y": 0.5565669536590576
    },
    "PINKY_DIP": {
        "x": 0.7003716826438904,
        "y": 0.5680313110351562
    },
    "PINKY_TIP": {
        "x": 0.7227908372879028,
        "y": 0.5722677111625671
    }
}