{
    "WRIST": {
        "x": 0.8243763446807861,
        "y": 0.5844582915306091
    },
    "THUMB_CMC": {
        "x": 0.8179160952568054,
        "y": 0.546032726764679
    },
    "THUMB_MCP": {
        "x": 0.796728789806366,
        "y": 0.5105449557304382
    },
    "THUMB_IP": {
        "x": 0.7613604068756104,
        "y": 0.48556485772132874
    },
    "THUMB_TIP": {
        "x": 0.7353938221931458,
        "y": 0.471203476190567
    },
    "INDEX_FINGER_MCP": {
        "x": 0.8347793817520142,
        "y": 0.49176985025405884
    },
    "INDEX_FINGER_PIP": {
        "x": 0.7960336208343506,
        "y": 0.44872358441352844
    },
    "INDEX_FINGER_DIP": {
        "x": 0.7431522011756897,
        "y": 0.44604140520095825
    },
    "INDEX_FINGER_TIP": {
        "x": 0.7088501453399658,
        "y": 0.4582834243774414
    },
    "MIDDLE_FINGER_MCP": {
        "x": 0.8301727175712585,
        "y": 0.511506199836731
    },
    "MIDDLE_FINGER_PIP": {
        "x": 0.7256714105606079,
        "y": 0.5010824799537659
    },
    "MIDDLE_FINGER_DIP": {
        "x": 0.7024356722831726,
        "y": 0.5190918445587158
    },
    "MIDDLE_FINGER_TIP": {
        "x": 0.7146725654602051,
        "y": 0.5301094055175781
    },
    "RING_FINGER_MCP": {
        "x": 0.8138110637664795,
        "y": 0.5391111969947815
    },
    "RING_FINGER_PIP": {
        "x": 0.6978001594543457,
        "y": 0.5324960947036743
    },
    "RING_FINGER_DIP": {
        "x": 0.6972303986549377,
        "y": 0.5464774370193481
    },
    "RING_FINGER_TIP": {
        "x": 0.7239237427711487,
        "y": 0.5512323379516602
    },
    "PINKY_MCP": {
        "x": 0.7885226011276245,
        "y": 0.5661041140556335
    },
    "PINKY_PIP": {
        "x": 0.7000877261161804,
        "y": 0.5600845217704773
    },
    "PINKY_DIP": {
        "x": 0.7028347849845886,
        "y": 0.5679499506950378
    },
    "PINKY_TIP": {
        "x": 0.7259153127670288,
        "y": 0.569762110710144
    }
}