{
    "WRIST": {
        "x": 0.7688696384429932,
        "y": 0.5891820192337036
    },
    "THUMB_CMC": {
        "x": 0.7408434748649597,
        "y": 0.5539048314094543
    },
    "THUMB_MCP": {
        "x": 0.7309750914573669,
        "y": 0.5200651288032532
    },
    "THUMB_IP": {
        "x": 0.7202414274215698,
        "y": 0.4948146641254425
    },
    "THUMB_TIP": {
        "x": 0.7078597545623779,
        "y": 0.4819749891757965
    },
    "INDEX_FINGER_MCP": {
        "x": 0.7837933897972107,
        "y": 0.4956267178058624
    },
    "INDEX_FINGER_PIP": {
        "x": 0.7511695027351379,
        "y": 0.45833227038383484
    },
    "INDEX_FINGER_DIP": {
        "x": 0.7095796465873718,
        "y": 0.4561917185783386
    },
    "INDEX_FINGER_TIP": {
        "x": 0.6861853003501892,
        "y": 0.4631511867046356
    },
    "MIDDLE_FINGER_MCP": {
        "x": 0.7953131794929504,
        "y": 0.5048910975456238
    },
    "MIDDLE_FINGER_PIP": {
        "x": 0.7032894492149353,
        "y": 0.4880096912384033
    },
    "MIDDLE_FINGER_DIP": {
        "x": 0.6820391416549683,
        "y": 0.5123392939567566
    },
    "MIDDLE_FINGER_TIP": {
        "x": 0.6947982311248779,
        "y": 0.5275823473930359
    },
    "RING_FINGER_MCP": {
        "x": 0.7896546125411987,
        "y": 0.5219138264656067
    },
    "RING_FINGER_PIP": {
        "x": 0.6794928312301636,
        "y": 0.5128505229949951
    },
    "RING_FINGER_DIP": {
        "x": 0.6747414469718933,
        "y": 0.536175549030304
    },
    "RING_FINGER_TIP": {
        "x": 0.699682354927063,
        "y": 0.5454725623130798
    },
    "PINKY_MCP": {
        "x": 0.770733654499054,
        "y": 0.5430274605751038
    },
    "PINKY_PIP": {
        "x": 0.6748204827308655,
        "y": 0.5380264520645142
    },
    "PINKY_DIP": {
        "x": 0.6716602444648743,
        "y": 0.5531995296478271
    },
    "PINKY_TIP": {
        "x": 0.6968413591384888,
        "y": 0.558918833732605
    }
}