{
    "WRIST": {
        "x": 0.8058403730392456,
        "y": 0.6712477207183838
    },
    "THUMB_CMC": {
        "x": 0.7430278658866882,
        "y": 0.6475805044174194
    },
    "THUMB_MCP": {
        "x": 0.7221159934997559,
        "y": 0.607363224029541
    },
    "THUMB_IP": {
        "x": 0.7234733700752258,
        "y": 0.5777789354324341
    },
    "THUMB_TIP": {
        "x": 0.7285354137420654,
        "y": 0.5593885779380798
    },
    "INDEX_FINGER_MCP": {
        "x": 0.780005931854248,
        "y": 0.5633268356323242
    },
    "INDEX_FINGER_PIP": {
        "x": 0.7645953893661499,
        "y": 0.5190680623054504
    },
    "INDEX_FINGER_DIP": {
        "x": 0.7304257154464722,
        "y": 0.505084753036499
    },
    "INDEX_FINGER_TIP": {
        "x": 0.7075569033622742,
        "y": 0.5065868496894836
    },
    "MIDDLE_FINGER_MCP": {
        "x": 0.8160006999969482,
        "y": 0.5678429007530212
    },
    "MIDDLE_FINGER_PIP": {
        "x": 0.7925078272819519,
        "y": 0.5252948999404907
    },
    "MIDDLE_FINGER_DIP": {
        "x": 0.7511728405952454,
        "y": 0.5162301659584045
    },
    "MIDDLE_FINGER_TIP": {
        "x": 0.733586311340332,
        "y": 0.5212295651435852
    },
    "RING_FINGER_MCP": {
        "x": 0.8338240385055542,
        "y": 0.5835247039794922
    },
    "RING_FINGER_PIP": {
        "x": 0.7479085326194763,
        "y": 0.5827361941337585
    },
    "RING_FINGER_DIP": {
        "x": 0.7327285408973694,
        "y": 0.6056429147720337
    },
    "RING_FINGER_TIP": {
        "x": 0.7523451447486877,
        "y": 0.614616334438324
    },
    "PINKY_MCP": {
        "x": 0.8335083723068237,
        "y": 0.6055696606636047
    },
    "PINKY_PIP": {
        "x": 0.7445616126060486,
        "y": 0.6136407852172852
    },
    "PINKY_DIP": {
        "x": 0.736066460609436,
        "y": 0.6295573115348816
    },
    "PINKY_TIP": {
        "x": 0.7605330944061279,
        "y": 0.6343936920166016
    }
}