{
    "WRIST": {
        "x": 0.8312443494796753,
        "y": 0.589017391204834
    },
    "THUMB_CMC": {
        "x": 0.8202632069587708,
        "y": 0.5503395199775696
    },
    "THUMB_MCP": {
        "x": 0.795333743095398,
        "y": 0.5163494944572449
    },
    "THUMB_IP": {
        "x": 0.7608714699745178,
        "y": 0.48873764276504517
    },
    "THUMB_TIP": {
        "x": 0.740215003490448,
        "y": 0.470353364944458
    },
    "INDEX_FINGER_MCP": {
        "x": 0.8442563414573669,
        "y": 0.4965064227581024
    },
    "INDEX_FINGER_PIP": {
        "x": 0.8110302090644836,
        "y": 0.45868223905563354
    },
    "INDEX_FINGER_DIP": {
        "x": 0.7629488706588745,
        "y": 0.4475279450416565
    },
    "INDEX_FINGER_TIP": {
        "x": 0.7230674624443054,
        "y": 0.4505425691604614
    },
    "MIDDLE_FINGER_MCP": {
        "x": 0.8461232781410217,
        "y": 0.5145730972290039
    },
    "MIDDLE_FINGER_PIP": {
        "x": 0.7214841842651367,
        "y": 0.5035290718078613
    },
    "MIDDLE_FINGER_DIP": {
        "x": 0.6832879781723022,
        "y": 0.5195292830467224
    },
    "MIDDLE_FINGER_TIP": {
        "x": 0.6822708249092102,
        "y": 0.5330760478973389
    },
    "RING_FINGER_MCP": {
        "x": 0.8311581015586853,
        "y": 0.5405300855636597
    },
    "RING_FINGER_PIP": {
        "x": 0.6966851353645325,
        "y": 0.5334659218788147
    },
    "RING_FINGER_DIP": {
        "x": 0.6863420009613037,
        "y": 0.5496158003807068
    },
    "RING_FINGER_TIP": {
        "x": 0.7082536816596985,
        "y": 0.5584179162979126
    },
    "PINKY_MCP": {
        "x": 0.8064560294151306,
        "y": 0.567398190498352
    },
    "PINKY_PIP": {
        "x": 0.7057042717933655,
        "y": 0.562545120716095
    },
    "PINKY_DIP": {
        "x": 0.7026164531707764,
        "y": 0.5707052946090698
    },
    "PINKY_TIP": {
        "x": 0.7220888733863831,
        "y": 0.5743404030799866
    }
}