{
    "WRIST": {
        "x": 0.7867445349693298,
        "y": 0.6201828718185425
    },
    "THUMB_CMC": {
        "x": 0.7479878664016724,
        "y": 0.5893319845199585
    },
    "THUMB_MCP": {
        "x": 0.7347928285598755,
        "y": 0.5533400774002075
    },
    "THUMB_IP": {
        "x": 0.7327858209609985,
        "y": 0.5262987017631531
    },
    "THUMB_TIP": {
        "x": 0.7307335138320923,
        "y": 0.5091932415962219
    },
    "INDEX_FINGER_MCP": {
        "x": 0.7931575775146484,
        "y": 0.5257114768028259
    },
    "INDEX_FINGER_PIP": {
        "x": 0.7605350017547607,
        "y": 0.48744386434555054
    },
    "INDEX_FINGER_DIP": {
        "x": 0.7203851938247681,
        "y": 0.47653889656066895
    },
    "INDEX_FINGER_TIP": {
        "x": 0.6918472051620483,
        "y": 0.4739008843898773
    },
    "MIDDLE_FINGER_MCP": {
        "x": 0.8129932880401611,
        "y": 0.5360804200172424
    },
    "MIDDLE_FINGER_PIP": {
        "x": 0.7261943221092224,
        "y": 0.5314101576805115
    },
    "MIDDLE_FINGER_DIP": {
        "x": 0.7132542729377747,
        "y": 0.5515449643135071
    },
    "MIDDLE_FINGER_TIP": {
        "x": 0.7284684777259827,
        "y": 0.5617414116859436
    },
    "RING_FINGER_MCP": {
        "x": 0.8151491284370422,
        "y": 0.5555766224861145
    },
    "RING_FINGER_PIP": {
        "x": 0.7265275716781616,
        "y": 0.5579050779342651
    },
    "RING_FINGER_DIP": {
        "x": 0.7238625288009644,
        "y": 0.575505256652832
    },
    "RING_FINGER_TIP": {
        "x": 0.7459800839424133,
        "y": 0.5816568732261658
    },
    "PINKY_MCP": {
        "x": 0.8080408573150635,
        "y": 0.5768865346908569
    },
    "PINKY_PIP": {
        "x": 0.736237108707428,
        "y": 0.5800623893737793
    },
    "PINKY_DIP": {
        "x": 0.731216311454773,
        "y": 0.5923518538475037
    },
    "PINKY_TIP": {
        "x": 0.7476629018783569,
        "y": 0.596422553062439
    }
}