{
    "WRIST": {
        "x": 0.7759760618209839,
        "y": 0.5875943303108215
    },
    "THUMB_CMC": {
        "x": 0.7791756391525269,
        "y": 0.5519142150878906
    },
    "THUMB_MCP": {
        "x": 0.7632033824920654,
        "y": 0.517473578453064
    },
    "THUMB_IP": {
        "x": 0.733299732208252,
        "y": 0.4971960484981537
    },
    "THUMB_TIP": {
        "x": 0.7100969552993774,
        "y": 0.48906099796295166
    },
    "INDEX_FINGER_MCP": {
        "x": 0.7774710059165955,
        "y": 0.5032617449760437
    },
    "INDEX_FINGER_PIP": {
        "x": 0.7398954629898071,
        "y": 0.46786928176879883
    },
    "INDEX_FINGER_DIP": {
        "x": 0.7044322490692139,
        "y": 0.4666576087474823
    },
    "INDEX_FINGER_TIP": {
        "x": 0.6833398938179016,
        "y": 0.473776251077652
    },
    "MIDDLE_FINGER_MCP": {
        "x": 0.7680206894874573,
        "y": 0.5157300233840942
    },
    "MIDDLE_FINGER_PIP": {
        "x": 0.7079571485519409,
        "y": 0.5015324950218201
    },
    "MIDDLE_FINGER_DIP": {
        "x": 0.7039570212364197,
        "y": 0.5194493532180786
    },
    "MIDDLE_FINGER_TIP": {
        "x": 0.7177643179893494,
        "y": 0.5308974981307983
    },
    "RING_FINGER_MCP": {
        "x": 0.7546918392181396,
        "y": 0.5341237783432007
    },
    "RING_FINGER_PIP": {
        "x": 0.700035810470581,
        "y": 0.5285192131996155
    },
    "RING_FINGER_DIP": {
        "x": 0.7086816430091858,
        "y": 0.5438774228096008
    },
    "RING_FINGER_TIP": {
        "x": 0.7296550869941711,
        "y": 0.5514870285987854
    },
    "PINKY_MCP": {
        "x": 0.741021990776062,
        "y": 0.5540225505828857
    },
    "PINKY_PIP": {
        "x": 0.6995647549629211,
        "y": 0.5533450841903687
    },
    "PINKY_DIP": {
        "x": 0.7050012946128845,
        "y": 0.5621216893196106
    },
    "PINKY_TIP": {
        "x": 0.7197602987289429,
        "y": 0.5655779242515564
    }
}