{
    "WRIST": {
        "x": 0.7831883430480957,
        "y": 0.7233781814575195
    },
    "THUMB_CMC": {
        "x": 0.7218170762062073,
        "y": 0.6986783146858215
    },
    "THUMB_MCP": {
        "x": 0.6955450773239136,
        "y": 0.6539405584335327
    },
    "THUMB_IP": {
        "x": 0.6882413625717163,
        "y": 0.6189890503883362
    },
    "THUMB_TIP": {
        "x": 0.682101309299469,
        "y": 0.5968305468559265
    },
    "INDEX_FINGER_MCP": {
        "x": 0.7628624439239502,
        "y": 0.6068018674850464
    },
    "INDEX_FINGER_PIP": {
        "x": 0.766009509563446,
        "y": 0.5624054074287415
    },
    "INDEX_FINGER_DIP": {
        "x": 0.7421165704727173,
        "y": 0.5550908446311951
    },
    "INDEX_FINGER_TIP": {
        "x": 0.7255412340164185,
        "y": 0.5685271620750427
    },
    "MIDDLE_FINGER_MCP": {
        "x": 0.8183022737503052,
        "y": 0.6144663691520691
    },
    "MIDDLE_FINGER_PIP": {
        "x": 0.8273874521255493,
        "y": 0.5679108500480652
    },
    "MIDDLE_FINGER_DIP": {
        "x": 0.7872003316879272,
        "y": 0.5669324994087219
    },
    "MIDDLE_FINGER_TIP": {
        "x": 0.7642227411270142,
        "y": 0.5837555527687073
    },
    "RING_FINGER_MCP": {
        "x": 0.8553610444068909,
        "y": 0.6347566246986389
    },
    "RING_FINGER_PIP": {
        "x": 0.7861648201942444,
        "y": 0.6357622742652893
    },
    "RING_FINGER_DIP": {
        "x": 0.7541424632072449,
        "y": 0.6577832698822021
    },
    "RING_FINGER_TIP": {
        "x": 0.7606179118156433,
        "y": 0.6671639680862427
    },
    "PINKY_MCP": {
        "x": 0.8689643740653992,
        "y": 0.6611376404762268
    },
    "PINKY_PIP": {
        "x": 0.7893974781036377,
        "y": 0.6726703643798828
    },
    "PINKY_DIP": {
        "x": 0.7696588039398193,
        "y": 0.6881601214408875
    },
    "PINKY_TIP": {
        "x": 0.7863186597824097,
        "y": 0.6927258372306824
    }
}