{
    "WRIST": {
        "x": 0.7904228568077087,
        "y": 0.6486718058586121
    },
    "THUMB_CMC": {
        "x": 0.7362116575241089,
        "y": 0.6205496788024902
    },
    "THUMB_MCP": {
        "x": 0.7231252789497375,
        "y": 0.5809021592140198
    },
    "THUMB_IP": {
        "x": 0.724789559841156,
        "y": 0.549606442451477
    },
    "THUMB_TIP": {
        "x": 0.7335405945777893,
        "y": 0.5281304717063904
    },
    "INDEX_FINGER_MCP": {
        "x": 0.798366904258728,
        "y": 0.5451522469520569
    },
    "INDEX_FINGER_PIP": {
        "x": 0.7666060328483582,
        "y": 0.5051355361938477
    },
    "INDEX_FINGER_DIP": {
        "x": 0.7286888957023621,
        "y": 0.4912504255771637
    },
    "INDEX_FINGER_TIP": {
        "x": 0.7014809846878052,
        "y": 0.484784871339798
    },
    "MIDDLE_FINGER_MCP": {
        "x": 0.8267281651496887,
        "y": 0.5539595484733582
    },
    "MIDDLE_FINGER_PIP": {
        "x": 0.7396580576896667,
        "y": 0.5384975671768188
    },
    "MIDDLE_FINGER_DIP": {
        "x": 0.7154107689857483,
        "y": 0.5593756437301636
    },
    "MIDDLE_FINGER_TIP": {
        "x": 0.7250357270240784,
        "y": 0.5725044012069702
    },
    "RING_FINGER_MCP": {
        "x": 0.8318643569946289,
        "y": 0.5723248720169067
    },
    "RING_FINGER_PIP": {
        "x": 0.72969651222229,
        "y": 0.5694237351417542
    },
    "RING_FINGER_DIP": {
        "x": 0.7223984003067017,
        "y": 0.5916838049888611
    },
    "RING_FINGER_TIP": {
        "x": 0.745746910572052,
        "y": 0.6001392006874084
    },
    "PINKY_MCP": {
        "x": 0.8231069445610046,
        "y": 0.5939083695411682
    },
    "PINKY_PIP": {
        "x": 0.7322484254837036,
        "y": 0.5929531455039978
    },
    "PINKY_DIP": {
        "x": 0.7236495018005371,
        "y": 0.6081165671348572
    },
    "PINKY_TIP": {
        "x": 0.7461488246917725,
        "y": 0.6141717433929443
    }
}