{
    "WRIST": {
        "x": 0.8182645440101624,
        "y": 0.5916091799736023
    },
    "THUMB_CMC": {
        "x": 0.8075335025787354,
        "y": 0.5548072457313538
    },
    "THUMB_MCP": {
        "x": 0.7820260524749756,
        "y": 0.5176593065261841
    },
    "THUMB_IP": {
        "x": 0.7448620796203613,
        "y": 0.4917798340320587
    },
    "THUMB_TIP": {
        "x": 0.7123734951019287,
        "y": 0.4778599441051483
    },
    "INDEX_FINGER_MCP": {
        "x": 0.8331903219223022,
        "y": 0.49630311131477356
    },
    "INDEX_FINGER_PIP": {
        "x": 0.7877558469772339,
        "y": 0.45055317878723145
    },
    "INDEX_FINGER_DIP": {
        "x": 0.7340906858444214,
        "y": 0.4470885694026947
    },
    "INDEX_FINGER_TIP": {
        "x": 0.7002970576286316,
        "y": 0.4582611322402954
    },
    "MIDDLE_FINGER_MCP": {
        "x": 0.830721378326416,
        "y": 0.5123792886734009
    },
    "MIDDLE_FINGER_PIP": {
        "x": 0.7143236994743347,
        "y": 0.5001009702682495
    },
    "MIDDLE_FINGER_DIP": {
        "x": 0.6893660426139832,
        "y": 0.5208716988563538
    },
    "MIDDLE_FINGER_TIP": {
        "x": 0.7003494501113892,
        "y": 0.5335874557495117
    },
    "RING_FINGER_MCP": {
        "x": 0.8138837814331055,
        "y": 0.5370634198188782
    },
    "RING_FINGER_PIP": {
        "x": 0.690545380115509,
        "y": 0.5293458700180054
    },
    "RING_FINGER_DIP": {
        "x": 0.6888904571533203,
        "y": 0.5476395487785339
    },
    "RING_FINGER_TIP": {
        "x": 0.7135007977485657,
        "y": 0.5550830364227295
    },
    "PINKY_MCP": {
        "x": 0.7885068655014038,
        "y": 0.5623151063919067
    },
    "PINKY_PIP": {
        "x": 0.6970728039741516,
        "y": 0.5564980506896973
    },
    "PINKY_DIP": {
        "x": 0.6995608806610107,
        "y": 0.5680192112922668
    },
    "PINKY_TIP": {
        "x": 0.7192957401275635,
        "y": 0.5733484029769897
    }
}