{
    "WRIST": {
        "x": 0.8044511675834656,
        "y": 0.6862249374389648
    },
    "THUMB_CMC": {
        "x": 0.7399434447288513,
        "y": 0.6653059720993042
    },
    "THUMB_MCP": {
        "x": 0.71879643201828,
        "y": 0.6242078542709351
    },
    "THUMB_IP": {
        "x": 0.7252166867256165,
        "y": 0.5947493314743042
    },
    "THUMB_TIP": {
        "x": 0.7389189600944519,
        "y": 0.578782856464386
    },
    "INDEX_FINGER_MCP": {
        "x": 0.7682846188545227,
        "y": 0.579163134098053
    },
    "INDEX_FINGER_PIP": {
        "x": 0.7476602792739868,
        "y": 0.536277711391449
    },
    "INDEX_FINGER_DIP": {
        "x": 0.721794068813324,
        "y": 0.5274055600166321
    },
    "INDEX_FINGER_TIP": {
        "x": 0.7091713547706604,
        "y": 0.53608238697052
    },
    "MIDDLE_FINGER_MCP": {
        "x": 0.8142322301864624,
        "y": 0.5837928056716919
    },
    "MIDDLE_FINGER_PIP": {
        "x": 0.7979729175567627,
        "y": 0.5403110384941101
    },
    "MIDDLE_FINGER_DIP": {
        "x": 0.7657341361045837,
        "y": 0.5317061543464661
    },
    "MIDDLE_FINGER_TIP": {
        "x": 0.7484194040298462,
        "y": 0.5371343493461609
    },
    "RING_FINGER_MCP": {
        "x": 0.8418651819229126,
        "y": 0.6003010272979736
    },
    "RING_FINGER_PIP": {
        "x": 0.7571165561676025,
        "y": 0.604354977607727
    },
    "RING_FINGER_DIP": {
        "x": 0.7423083782196045,
        "y": 0.6268925070762634
    },
    "RING_FINGER_TIP": {
        "x": 0.7584192156791687,
        "y": 0.634438693523407
    },
    "PINKY_MCP": {
        "x": 0.8490740060806274,
        "y": 0.6234585642814636
    },
    "PINKY_PIP": {
        "x": 0.7597461342811584,
        "y": 0.6358949542045593
    },
    "PINKY_DIP": {
        "x": 0.7518504858016968,
        "y": 0.6520758271217346
    },
    "PINKY_TIP": {
        "x": 0.7739856243133545,
        "y": 0.6567489504814148
    }
}