{
    "WRIST": {
        "x": 0.7780275940895081,
        "y": 0.6078569889068604
    },
    "THUMB_CMC": {
        "x": 0.747101902961731,
        "y": 0.5773379802703857
    },
    "THUMB_MCP": {
        "x": 0.7351692914962769,
        "y": 0.5429229736328125
    },
    "THUMB_IP": {
        "x": 0.7295351028442383,
        "y": 0.5172017216682434
    },
    "THUMB_TIP": {
        "x": 0.7244755625724792,
        "y": 0.5018576979637146
    },
    "INDEX_FINGER_MCP": {
        "x": 0.7915818691253662,
        "y": 0.5130434036254883
    },
    "INDEX_FINGER_PIP": {
        "x": 0.7503507137298584,
        "y": 0.4769020974636078
    },
    "INDEX_FINGER_DIP": {
        "x": 0.7071121335029602,
        "y": 0.46964237093925476
    },
    "INDEX_FINGER_TIP": {
        "x": 0.6786180734634399,
        "y": 0.4724051058292389
    },
    "MIDDLE_FINGER_MCP": {
        "x": 0.8077306151390076,
        "y": 0.5223450660705566
    },
    "MIDDLE_FINGER_PIP": {
        "x": 0.7156841158866882,
        "y": 0.5124803185462952
    },
    "MIDDLE_FINGER_DIP": {
        "x": 0.7022409439086914,
        "y": 0.5336068868637085
    },
    "MIDDLE_FINGER_TIP": {
        "x": 0.7188235521316528,
        "y": 0.5447025299072266
    },
    "RING_FINGER_MCP": {
        "x": 0.8065465092658997,
        "y": 0.5400710701942444
    },
    "RING_FINGER_PIP": {
        "x": 0.7112469673156738,
        "y": 0.5372817516326904
    },
    "RING_FINGER_DIP": {
        "x": 0.7099024653434753,
        "y": 0.5573646426200867
    },
    "RING_FINGER_TIP": {
        "x": 0.7334124445915222,
        "y": 0.5644413828849792
    },
    "PINKY_MCP": {
        "x": 0.7954583764076233,
        "y": 0.5600965619087219
    },
    "PINKY_PIP": {
        "x": 0.7160187363624573,
        "y": 0.5586891770362854
    },
    "PINKY_DIP": {
        "x": 0.7107727527618408,
        "y": 0.571696937084198
    },
    "PINKY_TIP": {
        "x": 0.728032648563385,
        "y": 0.5754397511482239
    }
}