{
    "WRIST": {
        "x": 0.7883552312850952,
        "y": 0.6937296986579895
    },
    "THUMB_CMC": {
        "x": 0.7312110662460327,
        "y": 0.6719793677330017
    },
    "THUMB_MCP": {
        "x": 0.7050641179084778,
        "y": 0.6280333399772644
    },
    "THUMB_IP": {
        "x": 0.6954377293586731,
        "y": 0.5934173464775085
    },
    "THUMB_TIP": {
        "x": 0.6891282200813293,
        "y": 0.5712332725524902
    },
    "INDEX_FINGER_MCP": {
        "x": 0.7628499269485474,
        "y": 0.5906386971473694
    },
    "INDEX_FINGER_PIP": {
        "x": 0.7473864555358887,
        "y": 0.5452122688293457
    },
    "INDEX_FINGER_DIP": {
        "x": 0.7265498638153076,
        "y": 0.5414337515830994
    },
    "INDEX_FINGER_TIP": {
        "x": 0.7166412472724915,
        "y": 0.5553709864616394
    },
    "MIDDLE_FINGER_MCP": {
        "x": 0.8088944554328918,
        "y": 0.598442554473877
    },
    "MIDDLE_FINGER_PIP": {
        "x": 0.8059325814247131,
        "y": 0.5504510402679443
    },
    "MIDDLE_FINGER_DIP": {
        "x": 0.7754937410354614,
        "y": 0.5509594678878784
    },
    "MIDDLE_FINGER_TIP": {
        "x": 0.7585395574569702,
        "y": 0.567450761795044
    },
    "RING_FINGER_MCP": {
        "x": 0.8402567505836487,
        "y": 0.616746723651886
    },
    "RING_FINGER_PIP": {
        "x": 0.769291877746582,
        "y": 0.6180174946784973
    },
    "RING_FINGER_DIP": {
        "x": 0.7477545738220215,
        "y": 0.63897305727005
    },
    "RING_FINGER_TIP": {
        "x": 0.7559739947319031,
        "y": 0.6494271755218506
    },
    "PINKY_MCP": {
        "x": 0.8525288701057434,
        "y": 0.6415699124336243
    },
    "PINKY_PIP": {
        "x": 0.7697758674621582,
        "y": 0.652277410030365
    },
    "PINKY_DIP": {
        "x": 0.7556220889091492,
        "y": 0.6664857864379883
    },
    "PINKY_TIP": {
        "x": 0.7708849906921387,
        "y": 0.6731114387512207
    }
}