{
    "WRIST": {
        "x": 0.822492778301239,
        "y": 0.588772177696228
    },
    "THUMB_CMC": {
        "x": 0.8101457953453064,
        "y": 0.5527921319007874
    },
    "THUMB_MCP": {
        "x": 0.78899747133255,
        "y": 0.5166558623313904
    },
    "THUMB_IP": {
        "x": 0.7558960318565369,
        "y": 0.4900457262992859
    },
    "THUMB_TIP": {
        "x": 0.7300915122032166,
        "y": 0.47495248913764954
    },
    "INDEX_FINGER_MCP": {
        "x": 0.8334712386131287,
        "y": 0.4924527108669281
    },
    "INDEX_FINGER_PIP": {
        "x": 0.7970095872879028,
        "y": 0.44797027111053467
    },
    "INDEX_FINGER_DIP": {
        "x": 0.7426782250404358,
        "y": 0.44595351815223694
    },
    "INDEX_FINGER_TIP": {
        "x": 0.7072228193283081,
        "y": 0.46001091599464417
    },
    "MIDDLE_FINGER_MCP": {
        "x": 0.8340135216712952,
        "y": 0.5096825957298279
    },
    "MIDDLE_FINGER_PIP": {
        "x": 0.7162057161331177,
        "y": 0.5010989308357239
    },
    "MIDDLE_FINGER_DIP": {
        "x": 0.690948486328125,
        "y": 0.5217989683151245
    },
    "MIDDLE_FINGER_TIP": {
        "x": 0.7035277485847473,
        "y": 0.5347517728805542
    },
    "RING_FINGER_MCP": {
        "x": 0.8203138709068298,
        "y": 0.5356831550598145
    },
    "RING_FINGER_PIP": {
        "x": 0.6914752721786499,
        "y": 0.5316469669342041
    },
    "RING_FINGER_DIP": {
        "x": 0.6923343539237976,
        "y": 0.5499472618103027
    },
    "RING_FINGER_TIP": {
        "x": 0.7204000949859619,
        "y": 0.5564016699790955
    },
    "PINKY_MCP": {
        "x": 0.797066330909729,
        "y": 0.5627228021621704
    },
    "PINKY_PIP": {
        "x": 0.6994761228561401,
        "y": 0.5592296719551086
    },
    "PINKY_DIP": {
        "x": 0.7041388154029846,
        "y": 0.5700886845588684
    },
    "PINKY_TIP": {
        "x": 0.728144645690918,
        "y": 0.5732896327972412
    }
}