{
    "WRIST": {
        "x": 0.8270638585090637,
        "y": 0.5860480070114136
    },
    "THUMB_CMC": {
        "x": 0.8152801394462585,
        "y": 0.5507621169090271
    },
    "THUMB_MCP": {
        "x": 0.790533721446991,
        "y": 0.5164538025856018
    },
    "THUMB_IP": {
        "x": 0.7536786794662476,
        "y": 0.4914252460002899
    },
    "THUMB_TIP": {
        "x": 0.7244629859924316,
        "y": 0.4775431156158447
    },
    "INDEX_FINGER_MCP": {
        "x": 0.8355042934417725,
        "y": 0.495063453912735
    },
    "INDEX_FINGER_PIP": {
        "x": 0.79661625623703,
        "y": 0.4510801434516907
    },
    "INDEX_FINGER_DIP": {
        "x": 0.7431225180625916,
        "y": 0.44714272022247314
    },
    "INDEX_FINGER_TIP": {
        "x": 0.7084609866142273,
        "y": 0.4595470726490021
    },
    "MIDDLE_FINGER_MCP": {
        "x": 0.8361552953720093,
        "y": 0.5127227902412415
    },
    "MIDDLE_FINGER_PIP": {
        "x": 0.7163403630256653,
        "y": 0.5026604533195496
    },
    "MIDDLE_FINGER_DIP": {
        "x": 0.6881868839263916,
        "y": 0.5202004313468933
    },
    "MIDDLE_FINGER_TIP": {
        "x": 0.6984966993331909,
        "y": 0.5330960154533386
    },
    "RING_FINGER_MCP": {
        "x": 0.8220531344413757,
        "y": 0.5386371612548828
    },
    "RING_FINGER_PIP": {
        "x": 0.693907618522644,
        "y": 0.530958890914917
    },
    "RING_FINGER_DIP": {
        "x": 0.6911826133728027,
        "y": 0.5461810827255249
    },
    "RING_FINGER_TIP": {
        "x": 0.7177645564079285,
        "y": 0.55304354429245
    },
    "PINKY_MCP": {
        "x": 0.7992086410522461,
        "y": 0.5650315880775452
    },
    "PINKY_PIP": {
        "x": 0.701858639717102,
        "y": 0.559718132019043
    },
    "PINKY_DIP": {
        "x": 0.7028587460517883,
        "y": 0.5683331489562988
    },
    "PINKY_TIP": {
        "x": 0.7241309881210327,
        "y": 0.571441113948822
    }
}