{
    "WRIST": {
        "x": 0.7696840763092041,
        "y": 0.5855923891067505
    },
    "THUMB_CMC": {
        "x": 0.7524852752685547,
        "y": 0.5482423305511475
    },
    "THUMB_MCP": {
        "x": 0.7384031414985657,
        "y": 0.5131262540817261
    },
    "THUMB_IP": {
        "x": 0.7172122597694397,
        "y": 0.49025627970695496
    },
    "THUMB_TIP": {
        "x": 0.7019780874252319,
        "y": 0.4805300235748291
    },
    "INDEX_FINGER_MCP": {
        "x": 0.7763145565986633,
        "y": 0.4942418038845062
    },
    "INDEX_FINGER_PIP": {
        "x": 0.7358859181404114,
        "y": 0.4592522084712982
    },
    "INDEX_FINGER_DIP": {
        "x": 0.6941860914230347,
        "y": 0.4622916281223297
    },
    "INDEX_FINGER_TIP": {
        "x": 0.6736503839492798,
        "y": 0.4730607271194458
    },
    "MIDDLE_FINGER_MCP": {
        "x": 0.7835797071456909,
        "y": 0.5065588355064392
    },
    "MIDDLE_FINGER_PIP": {
        "x": 0.7102860808372498,
        "y": 0.4872567653656006
    },
    "MIDDLE_FINGER_DIP": {
        "x": 0.6926272511482239,
        "y": 0.5090177655220032
    },
    "MIDDLE_FINGER_TIP": {
        "x": 0.7043700814247131,
        "y": 0.5227577686309814
    },
    "RING_FINGER_MCP": {
        "x": 0.7780536413192749,
        "y": 0.5253646373748779
    },
    "RING_FINGER_PIP": {
        "x": 0.6958190202713013,
        "y": 0.5168253779411316
    },
    "RING_FINGER_DIP": {
        "x": 0.6932262182235718,
        "y": 0.5370559692382812
    },
    "RING_FINGER_TIP": {
        "x": 0.7156796455383301,
        "y": 0.5459465980529785
    },
    "PINKY_MCP": {
        "x": 0.7637051343917847,
        "y": 0.5472162961959839
    },
    "PINKY_PIP": {
        "x": 0.6905937194824219,
        "y": 0.5422650575637817
    },
    "PINKY_DIP": {
        "x": 0.6887490749359131,
        "y": 0.5545247197151184
    },
    "PINKY_TIP": {
        "x": 0.7093538045883179,
        "y": 0.5600892901420593
    }
}