{
    "WRIST": {
        "x": 0.8211552500724792,
        "y": 0.5886316299438477
    },
    "THUMB_CMC": {
        "x": 0.8187323212623596,
        "y": 0.5497294664382935
    },
    "THUMB_MCP": {
        "x": 0.7943451404571533,
        "y": 0.5130122303962708
    },
    "THUMB_IP": {
        "x": 0.7559959888458252,
        "y": 0.48787179589271545
    },
    "THUMB_TIP": {
        "x": 0.7226153612136841,
        "y": 0.47264835238456726
    },
    "INDEX_FINGER_MCP": {
        "x": 0.8332633376121521,
        "y": 0.49586352705955505
    },
    "INDEX_FINGER_PIP": {
        "x": 0.7886239290237427,
        "y": 0.4518037736415863
    },
    "INDEX_FINGER_DIP": {
        "x": 0.7364203929901123,
        "y": 0.44852426648139954
    },
    "INDEX_FINGER_TIP": {
        "x": 0.7043787240982056,
        "y": 0.45937368273735046
    },
    "MIDDLE_FINGER_MCP": {
        "x": 0.8267286419868469,
        "y": 0.5132904648780823
    },
    "MIDDLE_FINGER_PIP": {
        "x": 0.7179887294769287,
        "y": 0.49891602993011475
    },
    "MIDDLE_FINGER_DIP": {
        "x": 0.6912960410118103,
        "y": 0.5162357687950134
    },
    "MIDDLE_FINGER_TIP": {
        "x": 0.6993944048881531,
        "y": 0.5278287529945374
    },
    "RING_FINGER_MCP": {
        "x": 0.8085071444511414,
        "y": 0.5384895205497742
    },
    "RING_FINGER_PIP": {
        "x": 0.6942914128303528,
        "y": 0.526824414730072
    },
    "RING_FINGER_DIP": {
        "x": 0.687936007976532,
        "y": 0.541423499584198
    },
    "RING_FINGER_TIP": {
        "x": 0.7078957557678223,
        "y": 0.549705982208252
    },
    "PINKY_MCP": {
        "x": 0.7833720445632935,
        "y": 0.563221275806427
    },
    "PINKY_PIP": {
        "x": 0.6993622779846191,
        "y": 0.5543539524078369
    },
    "PINKY_DIP": {
        "x": 0.6958885192871094,
        "y": 0.5628721117973328
    },
    "PINKY_TIP": {
        "x": 0.7077955007553101,
        "y": 0.5679342150688171
    }
}