{
    "WRIST": {
        "x": 0.7802307605743408,
        "y": 0.5881162881851196
    },
    "THUMB_CMC": {
        "x": 0.7592844367027283,
        "y": 0.5449256300926208
    },
    "THUMB_MCP": {
        "x": 0.7400134801864624,
        "y": 0.5089420676231384
    },
    "THUMB_IP": {
        "x": 0.7161228656768799,
        "y": 0.4863084852695465
    },
    "THUMB_TIP": {
        "x": 0.6999911665916443,
        "y": 0.4791474938392639
    },
    "INDEX_FINGER_MCP": {
        "x": 0.7923739552497864,
        "y": 0.48773765563964844
    },
    "INDEX_FINGER_PIP": {
        "x": 0.7706394195556641,
        "y": 0.45075201988220215
    },
    "INDEX_FINGER_DIP": {
        "x": 0.7255061864852905,
        "y": 0.4472888112068176
    },
    "INDEX_FINGER_TIP": {
        "x": 0.6979047656059265,
        "y": 0.455102801322937
    },
    "MIDDLE_FINGER_MCP": {
        "x": 0.792647123336792,
        "y": 0.49912044405937195
    },
    "MIDDLE_FINGER_PIP": {
        "x": 0.7009068727493286,
        "y": 0.4885439872741699
    },
    "MIDDLE_FINGER_DIP": {
        "x": 0.6792429685592651,
        "y": 0.510150671005249
    },
    "MIDDLE_FINGER_TIP": {
        "x": 0.6956322193145752,
        "y": 0.5214945673942566
    },
    "RING_FINGER_MCP": {
        "x": 0.7796903252601624,
        "y": 0.5196647644042969
    },
    "RING_FINGER_PIP": {
        "x": 0.6723681688308716,
        "y": 0.5170255303382874
    },
    "RING_FINGER_DIP": {
        "x": 0.6709415316581726,
        "y": 0.5361296534538269
    },
    "RING_FINGER_TIP": {
        "x": 0.7003918290138245,
        "y": 0.5392347574234009
    },
    "PINKY_MCP": {
        "x": 0.7573527097702026,
        "y": 0.543673574924469
    },
    "PINKY_PIP": {
        "x": 0.6675927042961121,
        "y": 0.5439248085021973
    },
    "PINKY_DIP": {
        "x": 0.6695100665092468,
        "y": 0.5572247505187988
    },
    "PINKY_TIP": {
        "x": 0.6974863409996033,
        "y": 0.5592087507247925
    }
}