{
    "WRIST": {
        "x": 0.8344892263412476,
        "y": 0.5887140035629272
    },
    "THUMB_CMC": {
        "x": 0.8202873468399048,
        "y": 0.5499906539916992
    },
    "THUMB_MCP": {
        "x": 0.793470025062561,
        "y": 0.5163574814796448
    },
    "THUMB_IP": {
        "x": 0.758682906627655,
        "y": 0.48942431807518005
    },
    "THUMB_TIP": {
        "x": 0.7363935708999634,
        "y": 0.47149229049682617
    },
    "INDEX_FINGER_MCP": {
        "x": 0.8416162133216858,
        "y": 0.4969415068626404
    },
    "INDEX_FINGER_PIP": {
        "x": 0.8099687099456787,
        "y": 0.45876428484916687
    },
    "INDEX_FINGER_DIP": {
        "x": 0.7604624629020691,
        "y": 0.4478271007537842
    },
    "INDEX_FINGER_TIP": {
        "x": 0.719554603099823,
        "y": 0.45138293504714966
    },
    "MIDDLE_FINGER_MCP": {
        "x": 0.8428947329521179,
        "y": 0.515479326248169
    },
    "MIDDLE_FINGER_PIP": {
        "x": 0.7211635112762451,
        "y": 0.5032455325126648
    },
    "MIDDLE_FINGER_DIP": {
        "x": 0.6836225986480713,
        "y": 0.5191358327865601
    },
    "MIDDLE_FINGER_TIP": {
        "x": 0.683477520942688,
        "y": 0.532404899597168
    },
    "RING_FINGER_MCP": {
        "x": 0.8280240297317505,
        "y": 0.5414694547653198
    },
    "RING_FINGER_PIP": {
        "x": 0.6960631608963013,
        "y": 0.5325960516929626
    },
    "RING_FINGER_DIP": {
        "x": 0.6857905387878418,
        "y": 0.5482684969902039
    },
    "RING_FINGER_TIP": {
        "x": 0.7077145576477051,
        "y": 0.5567749738693237
    },
    "PINKY_MCP": {
        "x": 0.8039624691009521,
        "y": 0.5681949257850647
    },
    "PINKY_PIP": {
        "x": 0.7035127878189087,
        "y": 0.562132716178894
    },
    "PINKY_DIP": {
        "x": 0.6998468041419983,
        "y": 0.5696753263473511
    },
    "PINKY_TIP": {
        "x": 0.7183017730712891,
        "y": 0.5726976990699768
    }
}