{
    "WRIST": {
        "x": 0.8164332509040833,
        "y": 0.6921065449714661
    },
    "THUMB_CMC": {
        "x": 0.744928777217865,
        "y": 0.680205762386322
    },
    "THUMB_MCP": {
        "x": 0.7153193950653076,
        "y": 0.6403054594993591
    },
    "THUMB_IP": {
        "x": 0.7720557451248169,
        "y": 0.6085761189460754
    },
    "THUMB_TIP": {
        "x": 0.842395007610321,
        "y": 0.5847914218902588
    },
    "INDEX_FINGER_MCP": {
        "x": 0.7184748649597168,
        "y": 0.5615355372428894
    },
    "INDEX_FINGER_PIP": {
        "x": 0.6795674562454224,
        "y": 0.5073569416999817
    },
    "INDEX_FINGER_DIP": {
        "x": 0.658092737197876,
        "y": 0.46761026978492737
    },
    "INDEX_FINGER_TIP": {
        "x": 0.6414021253585815,
        "y": 0.43207496404647827
    },
    "MIDDLE_FINGER_MCP": {
        "x": 0.7856220006942749,
        "y": 0.5543806552886963
    },
    "MIDDLE_FINGER_PIP": {
        "x": 0.7814624905586243,
        "y": 0.4857747554779053
    },
    "MIDDLE_FINGER_DIP": {
        "x": 0.7819128036499023,
        "y": 0.43956056237220764
    },
    "MIDDLE_FINGER_TIP": {
        "x": 0.7865737080574036,
        "y": 0.40104538202285767
    },
    "RING_FINGER_MCP": {
        "x": 0.8427743315696716,
        "y": 0.568777859210968
    },
    "RING_FINGER_PIP": {
        "x": 0.8850347995758057,
        "y": 0.5126520395278931
    },
    "RING_FINGER_DIP": {
        "x": 0.9179194569587708,
        "y": 0.4717327356338501
    },
    "RING_FINGER_TIP": {
        "x": 0.9464788436889648,
        "y": 0.4334041476249695
    },
    "PINKY_MCP": {
        "x": 0.8915088772773743,
        "y": 0.5956590175628662
    },
    "PINKY_PIP": {
        "x": 0.8829504251480103,
        "y": 0.5704168677330017
    },
    "PINKY_DIP": {
        "x": 0.8475738763809204,
        "y": 0.5896199941635132
    },
    "PINKY_TIP": {
        "x": 0.8249157667160034,
        "y": 0.6118242144584656
    }
}