{
    "WRIST": {
        "x": 0.7247132658958435,
        "y": 0.6369787454605103
    },
    "THUMB_CMC": {
        "x": 0.6665642261505127,
        "y": 0.6248878836631775
    },
    "THUMB_MCP": {
        "x": 0.6386483907699585,
        "y": 0.5842262506484985
    },
    "THUMB_IP": {
        "x": 0.6725200414657593,
        "y": 0.5539949536323547
    },
    "THUMB_TIP": {
        "x": 0.7122976183891296,
        "y": 0.534764289855957
    },
    "INDEX_FINGER_MCP": {
        "x": 0.6432008743286133,
        "y": 0.5317527055740356
    },
    "INDEX_FINGER_PIP": {
        "x": 0.609431266784668,
        "y": 0.4893430769443512
    },
    "INDEX_FINGER_DIP": {
        "x": 0.5876603126525879,
        "y": 0.46290677785873413
    },
    "INDEX_FINGER_TIP": {
        "x": 0.5726596117019653,
        "y": 0.44087347388267517
    },
    "MIDDLE_FINGER_MCP": {
        "x": 0.6906909346580505,
        "y": 0.5262469053268433
    },
    "MIDDLE_FINGER_PIP": {
        "x": 0.6825227737426758,
        "y": 0.46932530403137207
    },
    "MIDDLE_FINGER_DIP": {
        "x": 0.6758005619049072,
        "y": 0.4366351366043091
    },
    "MIDDLE_FINGER_TIP": {
        "x": 0.6763683557510376,
        "y": 0.4127905070781708
    },
    "RING_FINGER_MCP": {
        "x": 0.7326434850692749,
        "y": 0.5367240309715271
    },
    "RING_FINGER_PIP": {
        "x": 0.7525668144226074,
        "y": 0.48541831970214844
    },
    "RING_FINGER_DIP": {
        "x": 0.7598920464515686,
        "y": 0.45702090859413147
    },
    "RING_FINGER_TIP": {
        "x": 0.7700938582420349,
        "y": 0.4318692088127136
    },
    "PINKY_MCP": {
        "x": 0.770646333694458,
        "y": 0.5558357834815979
    },
    "PINKY_PIP": {
        "x": 0.7619947195053101,
        "y": 0.5285346508026123
    },
    "PINKY_DIP": {
        "x": 0.735774040222168,
        "y": 0.5447313189506531
    },
    "PINKY_TIP": {
        "x": 0.7218062877655029,
        "y": 0.5626047253608704
    }
}