{
    "WRIST": {
        "x": 0.7213186025619507,
        "y": 0.6289841532707214
    },
    "THUMB_CMC": {
        "x": 0.6659510135650635,
        "y": 0.6168118119239807
    },
    "THUMB_MCP": {
        "x": 0.6389214992523193,
        "y": 0.57916659116745
    },
    "THUMB_IP": {
        "x": 0.6733970642089844,
        "y": 0.5497527718544006
    },
    "THUMB_TIP": {
        "x": 0.7167322039604187,
        "y": 0.5300162434577942
    },
    "INDEX_FINGER_MCP": {
        "x": 0.6441137194633484,
        "y": 0.5287291407585144
    },
    "INDEX_FINGER_PIP": {
        "x": 0.6103206872940063,
        "y": 0.48680731654167175
    },
    "INDEX_FINGER_DIP": {
        "x": 0.5868721604347229,
        "y": 0.4607733190059662
    },
    "INDEX_FINGER_TIP": {
        "x": 0.5702188014984131,
        "y": 0.43879878520965576
    },
    "MIDDLE_FINGER_MCP": {
        "x": 0.6911346912384033,
        "y": 0.5224999785423279
    },
    "MIDDLE_FINGER_PIP": {
        "x": 0.6842445135116577,
        "y": 0.46642863750457764
    },
    "MIDDLE_FINGER_DIP": {
        "x": 0.676938533782959,
        "y": 0.43360158801078796
    },
    "MIDDLE_FINGER_TIP": {
        "x": 0.6764876246452332,
        "y": 0.4096805453300476
    },
    "RING_FINGER_MCP": {
        "x": 0.7328583002090454,
        "y": 0.5324367880821228
    },
    "RING_FINGER_PIP": {
        "x": 0.7526166439056396,
        "y": 0.48154589533805847
    },
    "RING_FINGER_DIP": {
        "x": 0.7588194608688354,
        "y": 0.4519142806529999
    },
    "RING_FINGER_TIP": {
        "x": 0.7667209506034851,
        "y": 0.42691290378570557
    },
    "PINKY_MCP": {
        "x": 0.7705932259559631,
        "y": 0.5509543418884277
    },
    "PINKY_PIP": {
        "x": 0.7613260746002197,
        "y": 0.5247679948806763
    },
    "PINKY_DIP": {
        "x": 0.7347656488418579,
        "y": 0.5411946773529053
    },
    "PINKY_TIP": {
        "x": 0.7189003229141235,
        "y": 0.5606983304023743
    }
}