{
    "WRIST": {
        "x": 0.779775857925415,
        "y": 0.6853662729263306
    },
    "THUMB_CMC": {
        "x": 0.723450779914856,
        "y": 0.6820918321609497
    },
    "THUMB_MCP": {
        "x": 0.7135332226753235,
        "y": 0.6564369797706604
    },
    "THUMB_IP": {
        "x": 0.7512139678001404,
        "y": 0.6399135589599609
    },
    "THUMB_TIP": {
        "x": 0.8017196655273438,
        "y": 0.6335524916648865
    },
    "INDEX_FINGER_MCP": {
        "x": 0.7116656303405762,
        "y": 0.5711106657981873
    },
    "INDEX_FINGER_PIP": {
        "x": 0.6898149251937866,
        "y": 0.5287240147590637
    },
    "INDEX_FINGER_DIP": {
        "x": 0.6912776827812195,
        "y": 0.5157621502876282
    },
    "INDEX_FINGER_TIP": {
        "x": 0.6964837312698364,
        "y": 0.5222195982933044
    },
    "MIDDLE_FINGER_MCP": {
        "x": 0.7704073190689087,
        "y": 0.5709205865859985
    },
    "MIDDLE_FINGER_PIP": {
        "x": 0.8064330816268921,
        "y": 0.5174074172973633
    },
    "MIDDLE_FINGER_DIP": {
        "x": 0.8030880689620972,
        "y": 0.5193922519683838
    },
    "MIDDLE_FINGER_TIP": {
        "x": 0.7899100184440613,
        "y": 0.5356742739677429
    },
    "RING_FINGER_MCP": {
        "x": 0.8194025754928589,
        "y": 0.5908440947532654
    },
    "RING_FINGER_PIP": {
        "x": 0.863349974155426,
        "y": 0.553563117980957
    },
    "RING_FINGER_DIP": {
        "x": 0.8376858234405518,
        "y": 0.5706424117088318
    },
    "RING_FINGER_TIP": {
        "x": 0.8059306144714355,
        "y": 0.5896754264831543
    },
    "PINKY_MCP": {
        "x": 0.8569222092628479,
        "y": 0.6204376816749573
    },
    "PINKY_PIP": {
        "x": 0.8758559823036194,
        "y": 0.613534152507782
    },
    "PINKY_DIP": {
        "x": 0.8481151461601257,
        "y": 0.6281015276908875
    },
    "PINKY_TIP": {
        "x": 0.8155505061149597,
        "y": 0.6411452293395996
    }
}