{
    "WRIST": {
        "x": 0.7308445572853088,
        "y": 0.6463580131530762
    },
    "THUMB_CMC": {
        "x": 0.6772572994232178,
        "y": 0.6368271112442017
    },
    "THUMB_MCP": {
        "x": 0.6515179872512817,
        "y": 0.596011757850647
    },
    "THUMB_IP": {
        "x": 0.6941866874694824,
        "y": 0.5655750036239624
    },
    "THUMB_TIP": {
        "x": 0.736578106880188,
        "y": 0.5442927479743958
    },
    "INDEX_FINGER_MCP": {
        "x": 0.6528624296188354,
        "y": 0.5457539558410645
    },
    "INDEX_FINGER_PIP": {
        "x": 0.6225468516349792,
        "y": 0.5025587677955627
    },
    "INDEX_FINGER_DIP": {
        "x": 0.6037707924842834,
        "y": 0.4739450514316559
    },
    "INDEX_FINGER_TIP": {
        "x": 0.5908926725387573,
        "y": 0.4498928189277649
    },
    "MIDDLE_FINGER_MCP": {
        "x": 0.7011633515357971,
        "y": 0.5384336113929749
    },
    "MIDDLE_FINGER_PIP": {
        "x": 0.6841018199920654,
        "y": 0.485843300819397
    },
    "MIDDLE_FINGER_DIP": {
        "x": 0.6748741269111633,
        "y": 0.4521911144256592
    },
    "MIDDLE_FINGER_TIP": {
        "x": 0.6707269549369812,
        "y": 0.42704325914382935
    },
    "RING_FINGER_MCP": {
        "x": 0.7450853586196899,
        "y": 0.5463807582855225
    },
    "RING_FINGER_PIP": {
        "x": 0.7516476511955261,
        "y": 0.49621137976646423
    },
    "RING_FINGER_DIP": {
        "x": 0.7516748905181885,
        "y": 0.46571651101112366
    },
    "RING_FINGER_TIP": {
        "x": 0.7542917728424072,
        "y": 0.4398384690284729
    },
    "PINKY_MCP": {
        "x": 0.7844718098640442,
        "y": 0.5634816884994507
    },
    "PINKY_PIP": {
        "x": 0.7673110961914062,
        "y": 0.5424892902374268
    },
    "PINKY_DIP": {
        "x": 0.7434766292572021,
        "y": 0.5623309016227722
    },
    "PINKY_TIP": {
        "x": 0.7322877049446106,
        "y": 0.5831396579742432
    }
}