{
    "WRIST": {
        "x": 0.771003246307373,
        "y": 0.6978487968444824
    },
    "THUMB_CMC": {
        "x": 0.7144322395324707,
        "y": 0.6920047998428345
    },
    "THUMB_MCP": {
        "x": 0.6921316385269165,
        "y": 0.6612367033958435
    },
    "THUMB_IP": {
        "x": 0.7363296747207642,
        "y": 0.6392318606376648
    },
    "THUMB_TIP": {
        "x": 0.7901259064674377,
        "y": 0.6298379898071289
    },
    "INDEX_FINGER_MCP": {
        "x": 0.6918930411338806,
        "y": 0.5779470801353455
    },
    "INDEX_FINGER_PIP": {
        "x": 0.6732818484306335,
        "y": 0.5320505499839783
    },
    "INDEX_FINGER_DIP": {
        "x": 0.6762583255767822,
        "y": 0.5311868190765381
    },
    "INDEX_FINGER_TIP": {
        "x": 0.6821222305297852,
        "y": 0.5503484010696411
    },
    "MIDDLE_FINGER_MCP": {
        "x": 0.7523813247680664,
        "y": 0.5741294622421265
    },
    "MIDDLE_FINGER_PIP": {
        "x": 0.7765157222747803,
        "y": 0.5156546831130981
    },
    "MIDDLE_FINGER_DIP": {
        "x": 0.7782187461853027,
        "y": 0.5160091519355774
    },
    "MIDDLE_FINGER_TIP": {
        "x": 0.7726725339889526,
        "y": 0.5335798263549805
    },
    "RING_FINGER_MCP": {
        "x": 0.8035687804222107,
        "y": 0.5909718871116638
    },
    "RING_FINGER_PIP": {
        "x": 0.8332713842391968,
        "y": 0.5462111234664917
    },
    "RING_FINGER_DIP": {
        "x": 0.8199032545089722,
        "y": 0.558157205581665
    },
    "RING_FINGER_TIP": {
        "x": 0.8028196096420288,
        "y": 0.5781088471412659
    },
    "PINKY_MCP": {
        "x": 0.8450666069984436,
        "y": 0.6196790337562561
    },
    "PINKY_PIP": {
        "x": 0.8451465368270874,
        "y": 0.6065638661384583
    },
    "PINKY_DIP": {
        "x": 0.819007396697998,
        "y": 0.6191300749778748
    },
    "PINKY_TIP": {
        "x": 0.7951209545135498,
        "y": 0.6351917386054993
    }
}