{
    "WRIST": {
        "x": 0.7421943545341492,
        "y": 0.6830625534057617
    },
    "THUMB_CMC": {
        "x": 0.6891769766807556,
        "y": 0.6706821918487549
    },
    "THUMB_MCP": {
        "x": 0.6742719411849976,
        "y": 0.6342490911483765
    },
    "THUMB_IP": {
        "x": 0.6926497220993042,
        "y": 0.6065322756767273
    },
    "THUMB_TIP": {
        "x": 0.7135452628135681,
        "y": 0.5902458429336548
    },
    "INDEX_FINGER_MCP": {
        "x": 0.6953048706054688,
        "y": 0.5641458034515381
    },
    "INDEX_FINGER_PIP": {
        "x": 0.6908546090126038,
        "y": 0.52096027135849
    },
    "INDEX_FINGER_DIP": {
        "x": 0.6768941283226013,
        "y": 0.5199974775314331
    },
    "INDEX_FINGER_TIP": {
        "x": 0.6653385162353516,
        "y": 0.5301479697227478
    },
    "MIDDLE_FINGER_MCP": {
        "x": 0.7459186911582947,
        "y": 0.5657300353050232
    },
    "MIDDLE_FINGER_PIP": {
        "x": 0.7744563817977905,
        "y": 0.5056310296058655
    },
    "MIDDLE_FINGER_DIP": {
        "x": 0.7670658826828003,
        "y": 0.48863649368286133
    },
    "MIDDLE_FINGER_TIP": {
        "x": 0.7535381317138672,
        "y": 0.48159822821617126
    },
    "RING_FINGER_MCP": {
        "x": 0.7875370979309082,
        "y": 0.5864558219909668
    },
    "RING_FINGER_PIP": {
        "x": 0.8177125453948975,
        "y": 0.5391282439231873
    },
    "RING_FINGER_DIP": {
        "x": 0.7849131226539612,
        "y": 0.5464927554130554
    },
    "RING_FINGER_TIP": {
        "x": 0.7546778917312622,
        "y": 0.5585734844207764
    },
    "PINKY_MCP": {
        "x": 0.8182161450386047,
        "y": 0.6165733337402344
    },
    "PINKY_PIP": {
        "x": 0.8148908615112305,
        "y": 0.5985064506530762
    },
    "PINKY_DIP": {
        "x": 0.7798498868942261,
        "y": 0.6076257228851318
    },
    "PINKY_TIP": {
        "x": 0.75261390209198,
        "y": 0.6197910904884338
    }
}