{
    "WRIST": {
        "x": 0.7967026233673096,
        "y": 0.6902101635932922
    },
    "THUMB_CMC": {
        "x": 0.7346601486206055,
        "y": 0.6828710436820984
    },
    "THUMB_MCP": {
        "x": 0.7082071304321289,
        "y": 0.6517294645309448
    },
    "THUMB_IP": {
        "x": 0.7367982864379883,
        "y": 0.6320457458496094
    },
    "THUMB_TIP": {
        "x": 0.7844009399414062,
        "y": 0.6203814148902893
    },
    "INDEX_FINGER_MCP": {
        "x": 0.719632625579834,
        "y": 0.5624672770500183
    },
    "INDEX_FINGER_PIP": {
        "x": 0.7047042846679688,
        "y": 0.5087339878082275
    },
    "INDEX_FINGER_DIP": {
        "x": 0.6994156837463379,
        "y": 0.46697303652763367
    },
    "INDEX_FINGER_TIP": {
        "x": 0.6991913914680481,
        "y": 0.43348246812820435
    },
    "MIDDLE_FINGER_MCP": {
        "x": 0.7816524505615234,
        "y": 0.5632207989692688
    },
    "MIDDLE_FINGER_PIP": {
        "x": 0.8125087022781372,
        "y": 0.5142761468887329
    },
    "MIDDLE_FINGER_DIP": {
        "x": 0.820366621017456,
        "y": 0.49701055884361267
    },
    "MIDDLE_FINGER_TIP": {
        "x": 0.822462797164917,
        "y": 0.49334797263145447
    },
    "RING_FINGER_MCP": {
        "x": 0.8331883549690247,
        "y": 0.5835081338882446
    },
    "RING_FINGER_PIP": {
        "x": 0.8730724453926086,
        "y": 0.55545973777771
    },
    "RING_FINGER_DIP": {
        "x": 0.8381204009056091,
        "y": 0.5789408683776855
    },
    "RING_FINGER_TIP": {
        "x": 0.8054383993148804,
        "y": 0.599638819694519
    },
    "PINKY_MCP": {
        "x": 0.8732170462608337,
        "y": 0.6137843132019043
    },
    "PINKY_PIP": {
        "x": 0.8757883906364441,
        "y": 0.6084698438644409
    },
    "PINKY_DIP": {
        "x": 0.8388775587081909,
        "y": 0.6299507021903992
    },
    "PINKY_TIP": {
        "x": 0.8070970773696899,
        "y": 0.6456196308135986
    }
}