{
    "WRIST": {
        "x": 0.7155150175094604,
        "y": 0.6217666268348694
    },
    "THUMB_CMC": {
        "x": 0.6661877036094666,
        "y": 0.6088104248046875
    },
    "THUMB_MCP": {
        "x": 0.6428101658821106,
        "y": 0.5749448537826538
    },
    "THUMB_IP": {
        "x": 0.6812494993209839,
        "y": 0.5462981462478638
    },
    "THUMB_TIP": {
        "x": 0.7302666306495667,
        "y": 0.5258166193962097
    },
    "INDEX_FINGER_MCP": {
        "x": 0.6470469236373901,
        "y": 0.5225756764411926
    },
    "INDEX_FINGER_PIP": {
        "x": 0.6131669878959656,
        "y": 0.47947394847869873
    },
    "INDEX_FINGER_DIP": {
        "x": 0.590947151184082,
        "y": 0.45299747586250305
    },
    "INDEX_FINGER_TIP": {
        "x": 0.5749654769897461,
        "y": 0.43168550729751587
    },
    "MIDDLE_FINGER_MCP": {
        "x": 0.6972085237503052,
        "y": 0.516761064529419
    },
    "MIDDLE_FINGER_PIP": {
        "x": 0.6909651756286621,
        "y": 0.4608097970485687
    },
    "MIDDLE_FINGER_DIP": {
        "x": 0.6867220401763916,
        "y": 0.427548885345459
    },
    "MIDDLE_FINGER_TIP": {
        "x": 0.6875706315040588,
        "y": 0.4030132293701172
    },
    "RING_FINGER_MCP": {
        "x": 0.7406454682350159,
        "y": 0.5275154113769531
    },
    "RING_FINGER_PIP": {
        "x": 0.766779363155365,
        "y": 0.47837743163108826
    },
    "RING_FINGER_DIP": {
        "x": 0.7807396650314331,
        "y": 0.446756511926651
    },
    "RING_FINGER_TIP": {
        "x": 0.794302761554718,
        "y": 0.4209153354167938
    },
    "PINKY_MCP": {
        "x": 0.7785444259643555,
        "y": 0.5469318628311157
    },
    "PINKY_PIP": {
        "x": 0.7709139585494995,
        "y": 0.5216850638389587
    },
    "PINKY_DIP": {
        "x": 0.7423639893531799,
        "y": 0.5369443297386169
    },
    "PINKY_TIP": {
        "x": 0.7237836718559265,
        "y": 0.5565123558044434
    }
}