{
    "WRIST": {
        "x": 0.7917083501815796,
        "y": 0.6935283541679382
    },
    "THUMB_CMC": {
        "x": 0.737031877040863,
        "y": 0.6939363479614258
    },
    "THUMB_MCP": {
        "x": 0.7226980924606323,
        "y": 0.6662840247154236
    },
    "THUMB_IP": {
        "x": 0.775229811668396,
        "y": 0.6475222110748291
    },
    "THUMB_TIP": {
        "x": 0.8358584642410278,
        "y": 0.6341338753700256
    },
    "INDEX_FINGER_MCP": {
        "x": 0.7254166603088379,
        "y": 0.5736970901489258
    },
    "INDEX_FINGER_PIP": {
        "x": 0.7079989910125732,
        "y": 0.5343799591064453
    },
    "INDEX_FINGER_DIP": {
        "x": 0.7009337544441223,
        "y": 0.517646849155426
    },
    "INDEX_FINGER_TIP": {
        "x": 0.6959024667739868,
        "y": 0.5260583162307739
    },
    "MIDDLE_FINGER_MCP": {
        "x": 0.7874077558517456,
        "y": 0.5693142414093018
    },
    "MIDDLE_FINGER_PIP": {
        "x": 0.8226941227912903,
        "y": 0.5141561627388
    },
    "MIDDLE_FINGER_DIP": {
        "x": 0.813224732875824,
        "y": 0.5187404751777649
    },
    "MIDDLE_FINGER_TIP": {
        "x": 0.7977439761161804,
        "y": 0.5434943437576294
    },
    "RING_FINGER_MCP": {
        "x": 0.8370893001556396,
        "y": 0.5874811410903931
    },
    "RING_FINGER_PIP": {
        "x": 0.8769909739494324,
        "y": 0.5464068651199341
    },
    "RING_FINGER_DIP": {
        "x": 0.8480562567710876,
        "y": 0.5704882144927979
    },
    "RING_FINGER_TIP": {
        "x": 0.8212074041366577,
        "y": 0.5964018702507019
    },
    "PINKY_MCP": {
        "x": 0.8754201531410217,
        "y": 0.6170229315757751
    },
    "PINKY_PIP": {
        "x": 0.8790584802627563,
        "y": 0.6100853085517883
    },
    "PINKY_DIP": {
        "x": 0.8453007936477661,
        "y": 0.6305466294288635
    },
    "PINKY_TIP": {
        "x": 0.8174777626991272,
        "y": 0.6478651165962219
    }
}