{
    "WRIST": {
        "x": 0.7969982624053955,
        "y": 0.6739619374275208
    },
    "THUMB_CMC": {
        "x": 0.7351783514022827,
        "y": 0.6661220788955688
    },
    "THUMB_MCP": {
        "x": 0.7102453112602234,
        "y": 0.637873113155365
    },
    "THUMB_IP": {
        "x": 0.7500863075256348,
        "y": 0.6159559488296509
    },
    "THUMB_TIP": {
        "x": 0.8097872138023376,
        "y": 0.6050079464912415
    },
    "INDEX_FINGER_MCP": {
        "x": 0.719392716884613,
        "y": 0.5516773462295532
    },
    "INDEX_FINGER_PIP": {
        "x": 0.6881406903266907,
        "y": 0.49509939551353455
    },
    "INDEX_FINGER_DIP": {
        "x": 0.6715757250785828,
        "y": 0.45810046792030334
    },
    "INDEX_FINGER_TIP": {
        "x": 0.6626291871070862,
        "y": 0.4217991828918457
    },
    "MIDDLE_FINGER_MCP": {
        "x": 0.7861204147338867,
        "y": 0.5513142347335815
    },
    "MIDDLE_FINGER_PIP": {
        "x": 0.8157500624656677,
        "y": 0.4944658875465393
    },
    "MIDDLE_FINGER_DIP": {
        "x": 0.8338543772697449,
        "y": 0.46203845739364624
    },
    "MIDDLE_FINGER_TIP": {
        "x": 0.8532936573028564,
        "y": 0.42692285776138306
    },
    "RING_FINGER_MCP": {
        "x": 0.8411552309989929,
        "y": 0.570427417755127
    },
    "RING_FINGER_PIP": {
        "x": 0.8648037910461426,
        "y": 0.5622444748878479
    },
    "RING_FINGER_DIP": {
        "x": 0.8252375721931458,
        "y": 0.6023514270782471
    },
    "RING_FINGER_TIP": {
        "x": 0.7933188676834106,
        "y": 0.6249796152114868
    },
    "PINKY_MCP": {
        "x": 0.8796993494033813,
        "y": 0.6011049747467041
    },
    "PINKY_PIP": {
        "x": 0.8752031922340393,
        "y": 0.6122191548347473
    },
    "PINKY_DIP": {
        "x": 0.8257787823677063,
        "y": 0.6402504444122314
    },
    "PINKY_TIP": {
        "x": 0.7826442718505859,
        "y": 0.6600297689437866
    }
}