{
    "WRIST": {
        "x": 0.7229652404785156,
        "y": 0.6296674609184265
    },
    "THUMB_CMC": {
        "x": 0.6670979261398315,
        "y": 0.6175446510314941
    },
    "THUMB_MCP": {
        "x": 0.6358835697174072,
        "y": 0.5785313248634338
    },
    "THUMB_IP": {
        "x": 0.6718116402626038,
        "y": 0.5474705696105957
    },
    "THUMB_TIP": {
        "x": 0.7171798348426819,
        "y": 0.5271657705307007
    },
    "INDEX_FINGER_MCP": {
        "x": 0.6468397378921509,
        "y": 0.5262805819511414
    },
    "INDEX_FINGER_PIP": {
        "x": 0.6125962734222412,
        "y": 0.4836381673812866
    },
    "INDEX_FINGER_DIP": {
        "x": 0.5891928672790527,
        "y": 0.4575638771057129
    },
    "INDEX_FINGER_TIP": {
        "x": 0.5732384920120239,
        "y": 0.4362265467643738
    },
    "MIDDLE_FINGER_MCP": {
        "x": 0.6960848569869995,
        "y": 0.5192086696624756
    },
    "MIDDLE_FINGER_PIP": {
        "x": 0.6891970038414001,
        "y": 0.4627089500427246
    },
    "MIDDLE_FINGER_DIP": {
        "x": 0.6822740435600281,
        "y": 0.4303604066371918
    },
    "MIDDLE_FINGER_TIP": {
        "x": 0.6823814511299133,
        "y": 0.40704527497291565
    },
    "RING_FINGER_MCP": {
        "x": 0.7382940649986267,
        "y": 0.5291640162467957
    },
    "RING_FINGER_PIP": {
        "x": 0.7593629956245422,
        "y": 0.478839248418808
    },
    "RING_FINGER_DIP": {
        "x": 0.7675740122795105,
        "y": 0.4515393078327179
    },
    "RING_FINGER_TIP": {
        "x": 0.7769170999526978,
        "y": 0.42811766266822815
    },
    "PINKY_MCP": {
        "x": 0.7754427194595337,
        "y": 0.547796368598938
    },
    "PINKY_PIP": {
        "x": 0.7639740705490112,
        "y": 0.5235364437103271
    },
    "PINKY_DIP": {
        "x": 0.7370131611824036,
        "y": 0.5405793190002441
    },
    "PINKY_TIP": {
        "x": 0.7212653160095215,
        "y": 0.5595365166664124
    }
}