{
    "WRIST": {
        "x": 0.813222348690033,
        "y": 0.6980510950088501
    },
    "THUMB_CMC": {
        "x": 0.7429349422454834,
        "y": 0.6804074048995972
    },
    "THUMB_MCP": {
        "x": 0.7206720113754272,
        "y": 0.6370890736579895
    },
    "THUMB_IP": {
        "x": 0.7889737486839294,
        "y": 0.606411874294281
    },
    "THUMB_TIP": {
        "x": 0.8623947501182556,
        "y": 0.5818212628364563
    },
    "INDEX_FINGER_MCP": {
        "x": 0.7239141464233398,
        "y": 0.5575782656669617
    },
    "INDEX_FINGER_PIP": {
        "x": 0.6881787180900574,
        "y": 0.5012006759643555
    },
    "INDEX_FINGER_DIP": {
        "x": 0.6663177013397217,
        "y": 0.4621325731277466
    },
    "INDEX_FINGER_TIP": {
        "x": 0.6485112905502319,
        "y": 0.42798465490341187
    },
    "MIDDLE_FINGER_MCP": {
        "x": 0.7953462600708008,
        "y": 0.5508082509040833
    },
    "MIDDLE_FINGER_PIP": {
        "x": 0.7987914085388184,
        "y": 0.48126891255378723
    },
    "MIDDLE_FINGER_DIP": {
        "x": 0.8041303753852844,
        "y": 0.43393903970718384
    },
    "MIDDLE_FINGER_TIP": {
        "x": 0.8134795427322388,
        "y": 0.3975174129009247
    },
    "RING_FINGER_MCP": {
        "x": 0.8539493083953857,
        "y": 0.5674101710319519
    },
    "RING_FINGER_PIP": {
        "x": 0.8981282114982605,
        "y": 0.5077446103096008
    },
    "RING_FINGER_DIP": {
        "x": 0.9327809810638428,
        "y": 0.4629914164543152
    },
    "RING_FINGER_TIP": {
        "x": 0.964493989944458,
        "y": 0.4231141209602356
    },
    "PINKY_MCP": {
        "x": 0.902789294719696,
        "y": 0.5968526601791382
    },
    "PINKY_PIP": {
        "x": 0.8952892422676086,
        "y": 0.568413257598877
    },
    "PINKY_DIP": {
        "x": 0.8578709959983826,
        "y": 0.5880475044250488
    },
    "PINKY_TIP": {
        "x": 0.8349955677986145,
        "y": 0.6123486161231995
    }
}