{
    "WRIST": {
        "x": 0.8178662061691284,
        "y": 0.6984580755233765
    },
    "THUMB_CMC": {
        "x": 0.7448840141296387,
        "y": 0.6834892630577087
    },
    "THUMB_MCP": {
        "x": 0.7103323340415955,
        "y": 0.6371179819107056
    },
    "THUMB_IP": {
        "x": 0.7711554765701294,
        "y": 0.6022588610649109
    },
    "THUMB_TIP": {
        "x": 0.8436992764472961,
        "y": 0.5788293480873108
    },
    "INDEX_FINGER_MCP": {
        "x": 0.7111373543739319,
        "y": 0.5592049956321716
    },
    "INDEX_FINGER_PIP": {
        "x": 0.6725338101387024,
        "y": 0.5030713081359863
    },
    "INDEX_FINGER_DIP": {
        "x": 0.6477959156036377,
        "y": 0.4635846018791199
    },
    "INDEX_FINGER_TIP": {
        "x": 0.6300760507583618,
        "y": 0.4288191795349121
    },
    "MIDDLE_FINGER_MCP": {
        "x": 0.7806383371353149,
        "y": 0.5513231754302979
    },
    "MIDDLE_FINGER_PIP": {
        "x": 0.7732448577880859,
        "y": 0.48046696186065674
    },
    "MIDDLE_FINGER_DIP": {
        "x": 0.7694425582885742,
        "y": 0.43608856201171875
    },
    "MIDDLE_FINGER_TIP": {
        "x": 0.7703455090522766,
        "y": 0.40089645981788635
    },
    "RING_FINGER_MCP": {
        "x": 0.8391543626785278,
        "y": 0.5661108493804932
    },
    "RING_FINGER_PIP": {
        "x": 0.8764190673828125,
        "y": 0.5048952698707581
    },
    "RING_FINGER_DIP": {
        "x": 0.9024006128311157,
        "y": 0.4641721546649933
    },
    "RING_FINGER_TIP": {
        "x": 0.9266348481178284,
        "y": 0.42562422156333923
    },
    "PINKY_MCP": {
        "x": 0.8888555765151978,
        "y": 0.5944066643714905
    },
    "PINKY_PIP": {
        "x": 0.8785850405693054,
        "y": 0.5654788017272949
    },
    "PINKY_DIP": {
        "x": 0.8440946340560913,
        "y": 0.5855424404144287
    },
    "PINKY_TIP": {
        "x": 0.825208842754364,
        "y": 0.6073437929153442
    }
}