{
    "WRIST": {
        "x": 0.7455255389213562,
        "y": 0.6399382948875427
    },
    "THUMB_CMC": {
        "x": 0.6931474208831787,
        "y": 0.6304697394371033
    },
    "THUMB_MCP": {
        "x": 0.6649072766304016,
        "y": 0.6018130779266357
    },
    "THUMB_IP": {
        "x": 0.6929974555969238,
        "y": 0.5770890712738037
    },
    "THUMB_TIP": {
        "x": 0.7287508845329285,
        "y": 0.5584442019462585
    },
    "INDEX_FINGER_MCP": {
        "x": 0.6561036705970764,
        "y": 0.5426440834999084
    },
    "INDEX_FINGER_PIP": {
        "x": 0.6281412243843079,
        "y": 0.501401424407959
    },
    "INDEX_FINGER_DIP": {
        "x": 0.6080971956253052,
        "y": 0.4769218862056732
    },
    "INDEX_FINGER_TIP": {
        "x": 0.5925216674804688,
        "y": 0.4567197859287262
    },
    "MIDDLE_FINGER_MCP": {
        "x": 0.7027938961982727,
        "y": 0.5357497334480286
    },
    "MIDDLE_FINGER_PIP": {
        "x": 0.6842079758644104,
        "y": 0.4782867133617401
    },
    "MIDDLE_FINGER_DIP": {
        "x": 0.6758937835693359,
        "y": 0.44734251499176025
    },
    "MIDDLE_FINGER_TIP": {
        "x": 0.6727482080459595,
        "y": 0.42377424240112305
    },
    "RING_FINGER_MCP": {
        "x": 0.7474889755249023,
        "y": 0.5446774363517761
    },
    "RING_FINGER_PIP": {
        "x": 0.747029721736908,
        "y": 0.49453219771385193
    },
    "RING_FINGER_DIP": {
        "x": 0.74217289686203,
        "y": 0.47158437967300415
    },
    "RING_FINGER_TIP": {
        "x": 0.737565279006958,
        "y": 0.4532720446586609
    },
    "PINKY_MCP": {
        "x": 0.7915235161781311,
        "y": 0.5635308027267456
    },
    "PINKY_PIP": {
        "x": 0.7733697295188904,
        "y": 0.5477725863456726
    },
    "PINKY_DIP": {
        "x": 0.7477966547012329,
        "y": 0.5637030601501465
    },
    "PINKY_TIP": {
        "x": 0.7312566041946411,
        "y": 0.579603374004364
    }
}