{
    "WRIST": {
        "x": 0.8001614809036255,
        "y": 0.6936402916908264
    },
    "THUMB_CMC": {
        "x": 0.7298676371574402,
        "y": 0.6846591830253601
    },
    "THUMB_MCP": {
        "x": 0.706024169921875,
        "y": 0.6401481628417969
    },
    "THUMB_IP": {
        "x": 0.7696975469589233,
        "y": 0.6072070002555847
    },
    "THUMB_TIP": {
        "x": 0.835685133934021,
        "y": 0.5805420875549316
    },
    "INDEX_FINGER_MCP": {
        "x": 0.7109583020210266,
        "y": 0.5645603537559509
    },
    "INDEX_FINGER_PIP": {
        "x": 0.6745434403419495,
        "y": 0.5099833607673645
    },
    "INDEX_FINGER_DIP": {
        "x": 0.6506848335266113,
        "y": 0.4693332016468048
    },
    "INDEX_FINGER_TIP": {
        "x": 0.6312553882598877,
        "y": 0.43431776762008667
    },
    "MIDDLE_FINGER_MCP": {
        "x": 0.7791751027107239,
        "y": 0.5547348260879517
    },
    "MIDDLE_FINGER_PIP": {
        "x": 0.7695328593254089,
        "y": 0.4918718934059143
    },
    "MIDDLE_FINGER_DIP": {
        "x": 0.7603161334991455,
        "y": 0.44561415910720825
    },
    "MIDDLE_FINGER_TIP": {
        "x": 0.7548328638076782,
        "y": 0.40771645307540894
    },
    "RING_FINGER_MCP": {
        "x": 0.8370381593704224,
        "y": 0.5674825310707092
    },
    "RING_FINGER_PIP": {
        "x": 0.8789665699005127,
        "y": 0.5142365097999573
    },
    "RING_FINGER_DIP": {
        "x": 0.9117229580879211,
        "y": 0.4696393311023712
    },
    "RING_FINGER_TIP": {
        "x": 0.9410455822944641,
        "y": 0.4279511570930481
    },
    "PINKY_MCP": {
        "x": 0.8842654824256897,
        "y": 0.5939092040061951
    },
    "PINKY_PIP": {
        "x": 0.8770760297775269,
        "y": 0.5694663524627686
    },
    "PINKY_DIP": {
        "x": 0.8416409492492676,
        "y": 0.5892728567123413
    },
    "PINKY_TIP": {
        "x": 0.8181400895118713,
        "y": 0.6110331416130066
    }
}