{
    "WRIST": {
        "x": 0.7978448867797852,
        "y": 0.6901999711990356
    },
    "THUMB_CMC": {
        "x": 0.737644374370575,
        "y": 0.6803141832351685
    },
    "THUMB_MCP": {
        "x": 0.7231138348579407,
        "y": 0.6333284378051758
    },
    "THUMB_IP": {
        "x": 0.7810916900634766,
        "y": 0.597368061542511
    },
    "THUMB_TIP": {
        "x": 0.8373437523841858,
        "y": 0.5731607675552368
    },
    "INDEX_FINGER_MCP": {
        "x": 0.7010804414749146,
        "y": 0.5444661974906921
    },
    "INDEX_FINGER_PIP": {
        "x": 0.6631200909614563,
        "y": 0.48553866147994995
    },
    "INDEX_FINGER_DIP": {
        "x": 0.6435691118240356,
        "y": 0.45094120502471924
    },
    "INDEX_FINGER_TIP": {
        "x": 0.627957820892334,
        "y": 0.4218883216381073
    },
    "MIDDLE_FINGER_MCP": {
        "x": 0.7653109431266785,
        "y": 0.5332550406455994
    },
    "MIDDLE_FINGER_PIP": {
        "x": 0.7519713044166565,
        "y": 0.4571472704410553
    },
    "MIDDLE_FINGER_DIP": {
        "x": 0.7491411566734314,
        "y": 0.4154513478279114
    },
    "MIDDLE_FINGER_TIP": {
        "x": 0.7536248564720154,
        "y": 0.3825034201145172
    },
    "RING_FINGER_MCP": {
        "x": 0.8206409215927124,
        "y": 0.5472189784049988
    },
    "RING_FINGER_PIP": {
        "x": 0.8497177362442017,
        "y": 0.4891098141670227
    },
    "RING_FINGER_DIP": {
        "x": 0.8698337078094482,
        "y": 0.4566815495491028
    },
    "RING_FINGER_TIP": {
        "x": 0.8928330540657043,
        "y": 0.42551887035369873
    },
    "PINKY_MCP": {
        "x": 0.8667451739311218,
        "y": 0.5761390328407288
    },
    "PINKY_PIP": {
        "x": 0.8664819598197937,
        "y": 0.559271514415741
    },
    "PINKY_DIP": {
        "x": 0.8420778512954712,
        "y": 0.583073616027832
    },
    "PINKY_TIP": {
        "x": 0.8281500339508057,
        "y": 0.6030490398406982
    }
}