{
    "WRIST": {
        "x": 0.7586838603019714,
        "y": 0.6463388204574585
    },
    "THUMB_CMC": {
        "x": 0.6960948705673218,
        "y": 0.6298775672912598
    },
    "THUMB_MCP": {
        "x": 0.6724278926849365,
        "y": 0.5889700055122375
    },
    "THUMB_IP": {
        "x": 0.7399917840957642,
        "y": 0.5641171932220459
    },
    "THUMB_TIP": {
        "x": 0.8073091506958008,
        "y": 0.5546696782112122
    },
    "INDEX_FINGER_MCP": {
        "x": 0.6793789267539978,
        "y": 0.5249316692352295
    },
    "INDEX_FINGER_PIP": {
        "x": 0.6485038995742798,
        "y": 0.47483712434768677
    },
    "INDEX_FINGER_DIP": {
        "x": 0.6247695684432983,
        "y": 0.44701600074768066
    },
    "INDEX_FINGER_TIP": {
        "x": 0.6018471717834473,
        "y": 0.4226532578468323
    },
    "MIDDLE_FINGER_MCP": {
        "x": 0.7394731044769287,
        "y": 0.518295168876648
    },
    "MIDDLE_FINGER_PIP": {
        "x": 0.7366669774055481,
        "y": 0.45113036036491394
    },
    "MIDDLE_FINGER_DIP": {
        "x": 0.7347555160522461,
        "y": 0.41679519414901733
    },
    "MIDDLE_FINGER_TIP": {
        "x": 0.7327336668968201,
        "y": 0.3901098072528839
    },
    "RING_FINGER_MCP": {
        "x": 0.7890723347663879,
        "y": 0.5308762192726135
    },
    "RING_FINGER_PIP": {
        "x": 0.8202692866325378,
        "y": 0.47486308217048645
    },
    "RING_FINGER_DIP": {
        "x": 0.8348409533500671,
        "y": 0.44550442695617676
    },
    "RING_FINGER_TIP": {
        "x": 0.845833957195282,
        "y": 0.41818442940711975
    },
    "PINKY_MCP": {
        "x": 0.8311096429824829,
        "y": 0.5556597113609314
    },
    "PINKY_PIP": {
        "x": 0.8298250436782837,
        "y": 0.5361846685409546
    },
    "PINKY_DIP": {
        "x": 0.8068452477455139,
        "y": 0.5551124811172485
    },
    "PINKY_TIP": {
        "x": 0.7933570742607117,
        "y": 0.572636604309082
    }
}