{
    "WRIST": {
        "x": 0.7319948077201843,
        "y": 0.6393435001373291
    },
    "THUMB_CMC": {
        "x": 0.674011766910553,
        "y": 0.623680055141449
    },
    "THUMB_MCP": {
        "x": 0.647588312625885,
        "y": 0.5842073559761047
    },
    "THUMB_IP": {
        "x": 0.6899399757385254,
        "y": 0.5513309836387634
    },
    "THUMB_TIP": {
        "x": 0.7397567629814148,
        "y": 0.5296297669410706
    },
    "INDEX_FINGER_MCP": {
        "x": 0.6567829251289368,
        "y": 0.5248381495475769
    },
    "INDEX_FINGER_PIP": {
        "x": 0.6216945052146912,
        "y": 0.47476428747177124
    },
    "INDEX_FINGER_DIP": {
        "x": 0.6000328660011292,
        "y": 0.44501686096191406
    },
    "INDEX_FINGER_TIP": {
        "x": 0.5843981504440308,
        "y": 0.4219209849834442
    },
    "MIDDLE_FINGER_MCP": {
        "x": 0.7095856666564941,
        "y": 0.5175413489341736
    },
    "MIDDLE_FINGER_PIP": {
        "x": 0.698932409286499,
        "y": 0.4574781060218811
    },
    "MIDDLE_FINGER_DIP": {
        "x": 0.6932224631309509,
        "y": 0.421920508146286
    },
    "MIDDLE_FINGER_TIP": {
        "x": 0.6943244934082031,
        "y": 0.39768144488334656
    },
    "RING_FINGER_MCP": {
        "x": 0.7548540830612183,
        "y": 0.5290520787239075
    },
    "RING_FINGER_PIP": {
        "x": 0.78041011095047,
        "y": 0.47596609592437744
    },
    "RING_FINGER_DIP": {
        "x": 0.8000186085700989,
        "y": 0.4422769248485565
    },
    "RING_FINGER_TIP": {
        "x": 0.8195850849151611,
        "y": 0.41494137048721313
    },
    "PINKY_MCP": {
        "x": 0.792967677116394,
        "y": 0.5520020127296448
    },
    "PINKY_PIP": {
        "x": 0.7863667011260986,
        "y": 0.5242214202880859
    },
    "PINKY_DIP": {
        "x": 0.7610203623771667,
        "y": 0.5401417016983032
    },
    "PINKY_TIP": {
        "x": 0.7462230324745178,
        "y": 0.5601628422737122
    }
}