{
    "WRIST": {
        "x": 0.7290776968002319,
        "y": 0.6402052640914917
    },
    "THUMB_CMC": {
        "x": 0.6877726912498474,
        "y": 0.627439022064209
    },
    "THUMB_MCP": {
        "x": 0.6701675057411194,
        "y": 0.5970811247825623
    },
    "THUMB_IP": {
        "x": 0.6940039396286011,
        "y": 0.5786498188972473
    },
    "THUMB_TIP": {
        "x": 0.7231633067131042,
        "y": 0.5648119449615479
    },
    "INDEX_FINGER_MCP": {
        "x": 0.7030676603317261,
        "y": 0.5234414935112
    },
    "INDEX_FINGER_PIP": {
        "x": 0.7031378149986267,
        "y": 0.46579015254974365
    },
    "INDEX_FINGER_DIP": {
        "x": 0.6965206861495972,
        "y": 0.4223828613758087
    },
    "INDEX_FINGER_TIP": {
        "x": 0.6867530941963196,
        "y": 0.3868291974067688
    },
    "MIDDLE_FINGER_MCP": {
        "x": 0.7384937405586243,
        "y": 0.5266859531402588
    },
    "MIDDLE_FINGER_PIP": {
        "x": 0.7472758889198303,
        "y": 0.454881489276886
    },
    "MIDDLE_FINGER_DIP": {
        "x": 0.739302396774292,
        "y": 0.4016503393650055
    },
    "MIDDLE_FINGER_TIP": {
        "x": 0.7330508232116699,
        "y": 0.3525627851486206
    },
    "RING_FINGER_MCP": {
        "x": 0.7672644853591919,
        "y": 0.5483143329620361
    },
    "RING_FINGER_PIP": {
        "x": 0.7669013738632202,
        "y": 0.4986881613731384
    },
    "RING_FINGER_DIP": {
        "x": 0.7330611348152161,
        "y": 0.4818769097328186
    },
    "RING_FINGER_TIP": {
        "x": 0.7104237079620361,
        "y": 0.4671552777290344
    },
    "PINKY_MCP": {
        "x": 0.7855867147445679,
        "y": 0.5773605108261108
    },
    "PINKY_PIP": {
        "x": 0.7589977383613586,
        "y": 0.5631411075592041
    },
    "PINKY_DIP": {
        "x": 0.7247219085693359,
        "y": 0.5721647143363953
    },
    "PINKY_TIP": {
        "x": 0.7050595879554749,
        "y": 0.5811537504196167
    }
}