{
    "WRIST": {
        "x": 0.7570759057998657,
        "y": 0.6726003885269165
    },
    "THUMB_CMC": {
        "x": 0.7014877200126648,
        "y": 0.6627287268638611
    },
    "THUMB_MCP": {
        "x": 0.6764135956764221,
        "y": 0.6254515051841736
    },
    "THUMB_IP": {
        "x": 0.698066234588623,
        "y": 0.5986630916595459
    },
    "THUMB_TIP": {
        "x": 0.7279131412506104,
        "y": 0.5806429982185364
    },
    "INDEX_FINGER_MCP": {
        "x": 0.6801561117172241,
        "y": 0.549451470375061
    },
    "INDEX_FINGER_PIP": {
        "x": 0.6511437892913818,
        "y": 0.5111863017082214
    },
    "INDEX_FINGER_DIP": {
        "x": 0.6328438520431519,
        "y": 0.4944518506526947
    },
    "INDEX_FINGER_TIP": {
        "x": 0.6180963516235352,
        "y": 0.4832025170326233
    },
    "MIDDLE_FINGER_MCP": {
        "x": 0.7393362522125244,
        "y": 0.5466881394386292
    },
    "MIDDLE_FINGER_PIP": {
        "x": 0.7575626969337463,
        "y": 0.48772451281547546
    },
    "MIDDLE_FINGER_DIP": {
        "x": 0.759809672832489,
        "y": 0.4554363489151001
    },
    "MIDDLE_FINGER_TIP": {
        "x": 0.758963942527771,
        "y": 0.426824152469635
    },
    "RING_FINGER_MCP": {
        "x": 0.7854489684104919,
        "y": 0.5662684440612793
    },
    "RING_FINGER_PIP": {
        "x": 0.8032470345497131,
        "y": 0.5227243304252625
    },
    "RING_FINGER_DIP": {
        "x": 0.7820596694946289,
        "y": 0.5252288579940796
    },
    "RING_FINGER_TIP": {
        "x": 0.7643964290618896,
        "y": 0.5255954265594482
    },
    "PINKY_MCP": {
        "x": 0.8171855211257935,
        "y": 0.5950672626495361
    },
    "PINKY_PIP": {
        "x": 0.8067648410797119,
        "y": 0.5834051966667175
    },
    "PINKY_DIP": {
        "x": 0.7779466509819031,
        "y": 0.593416690826416
    },
    "PINKY_TIP": {
        "x": 0.7573761940002441,
        "y": 0.6005655527114868
    }
}