{
    "WRIST": {
        "x": 0.8022357821464539,
        "y": 0.6830923557281494
    },
    "THUMB_CMC": {
        "x": 0.7375214099884033,
        "y": 0.6738511323928833
    },
    "THUMB_MCP": {
        "x": 0.7103877663612366,
        "y": 0.6400774717330933
    },
    "THUMB_IP": {
        "x": 0.7410018444061279,
        "y": 0.6171600818634033
    },
    "THUMB_TIP": {
        "x": 0.784037709236145,
        "y": 0.6042226552963257
    },
    "INDEX_FINGER_MCP": {
        "x": 0.7198861837387085,
        "y": 0.5577402114868164
    },
    "INDEX_FINGER_PIP": {
        "x": 0.6966742873191833,
        "y": 0.5068410634994507
    },
    "INDEX_FINGER_DIP": {
        "x": 0.6860237121582031,
        "y": 0.46932053565979004
    },
    "INDEX_FINGER_TIP": {
        "x": 0.681196928024292,
        "y": 0.43260857462882996
    },
    "MIDDLE_FINGER_MCP": {
        "x": 0.7835829257965088,
        "y": 0.5585888624191284
    },
    "MIDDLE_FINGER_PIP": {
        "x": 0.8109545707702637,
        "y": 0.5116507411003113
    },
    "MIDDLE_FINGER_DIP": {
        "x": 0.8289194703102112,
        "y": 0.48486626148223877
    },
    "MIDDLE_FINGER_TIP": {
        "x": 0.842858076095581,
        "y": 0.4589505195617676
    },
    "RING_FINGER_MCP": {
        "x": 0.8357139229774475,
        "y": 0.5769129395484924
    },
    "RING_FINGER_PIP": {
        "x": 0.871547520160675,
        "y": 0.5580321550369263
    },
    "RING_FINGER_DIP": {
        "x": 0.8429887294769287,
        "y": 0.5899391770362854
    },
    "RING_FINGER_TIP": {
        "x": 0.8146808743476868,
        "y": 0.60844486951828
    },
    "PINKY_MCP": {
        "x": 0.8748793005943298,
        "y": 0.6050439476966858
    },
    "PINKY_PIP": {
        "x": 0.8796908259391785,
        "y": 0.6042851805686951
    },
    "PINKY_DIP": {
        "x": 0.8455278277397156,
        "y": 0.6299721002578735
    },
    "PINKY_TIP": {
        "x": 0.8152194619178772,
        "y": 0.645320475101471
    }
}