{
    "WRIST": {
        "x": 0.732487142086029,
        "y": 0.6331654787063599
    },
    "THUMB_CMC": {
        "x": 0.6794396638870239,
        "y": 0.6218875050544739
    },
    "THUMB_MCP": {
        "x": 0.6479979753494263,
        "y": 0.5868401527404785
    },
    "THUMB_IP": {
        "x": 0.6680788397789001,
        "y": 0.5579971671104431
    },
    "THUMB_TIP": {
        "x": 0.7002543807029724,
        "y": 0.5362836718559265
    },
    "INDEX_FINGER_MCP": {
        "x": 0.6454670429229736,
        "y": 0.533173680305481
    },
    "INDEX_FINGER_PIP": {
        "x": 0.6117495894432068,
        "y": 0.49069854617118835
    },
    "INDEX_FINGER_DIP": {
        "x": 0.5895422697067261,
        "y": 0.4645206928253174
    },
    "INDEX_FINGER_TIP": {
        "x": 0.5752130150794983,
        "y": 0.4416549801826477
    },
    "MIDDLE_FINGER_MCP": {
        "x": 0.6927692890167236,
        "y": 0.5267898440361023
    },
    "MIDDLE_FINGER_PIP": {
        "x": 0.678753137588501,
        "y": 0.4701722264289856
    },
    "MIDDLE_FINGER_DIP": {
        "x": 0.6698601841926575,
        "y": 0.4390295147895813
    },
    "MIDDLE_FINGER_TIP": {
        "x": 0.6697757244110107,
        "y": 0.41617608070373535
    },
    "RING_FINGER_MCP": {
        "x": 0.7365144491195679,
        "y": 0.536072850227356
    },
    "RING_FINGER_PIP": {
        "x": 0.7472735047340393,
        "y": 0.48541060090065
    },
    "RING_FINGER_DIP": {
        "x": 0.7481735944747925,
        "y": 0.45886504650115967
    },
    "RING_FINGER_TIP": {
        "x": 0.7512841820716858,
        "y": 0.43638306856155396
    },
    "PINKY_MCP": {
        "x": 0.7764104604721069,
        "y": 0.5535705089569092
    },
    "PINKY_PIP": {
        "x": 0.7597805261611938,
        "y": 0.5305339694023132
    },
    "PINKY_DIP": {
        "x": 0.7342562675476074,
        "y": 0.5478983521461487
    },
    "PINKY_TIP": {
        "x": 0.7201588749885559,
        "y": 0.5666747093200684
    }
}