{
    "WRIST": {
        "x": 0.8113017082214355,
        "y": 0.6992059350013733
    },
    "THUMB_CMC": {
        "x": 0.7409141659736633,
        "y": 0.685611367225647
    },
    "THUMB_MCP": {
        "x": 0.7090175151824951,
        "y": 0.6400251388549805
    },
    "THUMB_IP": {
        "x": 0.7685643434524536,
        "y": 0.6050121784210205
    },
    "THUMB_TIP": {
        "x": 0.8390004634857178,
        "y": 0.5809688568115234
    },
    "INDEX_FINGER_MCP": {
        "x": 0.7167489528656006,
        "y": 0.5620852708816528
    },
    "INDEX_FINGER_PIP": {
        "x": 0.6764777302742004,
        "y": 0.5074263215065002
    },
    "INDEX_FINGER_DIP": {
        "x": 0.6532579660415649,
        "y": 0.4679722189903259
    },
    "INDEX_FINGER_TIP": {
        "x": 0.6348662376403809,
        "y": 0.43284326791763306
    },
    "MIDDLE_FINGER_MCP": {
        "x": 0.7857217192649841,
        "y": 0.5538027882575989
    },
    "MIDDLE_FINGER_PIP": {
        "x": 0.782486081123352,
        "y": 0.4856545031070709
    },
    "MIDDLE_FINGER_DIP": {
        "x": 0.7819831371307373,
        "y": 0.440218448638916
    },
    "MIDDLE_FINGER_TIP": {
        "x": 0.7864747643470764,
        "y": 0.404501736164093
    },
    "RING_FINGER_MCP": {
        "x": 0.8418048620223999,
        "y": 0.5688855648040771
    },
    "RING_FINGER_PIP": {
        "x": 0.8851202130317688,
        "y": 0.5137916803359985
    },
    "RING_FINGER_DIP": {
        "x": 0.9185086488723755,
        "y": 0.47427070140838623
    },
    "RING_FINGER_TIP": {
        "x": 0.9490541815757751,
        "y": 0.4376974105834961
    },
    "PINKY_MCP": {
        "x": 0.8882434368133545,
        "y": 0.5973440408706665
    },
    "PINKY_PIP": {
        "x": 0.8811905980110168,
        "y": 0.5709434151649475
    },
    "PINKY_DIP": {
        "x": 0.8438087105751038,
        "y": 0.5893685221672058
    },
    "PINKY_TIP": {
        "x": 0.8199501633644104,
        "y": 0.609734058380127
    }
}