{
    "WRIST": {
        "x": 0.7257411479949951,
        "y": 0.5877536535263062
    },
    "THUMB_CMC": {
        "x": 0.6429938077926636,
        "y": 0.5904133915901184
    },
    "THUMB_MCP": {
        "x": 0.5871332287788391,
        "y": 0.5711771845817566
    },
    "THUMB_IP": {
        "x": 0.562161922454834,
        "y": 0.5541744232177734
    },
    "THUMB_TIP": {
        "x": 0.5553303360939026,
        "y": 0.5464481711387634
    },
    "INDEX_FINGER_MCP": {
        "x": 0.6190861463546753,
        "y": 0.5034814476966858
    },
    "INDEX_FINGER_PIP": {
        "x": 0.5900757312774658,
        "y": 0.5091990232467651
    },
    "INDEX_FINGER_DIP": {
        "x": 0.5897147059440613,
        "y": 0.5405429601669312
    },
    "INDEX_FINGER_TIP": {
        "x": 0.5958863496780396,
        "y": 0.556480348110199
    },
    "MIDDLE_FINGER_MCP": {
        "x": 0.6782052516937256,
        "y": 0.502342939376831
    },
    "MIDDLE_FINGER_PIP": {
        "x": 0.6407068371772766,
        "y": 0.5227124691009521
    },
    "MIDDLE_FINGER_DIP": {
        "x": 0.6317856311798096,
        "y": 0.5539989471435547
    },
    "MIDDLE_FINGER_TIP": {
        "x": 0.632071852684021,
        "y": 0.5645326375961304
    },
    "RING_FINGER_MCP": {
        "x": 0.7281715869903564,
        "y": 0.5146599411964417
    },
    "RING_FINGER_PIP": {
        "x": 0.6892269849777222,
        "y": 0.5485339760780334
    },
    "RING_FINGER_DIP": {
        "x": 0.6779119968414307,
        "y": 0.572921633720398
    },
    "RING_FINGER_TIP": {
        "x": 0.6794705390930176,
        "y": 0.577132523059845
    },
    "PINKY_MCP": {
        "x": 0.7698818445205688,
        "y": 0.5327618718147278
    },
    "PINKY_PIP": {
        "x": 0.7405304908752441,
        "y": 0.5682193636894226
    },
    "PINKY_DIP": {
        "x": 0.7243617177009583,
        "y": 0.5847331285476685
    },
    "PINKY_TIP": {
        "x": 0.7200910449028015,
        "y": 0.5850982666015625
    }
}