{
    "WRIST": {
        "x": 0.6576669216156006,
        "y": 0.7080376744270325
    },
    "THUMB_CMC": {
        "x": 0.5886818766593933,
        "y": 0.6924617290496826
    },
    "THUMB_MCP": {
        "x": 0.5275984406471252,
        "y": 0.6445441842079163
    },
    "THUMB_IP": {
        "x": 0.49281859397888184,
        "y": 0.6040120720863342
    },
    "THUMB_TIP": {
        "x": 0.4888173043727875,
        "y": 0.5754759907722473
    },
    "INDEX_FINGER_MCP": {
        "x": 0.5626673698425293,
        "y": 0.5948438048362732
    },
    "INDEX_FINGER_PIP": {
        "x": 0.5455281734466553,
        "y": 0.5462916493415833
    },
    "INDEX_FINGER_DIP": {
        "x": 0.5342883467674255,
        "y": 0.5637882947921753
    },
    "INDEX_FINGER_TIP": {
        "x": 0.5338560342788696,
        "y": 0.5839232802391052
    },
    "MIDDLE_FINGER_MCP": {
        "x": 0.6084495186805725,
        "y": 0.5902882218360901
    },
    "MIDDLE_FINGER_PIP": {
        "x": 0.5914345383644104,
        "y": 0.5533609390258789
    },
    "MIDDLE_FINGER_DIP": {
        "x": 0.5790430903434753,
        "y": 0.5862146615982056
    },
    "MIDDLE_FINGER_TIP": {
        "x": 0.5778838396072388,
        "y": 0.6085432767868042
    },
    "RING_FINGER_MCP": {
        "x": 0.6614875793457031,
        "y": 0.590941309928894
    },
    "RING_FINGER_PIP": {
        "x": 0.6428263187408447,
        "y": 0.5534932613372803
    },
    "RING_FINGER_DIP": {
        "x": 0.6172831654548645,
        "y": 0.5822128057479858
    },
    "RING_FINGER_TIP": {
        "x": 0.6044890284538269,
        "y": 0.6048960089683533
    },
    "PINKY_MCP": {
        "x": 0.7166612148284912,
        "y": 0.5944598317146301
    },
    "PINKY_PIP": {
        "x": 0.7152147889137268,
        "y": 0.5483065247535706
    },
    "PINKY_DIP": {
        "x": 0.6986770033836365,
        "y": 0.5178269147872925
    },
    "PINKY_TIP": {
        "x": 0.6795188188552856,
        "y": 0.48963484168052673
    }
}