{
    "WRIST": {
        "x": 0.6488523483276367,
        "y": 0.6243959665298462
    },
    "THUMB_CMC": {
        "x": 0.5793886780738831,
        "y": 0.6137303709983826
    },
    "THUMB_MCP": {
        "x": 0.5254632830619812,
        "y": 0.5775412917137146
    },
    "THUMB_IP": {
        "x": 0.5009720921516418,
        "y": 0.5435416102409363
    },
    "THUMB_TIP": {
        "x": 0.5021994113922119,
        "y": 0.5169573426246643
    },
    "INDEX_FINGER_MCP": {
        "x": 0.5619212985038757,
        "y": 0.5343469977378845
    },
    "INDEX_FINGER_PIP": {
        "x": 0.5459206104278564,
        "y": 0.49953943490982056
    },
    "INDEX_FINGER_DIP": {
        "x": 0.5342387557029724,
        "y": 0.5245205163955688
    },
    "INDEX_FINGER_TIP": {
        "x": 0.5335162281990051,
        "y": 0.5437380075454712
    },
    "MIDDLE_FINGER_MCP": {
        "x": 0.6058235168457031,
        "y": 0.5302569270133972
    },
    "MIDDLE_FINGER_PIP": {
        "x": 0.581645131111145,
        "y": 0.5064669847488403
    },
    "MIDDLE_FINGER_DIP": {
        "x": 0.5650993585586548,
        "y": 0.5387066602706909
    },
    "MIDDLE_FINGER_TIP": {
        "x": 0.5649513602256775,
        "y": 0.5621602535247803
    },
    "RING_FINGER_MCP": {
        "x": 0.6491454839706421,
        "y": 0.5305244326591492
    },
    "RING_FINGER_PIP": {
        "x": 0.62311851978302,
        "y": 0.5078402161598206
    },
    "RING_FINGER_DIP": {
        "x": 0.5938332676887512,
        "y": 0.5349103212356567
    },
    "RING_FINGER_TIP": {
        "x": 0.5833501815795898,
        "y": 0.5551366209983826
    },
    "PINKY_MCP": {
        "x": 0.6929783821105957,
        "y": 0.5343769788742065
    },
    "PINKY_PIP": {
        "x": 0.7007315158843994,
        "y": 0.4978921413421631
    },
    "PINKY_DIP": {
        "x": 0.6857869625091553,
        "y": 0.4744747281074524
    },
    "PINKY_TIP": {
        "x": 0.6704954504966736,
        "y": 0.4531782865524292
    }
}