{
    "WRIST": {
        "x": 0.6455404162406921,
        "y": 0.6951927542686462
    },
    "THUMB_CMC": {
        "x": 0.5742044448852539,
        "y": 0.6837968230247498
    },
    "THUMB_MCP": {
        "x": 0.5092456936836243,
        "y": 0.6433238983154297
    },
    "THUMB_IP": {
        "x": 0.4791271388530731,
        "y": 0.6036618947982788
    },
    "THUMB_TIP": {
        "x": 0.4991453289985657,
        "y": 0.5775892734527588
    },
    "INDEX_FINGER_MCP": {
        "x": 0.5486186742782593,
        "y": 0.5958781838417053
    },
    "INDEX_FINGER_PIP": {
        "x": 0.5280379056930542,
        "y": 0.5528610348701477
    },
    "INDEX_FINGER_DIP": {
        "x": 0.5200942158699036,
        "y": 0.5760100483894348
    },
    "INDEX_FINGER_TIP": {
        "x": 0.5236291885375977,
        "y": 0.5970799922943115
    },
    "MIDDLE_FINGER_MCP": {
        "x": 0.5964921712875366,
        "y": 0.5903257131576538
    },
    "MIDDLE_FINGER_PIP": {
        "x": 0.5801964998245239,
        "y": 0.5546524524688721
    },
    "MIDDLE_FINGER_DIP": {
        "x": 0.5675632953643799,
        "y": 0.5871910452842712
    },
    "MIDDLE_FINGER_TIP": {
        "x": 0.5692979693412781,
        "y": 0.6113702058792114
    },
    "RING_FINGER_MCP": {
        "x": 0.6494140028953552,
        "y": 0.591163694858551
    },
    "RING_FINGER_PIP": {
        "x": 0.6296069622039795,
        "y": 0.5534504652023315
    },
    "RING_FINGER_DIP": {
        "x": 0.6053293943405151,
        "y": 0.5830360054969788
    },
    "RING_FINGER_TIP": {
        "x": 0.5983260869979858,
        "y": 0.6072850823402405
    },
    "PINKY_MCP": {
        "x": 0.7037559747695923,
        "y": 0.595372200012207
    },
    "PINKY_PIP": {
        "x": 0.7041964530944824,
        "y": 0.5506647825241089
    },
    "PINKY_DIP": {
        "x": 0.6899230480194092,
        "y": 0.5211505889892578
    },
    "PINKY_TIP": {
        "x": 0.6771800518035889,
        "y": 0.49340251088142395
    }
}