{
    "WRIST": {
        "x": 0.7121695280075073,
        "y": 0.5971729159355164
    },
    "THUMB_CMC": {
        "x": 0.6355112195014954,
        "y": 0.5943351984024048
    },
    "THUMB_MCP": {
        "x": 0.5717875957489014,
        "y": 0.5734773874282837
    },
    "THUMB_IP": {
        "x": 0.5336100459098816,
        "y": 0.5520567893981934
    },
    "THUMB_TIP": {
        "x": 0.5151602625846863,
        "y": 0.5306423902511597
    },
    "INDEX_FINGER_MCP": {
        "x": 0.5753428339958191,
        "y": 0.5138566493988037
    },
    "INDEX_FINGER_PIP": {
        "x": 0.5340026021003723,
        "y": 0.4827541708946228
    },
    "INDEX_FINGER_DIP": {
        "x": 0.5220654606819153,
        "y": 0.4979426860809326
    },
    "INDEX_FINGER_TIP": {
        "x": 0.5218653082847595,
        "y": 0.5140165090560913
    },
    "MIDDLE_FINGER_MCP": {
        "x": 0.6193146705627441,
        "y": 0.5061216950416565
    },
    "MIDDLE_FINGER_PIP": {
        "x": 0.5797367691993713,
        "y": 0.5019775629043579
    },
    "MIDDLE_FINGER_DIP": {
        "x": 0.5823237895965576,
        "y": 0.5343123078346252
    },
    "MIDDLE_FINGER_TIP": {
        "x": 0.5943112373352051,
        "y": 0.5568544268608093
    },
    "RING_FINGER_MCP": {
        "x": 0.666838526725769,
        "y": 0.5049611926078796
    },
    "RING_FINGER_PIP": {
        "x": 0.6263812780380249,
        "y": 0.506777286529541
    },
    "RING_FINGER_DIP": {
        "x": 0.6205374002456665,
        "y": 0.5375443696975708
    },
    "RING_FINGER_TIP": {
        "x": 0.625687837600708,
        "y": 0.5611101388931274
    },
    "PINKY_MCP": {
        "x": 0.7163221836090088,
        "y": 0.5089043378829956
    },
    "PINKY_PIP": {
        "x": 0.6824755668640137,
        "y": 0.5060012340545654
    },
    "PINKY_DIP": {
        "x": 0.6574204564094543,
        "y": 0.5253226161003113
    },
    "PINKY_TIP": {
        "x": 0.6423298120498657,
        "y": 0.5435687899589539
    }
}