{
    "WRIST": {
        "x": 0.6480624675750732,
        "y": 0.6639200448989868
    },
    "THUMB_CMC": {
        "x": 0.5761051774024963,
        "y": 0.6489578485488892
    },
    "THUMB_MCP": {
        "x": 0.523681640625,
        "y": 0.6071693897247314
    },
    "THUMB_IP": {
        "x": 0.5054634213447571,
        "y": 0.5674241185188293
    },
    "THUMB_TIP": {
        "x": 0.5281245112419128,
        "y": 0.5441759824752808
    },
    "INDEX_FINGER_MCP": {
        "x": 0.5451703071594238,
        "y": 0.560437798500061
    },
    "INDEX_FINGER_PIP": {
        "x": 0.5337082743644714,
        "y": 0.5172675251960754
    },
    "INDEX_FINGER_DIP": {
        "x": 0.5279150009155273,
        "y": 0.5467634201049805
    },
    "INDEX_FINGER_TIP": {
        "x": 0.5279857516288757,
        "y": 0.5690929889678955
    },
    "MIDDLE_FINGER_MCP": {
        "x": 0.5973066091537476,
        "y": 0.5568235516548157
    },
    "MIDDLE_FINGER_PIP": {
        "x": 0.582704484462738,
        "y": 0.524307906627655
    },
    "MIDDLE_FINGER_DIP": {
        "x": 0.5735131502151489,
        "y": 0.5585595369338989
    },
    "MIDDLE_FINGER_TIP": {
        "x": 0.5730868577957153,
        "y": 0.5826671123504639
    },
    "RING_FINGER_MCP": {
        "x": 0.6505995988845825,
        "y": 0.559025764465332
    },
    "RING_FINGER_PIP": {
        "x": 0.631181001663208,
        "y": 0.5248446464538574
    },
    "RING_FINGER_DIP": {
        "x": 0.6133929491043091,
        "y": 0.5556262135505676
    },
    "RING_FINGER_TIP": {
        "x": 0.6090381741523743,
        "y": 0.5791475176811218
    },
    "PINKY_MCP": {
        "x": 0.7062803506851196,
        "y": 0.5644263029098511
    },
    "PINKY_PIP": {
        "x": 0.7109966278076172,
        "y": 0.5191348195075989
    },
    "PINKY_DIP": {
        "x": 0.7002529501914978,
        "y": 0.4914374351501465
    },
    "PINKY_TIP": {
        "x": 0.6904314160346985,
        "y": 0.466076135635376
    }
}