{
    "WRIST": {
        "x": 0.6454775929450989,
        "y": 0.6142792701721191
    },
    "THUMB_CMC": {
        "x": 0.5798819661140442,
        "y": 0.6046879291534424
    },
    "THUMB_MCP": {
        "x": 0.5218355655670166,
        "y": 0.5725582838058472
    },
    "THUMB_IP": {
        "x": 0.49534207582473755,
        "y": 0.5402242541313171
    },
    "THUMB_TIP": {
        "x": 0.5070213079452515,
        "y": 0.5119650363922119
    },
    "INDEX_FINGER_MCP": {
        "x": 0.5651759505271912,
        "y": 0.5321407318115234
    },
    "INDEX_FINGER_PIP": {
        "x": 0.5490138530731201,
        "y": 0.4932391345500946
    },
    "INDEX_FINGER_DIP": {
        "x": 0.533261775970459,
        "y": 0.5124356746673584
    },
    "INDEX_FINGER_TIP": {
        "x": 0.528174877166748,
        "y": 0.5314943194389343
    },
    "MIDDLE_FINGER_MCP": {
        "x": 0.605043888092041,
        "y": 0.527383029460907
    },
    "MIDDLE_FINGER_PIP": {
        "x": 0.5811484456062317,
        "y": 0.5005955100059509
    },
    "MIDDLE_FINGER_DIP": {
        "x": 0.5634196996688843,
        "y": 0.5292418599128723
    },
    "MIDDLE_FINGER_TIP": {
        "x": 0.5625947713851929,
        "y": 0.5535399317741394
    },
    "RING_FINGER_MCP": {
        "x": 0.646847665309906,
        "y": 0.5274009704589844
    },
    "RING_FINGER_PIP": {
        "x": 0.6197025775909424,
        "y": 0.5022078156471252
    },
    "RING_FINGER_DIP": {
        "x": 0.5899304151535034,
        "y": 0.5261919498443604
    },
    "RING_FINGER_TIP": {
        "x": 0.5774242877960205,
        "y": 0.5478520393371582
    },
    "PINKY_MCP": {
        "x": 0.69082111120224,
        "y": 0.5314663052558899
    },
    "PINKY_PIP": {
        "x": 0.6863255500793457,
        "y": 0.49860018491744995
    },
    "PINKY_DIP": {
        "x": 0.6696392893791199,
        "y": 0.48082754015922546
    },
    "PINKY_TIP": {
        "x": 0.6559638381004333,
        "y": 0.4664306938648224
    }
}