{
    "WRIST": {
        "x": 0.694968581199646,
        "y": 0.5977104902267456
    },
    "THUMB_CMC": {
        "x": 0.625544548034668,
        "y": 0.5941565632820129
    },
    "THUMB_MCP": {
        "x": 0.5629100203514099,
        "y": 0.5687903761863708
    },
    "THUMB_IP": {
        "x": 0.5230892896652222,
        "y": 0.5436967015266418
    },
    "THUMB_TIP": {
        "x": 0.5006088018417358,
        "y": 0.5202438235282898
    },
    "INDEX_FINGER_MCP": {
        "x": 0.5851284265518188,
        "y": 0.5221443772315979
    },
    "INDEX_FINGER_PIP": {
        "x": 0.5611943602561951,
        "y": 0.483065128326416
    },
    "INDEX_FINGER_DIP": {
        "x": 0.5439786314964294,
        "y": 0.4919494390487671
    },
    "INDEX_FINGER_TIP": {
        "x": 0.5331302881240845,
        "y": 0.5055441856384277
    },
    "MIDDLE_FINGER_MCP": {
        "x": 0.6232675313949585,
        "y": 0.5162813663482666
    },
    "MIDDLE_FINGER_PIP": {
        "x": 0.5996885299682617,
        "y": 0.4876953959465027
    },
    "MIDDLE_FINGER_DIP": {
        "x": 0.5807397961616516,
        "y": 0.5132594108581543
    },
    "MIDDLE_FINGER_TIP": {
        "x": 0.573554515838623,
        "y": 0.5359427332878113
    },
    "RING_FINGER_MCP": {
        "x": 0.6645557284355164,
        "y": 0.5170761346817017
    },
    "RING_FINGER_PIP": {
        "x": 0.6409386396408081,
        "y": 0.4898887872695923
    },
    "RING_FINGER_DIP": {
        "x": 0.6147156953811646,
        "y": 0.51058030128479
    },
    "RING_FINGER_TIP": {
        "x": 0.6014603972434998,
        "y": 0.5301634669303894
    },
    "PINKY_MCP": {
        "x": 0.7083544135093689,
        "y": 0.5208182334899902
    },
    "PINKY_PIP": {
        "x": 0.7079426646232605,
        "y": 0.48917117714881897
    },
    "PINKY_DIP": {
        "x": 0.6970745325088501,
        "y": 0.47289231419563293
    },
    "PINKY_TIP": {
        "x": 0.6844164729118347,
        "y": 0.45719292759895325
    }
}