{
    "WRIST": {
        "x": 0.6599678993225098,
        "y": 0.6091076731681824
    },
    "THUMB_CMC": {
        "x": 0.590920090675354,
        "y": 0.5993328094482422
    },
    "THUMB_MCP": {
        "x": 0.5356361269950867,
        "y": 0.5617845058441162
    },
    "THUMB_IP": {
        "x": 0.5103961825370789,
        "y": 0.5294990539550781
    },
    "THUMB_TIP": {
        "x": 0.5010608434677124,
        "y": 0.5039642453193665
    },
    "INDEX_FINGER_MCP": {
        "x": 0.5744763612747192,
        "y": 0.5161119699478149
    },
    "INDEX_FINGER_PIP": {
        "x": 0.5663900375366211,
        "y": 0.47886160016059875
    },
    "INDEX_FINGER_DIP": {
        "x": 0.5498438477516174,
        "y": 0.5022023916244507
    },
    "INDEX_FINGER_TIP": {
        "x": 0.5426976084709167,
        "y": 0.5213723182678223
    },
    "MIDDLE_FINGER_MCP": {
        "x": 0.6141098737716675,
        "y": 0.5124387741088867
    },
    "MIDDLE_FINGER_PIP": {
        "x": 0.5911970138549805,
        "y": 0.4925621747970581
    },
    "MIDDLE_FINGER_DIP": {
        "x": 0.5713189244270325,
        "y": 0.5235713720321655
    },
    "MIDDLE_FINGER_TIP": {
        "x": 0.5687198638916016,
        "y": 0.5446789264678955
    },
    "RING_FINGER_MCP": {
        "x": 0.6547764539718628,
        "y": 0.5129966735839844
    },
    "RING_FINGER_PIP": {
        "x": 0.6310504674911499,
        "y": 0.48972150683403015
    },
    "RING_FINGER_DIP": {
        "x": 0.599475085735321,
        "y": 0.5126668214797974
    },
    "RING_FINGER_TIP": {
        "x": 0.5863916277885437,
        "y": 0.5309546589851379
    },
    "PINKY_MCP": {
        "x": 0.6965488195419312,
        "y": 0.5162012577056885
    },
    "PINKY_PIP": {
        "x": 0.7019607424736023,
        "y": 0.47868338227272034
    },
    "PINKY_DIP": {
        "x": 0.690857470035553,
        "y": 0.45501893758773804
    },
    "PINKY_TIP": {
        "x": 0.6797404289245605,
        "y": 0.432528555393219
    }
}