{
    "WRIST": {
        "x": 0.7815359234809875,
        "y": 0.5828337669372559
    },
    "THUMB_CMC": {
        "x": 0.6916643977165222,
        "y": 0.585767388343811
    },
    "THUMB_MCP": {
        "x": 0.627058207988739,
        "y": 0.5732495784759521
    },
    "THUMB_IP": {
        "x": 0.5862767100334167,
        "y": 0.5627751350402832
    },
    "THUMB_TIP": {
        "x": 0.5687588453292847,
        "y": 0.5603346824645996
    },
    "INDEX_FINGER_MCP": {
        "x": 0.6347350478172302,
        "y": 0.512924313545227
    },
    "INDEX_FINGER_PIP": {
        "x": 0.5848729014396667,
        "y": 0.5355783700942993
    },
    "INDEX_FINGER_DIP": {
        "x": 0.5773976445198059,
        "y": 0.5733767747879028
    },
    "INDEX_FINGER_TIP": {
        "x": 0.5756852030754089,
        "y": 0.5991965532302856
    },
    "MIDDLE_FINGER_MCP": {
        "x": 0.6932916045188904,
        "y": 0.5125986933708191
    },
    "MIDDLE_FINGER_PIP": {
        "x": 0.6327341198921204,
        "y": 0.5446810722351074
    },
    "MIDDLE_FINGER_DIP": {
        "x": 0.6117575168609619,
        "y": 0.5847862958908081
    },
    "MIDDLE_FINGER_TIP": {
        "x": 0.604175865650177,
        "y": 0.6101530194282532
    },
    "RING_FINGER_MCP": {
        "x": 0.749576985836029,
        "y": 0.5266123414039612
    },
    "RING_FINGER_PIP": {
        "x": 0.6935806274414062,
        "y": 0.5627380609512329
    },
    "RING_FINGER_DIP": {
        "x": 0.6697120070457458,
        "y": 0.5946544408798218
    },
    "RING_FINGER_TIP": {
        "x": 0.6598591804504395,
        "y": 0.6131114363670349
    },
    "PINKY_MCP": {
        "x": 0.7990499138832092,
        "y": 0.5464588403701782
    },
    "PINKY_PIP": {
        "x": 0.7668251991271973,
        "y": 0.5833755731582642
    },
    "PINKY_DIP": {
        "x": 0.7478030323982239,
        "y": 0.603719174861908
    },
    "PINKY_TIP": {
        "x": 0.7374721765518188,
        "y": 0.6158894896507263
    }
}