{
    "WRIST": {
        "x": 0.6823641657829285,
        "y": 0.6997092366218567
    },
    "THUMB_CMC": {
        "x": 0.6010338664054871,
        "y": 0.6850497722625732
    },
    "THUMB_MCP": {
        "x": 0.5375734567642212,
        "y": 0.6404334902763367
    },
    "THUMB_IP": {
        "x": 0.5062792897224426,
        "y": 0.5972884297370911
    },
    "THUMB_TIP": {
        "x": 0.5171530246734619,
        "y": 0.5694512724876404
    },
    "INDEX_FINGER_MCP": {
        "x": 0.5587978363037109,
        "y": 0.583962619304657
    },
    "INDEX_FINGER_PIP": {
        "x": 0.5412506461143494,
        "y": 0.5358858704566956
    },
    "INDEX_FINGER_DIP": {
        "x": 0.5393548011779785,
        "y": 0.5640986561775208
    },
    "INDEX_FINGER_TIP": {
        "x": 0.5448700785636902,
        "y": 0.5868618488311768
    },
    "MIDDLE_FINGER_MCP": {
        "x": 0.6120187044143677,
        "y": 0.5780952572822571
    },
    "MIDDLE_FINGER_PIP": {
        "x": 0.5907474756240845,
        "y": 0.5421568751335144
    },
    "MIDDLE_FINGER_DIP": {
        "x": 0.5875848531723022,
        "y": 0.5791665315628052
    },
    "MIDDLE_FINGER_TIP": {
        "x": 0.591800332069397,
        "y": 0.602684736251831
    },
    "RING_FINGER_MCP": {
        "x": 0.6659218668937683,
        "y": 0.5774059295654297
    },
    "RING_FINGER_PIP": {
        "x": 0.6429173350334167,
        "y": 0.5393979549407959
    },
    "RING_FINGER_DIP": {
        "x": 0.6285036206245422,
        "y": 0.5734938383102417
    },
    "RING_FINGER_TIP": {
        "x": 0.625155508518219,
        "y": 0.598878026008606
    },
    "PINKY_MCP": {
        "x": 0.7218051552772522,
        "y": 0.5812610387802124
    },
    "PINKY_PIP": {
        "x": 0.719542920589447,
        "y": 0.5331535935401917
    },
    "PINKY_DIP": {
        "x": 0.7101984024047852,
        "y": 0.5050354599952698
    },
    "PINKY_TIP": {
        "x": 0.700314462184906,
        "y": 0.47778093814849854
    }
}