{
    "WRIST": {
        "x": 0.6524302959442139,
        "y": 0.6093208193778992
    },
    "THUMB_CMC": {
        "x": 0.5840327739715576,
        "y": 0.6007693409919739
    },
    "THUMB_MCP": {
        "x": 0.5258321762084961,
        "y": 0.5678699612617493
    },
    "THUMB_IP": {
        "x": 0.5005703568458557,
        "y": 0.5345359444618225
    },
    "THUMB_TIP": {
        "x": 0.503338634967804,
        "y": 0.5059360265731812
    },
    "INDEX_FINGER_MCP": {
        "x": 0.5646048188209534,
        "y": 0.5239619612693787
    },
    "INDEX_FINGER_PIP": {
        "x": 0.5504533052444458,
        "y": 0.49012693762779236
    },
    "INDEX_FINGER_DIP": {
        "x": 0.5354759097099304,
        "y": 0.5100014209747314
    },
    "INDEX_FINGER_TIP": {
        "x": 0.5309557318687439,
        "y": 0.5270809531211853
    },
    "MIDDLE_FINGER_MCP": {
        "x": 0.6054419875144958,
        "y": 0.5190549492835999
    },
    "MIDDLE_FINGER_PIP": {
        "x": 0.5813051462173462,
        "y": 0.4937986433506012
    },
    "MIDDLE_FINGER_DIP": {
        "x": 0.5625202655792236,
        "y": 0.5235017538070679
    },
    "MIDDLE_FINGER_TIP": {
        "x": 0.5629155039787292,
        "y": 0.546210765838623
    },
    "RING_FINGER_MCP": {
        "x": 0.646787703037262,
        "y": 0.5176854133605957
    },
    "RING_FINGER_PIP": {
        "x": 0.619575023651123,
        "y": 0.4956863224506378
    },
    "RING_FINGER_DIP": {
        "x": 0.5872267484664917,
        "y": 0.5216404795646667
    },
    "RING_FINGER_TIP": {
        "x": 0.5764087438583374,
        "y": 0.5427619218826294
    },
    "PINKY_MCP": {
        "x": 0.6885239481925964,
        "y": 0.5187018513679504
    },
    "PINKY_PIP": {
        "x": 0.6953426003456116,
        "y": 0.4834219515323639
    },
    "PINKY_DIP": {
        "x": 0.6843724846839905,
        "y": 0.4585023522377014
    },
    "PINKY_TIP": {
        "x": 0.6740132570266724,
        "y": 0.4343080520629883
    }
}