{
    "WRIST": {
        "x": 0.6819807291030884,
        "y": 0.7086143493652344
    },
    "THUMB_CMC": {
        "x": 0.6026877164840698,
        "y": 0.6944039463996887
    },
    "THUMB_MCP": {
        "x": 0.5385926961898804,
        "y": 0.6481660604476929
    },
    "THUMB_IP": {
        "x": 0.5053747892379761,
        "y": 0.6047099232673645
    },
    "THUMB_TIP": {
        "x": 0.5084002614021301,
        "y": 0.5751699805259705
    },
    "INDEX_FINGER_MCP": {
        "x": 0.5620408058166504,
        "y": 0.5957378149032593
    },
    "INDEX_FINGER_PIP": {
        "x": 0.5481762886047363,
        "y": 0.541419267654419
    },
    "INDEX_FINGER_DIP": {
        "x": 0.5398051738739014,
        "y": 0.5658542513847351
    },
    "INDEX_FINGER_TIP": {
        "x": 0.5392249226570129,
        "y": 0.5867456793785095
    },
    "MIDDLE_FINGER_MCP": {
        "x": 0.6139582991600037,
        "y": 0.5897252559661865
    },
    "MIDDLE_FINGER_PIP": {
        "x": 0.5941914916038513,
        "y": 0.5506601929664612
    },
    "MIDDLE_FINGER_DIP": {
        "x": 0.5832685828208923,
        "y": 0.5864452719688416
    },
    "MIDDLE_FINGER_TIP": {
        "x": 0.5818669199943542,
        "y": 0.6087686419487
    },
    "RING_FINGER_MCP": {
        "x": 0.6674973368644714,
        "y": 0.5889891386032104
    },
    "RING_FINGER_PIP": {
        "x": 0.6436887383460999,
        "y": 0.5499232411384583
    },
    "RING_FINGER_DIP": {
        "x": 0.6193887591362,
        "y": 0.5816899538040161
    },
    "RING_FINGER_TIP": {
        "x": 0.6081333756446838,
        "y": 0.6061756610870361
    },
    "PINKY_MCP": {
        "x": 0.7241136431694031,
        "y": 0.5917512774467468
    },
    "PINKY_PIP": {
        "x": 0.7218365669250488,
        "y": 0.5433884859085083
    },
    "PINKY_DIP": {
        "x": 0.7115734219551086,
        "y": 0.5131559371948242
    },
    "PINKY_TIP": {
        "x": 0.7006118297576904,
        "y": 0.4825483560562134
    }
}