{
    "WRIST": {
        "x": 0.643677294254303,
        "y": 0.6488010883331299
    },
    "THUMB_CMC": {
        "x": 0.5746942162513733,
        "y": 0.6332339644432068
    },
    "THUMB_MCP": {
        "x": 0.5266543626785278,
        "y": 0.590488076210022
    },
    "THUMB_IP": {
        "x": 0.5046088695526123,
        "y": 0.5523750185966492
    },
    "THUMB_TIP": {
        "x": 0.5006570816040039,
        "y": 0.5260946154594421
    },
    "INDEX_FINGER_MCP": {
        "x": 0.5442830324172974,
        "y": 0.5466303825378418
    },
    "INDEX_FINGER_PIP": {
        "x": 0.5342811346054077,
        "y": 0.5059359073638916
    },
    "INDEX_FINGER_DIP": {
        "x": 0.5269191861152649,
        "y": 0.5339082479476929
    },
    "INDEX_FINGER_TIP": {
        "x": 0.5257992744445801,
        "y": 0.5552432537078857
    },
    "MIDDLE_FINGER_MCP": {
        "x": 0.5896039605140686,
        "y": 0.5427271723747253
    },
    "MIDDLE_FINGER_PIP": {
        "x": 0.5727232694625854,
        "y": 0.5175912976264954
    },
    "MIDDLE_FINGER_DIP": {
        "x": 0.5595699548721313,
        "y": 0.5500767230987549
    },
    "MIDDLE_FINGER_TIP": {
        "x": 0.5570914149284363,
        "y": 0.5713119506835938
    },
    "RING_FINGER_MCP": {
        "x": 0.638705313205719,
        "y": 0.5430006384849548
    },
    "RING_FINGER_PIP": {
        "x": 0.6192673444747925,
        "y": 0.5134834051132202
    },
    "RING_FINGER_DIP": {
        "x": 0.5971159338951111,
        "y": 0.5418153405189514
    },
    "RING_FINGER_TIP": {
        "x": 0.5873120427131653,
        "y": 0.5634421110153198
    },
    "PINKY_MCP": {
        "x": 0.6907217502593994,
        "y": 0.5452751517295837
    },
    "PINKY_PIP": {
        "x": 0.6956953406333923,
        "y": 0.5040555000305176
    },
    "PINKY_DIP": {
        "x": 0.6859115958213806,
        "y": 0.4782204031944275
    },
    "PINKY_TIP": {
        "x": 0.6747395992279053,
        "y": 0.4529450237751007
    }
}