{
    "WRIST": {
        "x": 0.6755955815315247,
        "y": 0.5991033315658569
    },
    "THUMB_CMC": {
        "x": 0.609485387802124,
        "y": 0.5946037173271179
    },
    "THUMB_MCP": {
        "x": 0.5450006127357483,
        "y": 0.5652880072593689
    },
    "THUMB_IP": {
        "x": 0.5096226334571838,
        "y": 0.5350281000137329
    },
    "THUMB_TIP": {
        "x": 0.5079619884490967,
        "y": 0.5088302493095398
    },
    "INDEX_FINGER_MCP": {
        "x": 0.5727834701538086,
        "y": 0.5197780728340149
    },
    "INDEX_FINGER_PIP": {
        "x": 0.5565114617347717,
        "y": 0.4810861349105835
    },
    "INDEX_FINGER_DIP": {
        "x": 0.5437049269676208,
        "y": 0.4972378611564636
    },
    "INDEX_FINGER_TIP": {
        "x": 0.5374507308006287,
        "y": 0.5144590735435486
    },
    "MIDDLE_FINGER_MCP": {
        "x": 0.612383246421814,
        "y": 0.5126397609710693
    },
    "MIDDLE_FINGER_PIP": {
        "x": 0.5909430980682373,
        "y": 0.4882621467113495
    },
    "MIDDLE_FINGER_DIP": {
        "x": 0.575947642326355,
        "y": 0.5158448815345764
    },
    "MIDDLE_FINGER_TIP": {
        "x": 0.5737447142601013,
        "y": 0.5359741449356079
    },
    "RING_FINGER_MCP": {
        "x": 0.6560848355293274,
        "y": 0.5121873617172241
    },
    "RING_FINGER_PIP": {
        "x": 0.6331039667129517,
        "y": 0.4851416051387787
    },
    "RING_FINGER_DIP": {
        "x": 0.6079262495040894,
        "y": 0.5077102780342102
    },
    "RING_FINGER_TIP": {
        "x": 0.5985514521598816,
        "y": 0.5268563032150269
    },
    "PINKY_MCP": {
        "x": 0.7024050354957581,
        "y": 0.5153051614761353
    },
    "PINKY_PIP": {
        "x": 0.7029627561569214,
        "y": 0.4781581163406372
    },
    "PINKY_DIP": {
        "x": 0.6900525093078613,
        "y": 0.4546440839767456
    },
    "PINKY_TIP": {
        "x": 0.6775232553482056,
        "y": 0.4310915470123291
    }
}