{
    "WRIST": {
        "x": 0.8680766820907593,
        "y": 0.6325440406799316
    },
    "THUMB_CMC": {
        "x": 0.802286684513092,
        "y": 0.6127161383628845
    },
    "THUMB_MCP": {
        "x": 0.7704602479934692,
        "y": 0.5700021386146545
    },
    "THUMB_IP": {
        "x": 0.7663774490356445,
        "y": 0.5382770299911499
    },
    "THUMB_TIP": {
        "x": 0.7754418253898621,
        "y": 0.5278123021125793
    },
    "INDEX_FINGER_MCP": {
        "x": 0.7911109924316406,
        "y": 0.5218533277511597
    },
    "INDEX_FINGER_PIP": {
        "x": 0.7799668312072754,
        "y": 0.46398305892944336
    },
    "INDEX_FINGER_DIP": {
        "x": 0.7648491859436035,
        "y": 0.43972352147102356
    },
    "INDEX_FINGER_TIP": {
        "x": 0.7551032900810242,
        "y": 0.41765597462654114
    },
    "MIDDLE_FINGER_MCP": {
        "x": 0.8384954333305359,
        "y": 0.5256831645965576
    },
    "MIDDLE_FINGER_PIP": {
        "x": 0.8320084810256958,
        "y": 0.5031523108482361
    },
    "MIDDLE_FINGER_DIP": {
        "x": 0.8243215680122375,
        "y": 0.5392481684684753
    },
    "MIDDLE_FINGER_TIP": {
        "x": 0.8191848397254944,
        "y": 0.5489963293075562
    },
    "RING_FINGER_MCP": {
        "x": 0.8819782137870789,
        "y": 0.5343708992004395
    },
    "RING_FINGER_PIP": {
        "x": 0.876817524433136,
        "y": 0.5162596702575684
    },
    "RING_FINGER_DIP": {
        "x": 0.8658442497253418,
        "y": 0.5486997961997986
    },
    "RING_FINGER_TIP": {
        "x": 0.8615357279777527,
        "y": 0.5598368048667908
    },
    "PINKY_MCP": {
        "x": 0.9210751056671143,
        "y": 0.545771598815918
    },
    "PINKY_PIP": {
        "x": 0.9124112725257874,
        "y": 0.5342236757278442
    },
    "PINKY_DIP": {
        "x": 0.8972833752632141,
        "y": 0.5555669069290161
    },
    "PINKY_TIP": {
        "x": 0.8914013504981995,
        "y": 0.5635477900505066
    }
}