{
    "WRIST": {
        "x": 0.760500431060791,
        "y": 0.7288981080055237
    },
    "THUMB_CMC": {
        "x": 0.704676628112793,
        "y": 0.7110199928283691
    },
    "THUMB_MCP": {
        "x": 0.6671422123908997,
        "y": 0.6667340397834778
    },
    "THUMB_IP": {
        "x": 0.6855363249778748,
        "y": 0.6320716142654419
    },
    "THUMB_TIP": {
        "x": 0.7425376772880554,
        "y": 0.6243581175804138
    },
    "INDEX_FINGER_MCP": {
        "x": 0.7270381450653076,
        "y": 0.6195197105407715
    },
    "INDEX_FINGER_PIP": {
        "x": 0.698310136795044,
        "y": 0.5906278491020203
    },
    "INDEX_FINGER_DIP": {
        "x": 0.6941462755203247,
        "y": 0.6209937334060669
    },
    "INDEX_FINGER_TIP": {
        "x": 0.7090898156166077,
        "y": 0.6364423632621765
    },
    "MIDDLE_FINGER_MCP": {
        "x": 0.7760226726531982,
        "y": 0.6245259642601013
    },
    "MIDDLE_FINGER_PIP": {
        "x": 0.736891508102417,
        "y": 0.6023154258728027
    },
    "MIDDLE_FINGER_DIP": {
        "x": 0.7236793637275696,
        "y": 0.6391205191612244
    },
    "MIDDLE_FINGER_TIP": {
        "x": 0.7464212775230408,
        "y": 0.6462599635124207
    },
    "RING_FINGER_MCP": {
        "x": 0.8189900517463684,
        "y": 0.6364243030548096
    },
    "RING_FINGER_PIP": {
        "x": 0.7753938436508179,
        "y": 0.6225786209106445
    },
    "RING_FINGER_DIP": {
        "x": 0.7586164474487305,
        "y": 0.6575807929039001
    },
    "RING_FINGER_TIP": {
        "x": 0.7864643931388855,
        "y": 0.6656772494316101
    },
    "PINKY_MCP": {
        "x": 0.8586422801017761,
        "y": 0.6540159583091736
    },
    "PINKY_PIP": {
        "x": 0.8161253333091736,
        "y": 0.6436197757720947
    },
    "PINKY_DIP": {
        "x": 0.7947620153427124,
        "y": 0.6672016382217407
    },
    "PINKY_TIP": {
        "x": 0.8178511261940002,
        "y": 0.6748677492141724
    }
}