{
    "WRIST": {
        "x": 0.8771517276763916,
        "y": 0.6268861293792725
    },
    "THUMB_CMC": {
        "x": 0.8267598152160645,
        "y": 0.5960313081741333
    },
    "THUMB_MCP": {
        "x": 0.8080117106437683,
        "y": 0.5509257912635803
    },
    "THUMB_IP": {
        "x": 0.836402177810669,
        "y": 0.5152357220649719
    },
    "THUMB_TIP": {
        "x": 0.881483256816864,
        "y": 0.5005963444709778
    },
    "INDEX_FINGER_MCP": {
        "x": 0.8590575456619263,
        "y": 0.5230282545089722
    },
    "INDEX_FINGER_PIP": {
        "x": 0.8651012778282166,
        "y": 0.4867434799671173
    },
    "INDEX_FINGER_DIP": {
        "x": 0.8473756313323975,
        "y": 0.5113591551780701
    },
    "INDEX_FINGER_TIP": {
        "x": 0.8453683257102966,
        "y": 0.5290260314941406
    },
    "MIDDLE_FINGER_MCP": {
        "x": 0.8985984325408936,
        "y": 0.5275283455848694
    },
    "MIDDLE_FINGER_PIP": {
        "x": 0.9053228497505188,
        "y": 0.49008843302726746
    },
    "MIDDLE_FINGER_DIP": {
        "x": 0.8818779587745667,
        "y": 0.516359269618988
    },
    "MIDDLE_FINGER_TIP": {
        "x": 0.8813346028327942,
        "y": 0.5357089042663574
    },
    "RING_FINGER_MCP": {
        "x": 0.934902548789978,
        "y": 0.5383412837982178
    },
    "RING_FINGER_PIP": {
        "x": 0.9382320046424866,
        "y": 0.5073046684265137
    },
    "RING_FINGER_DIP": {
        "x": 0.9092833995819092,
        "y": 0.5329445004463196
    },
    "RING_FINGER_TIP": {
        "x": 0.9073724746704102,
        "y": 0.5523461103439331
    },
    "PINKY_MCP": {
        "x": 0.9731565117835999,
        "y": 0.5545896291732788
    },
    "PINKY_PIP": {
        "x": 0.9728781580924988,
        "y": 0.525863766670227
    },
    "PINKY_DIP": {
        "x": 0.9445125460624695,
        "y": 0.5419316291809082
    },
    "PINKY_TIP": {
        "x": 0.9369285702705383,
        "y": 0.5577082633972168
    }
}