{
    "WRIST": {
        "x": 0.7665953040122986,
        "y": 0.5920701026916504
    },
    "THUMB_CMC": {
        "x": 0.7084603905677795,
        "y": 0.5753606557846069
    },
    "THUMB_MCP": {
        "x": 0.6776257753372192,
        "y": 0.5318174362182617
    },
    "THUMB_IP": {
        "x": 0.7033575773239136,
        "y": 0.4949461817741394
    },
    "THUMB_TIP": {
        "x": 0.7445947527885437,
        "y": 0.47691744565963745
    },
    "INDEX_FINGER_MCP": {
        "x": 0.712421715259552,
        "y": 0.49270349740982056
    },
    "INDEX_FINGER_PIP": {
        "x": 0.7084921598434448,
        "y": 0.44444289803504944
    },
    "INDEX_FINGER_DIP": {
        "x": 0.7034525275230408,
        "y": 0.4181179106235504
    },
    "INDEX_FINGER_TIP": {
        "x": 0.7014913558959961,
        "y": 0.39578837156295776
    },
    "MIDDLE_FINGER_MCP": {
        "x": 0.7605821490287781,
        "y": 0.49621516466140747
    },
    "MIDDLE_FINGER_PIP": {
        "x": 0.7437912225723267,
        "y": 0.46557021141052246
    },
    "MIDDLE_FINGER_DIP": {
        "x": 0.7367966771125793,
        "y": 0.4883052110671997
    },
    "MIDDLE_FINGER_TIP": {
        "x": 0.7380529642105103,
        "y": 0.4905746281147003
    },
    "RING_FINGER_MCP": {
        "x": 0.8011189699172974,
        "y": 0.506094217300415
    },
    "RING_FINGER_PIP": {
        "x": 0.7702034711837769,
        "y": 0.4847487807273865
    },
    "RING_FINGER_DIP": {
        "x": 0.7569255828857422,
        "y": 0.5178858041763306
    },
    "RING_FINGER_TIP": {
        "x": 0.766082763671875,
        "y": 0.5296458601951599
    },
    "PINKY_MCP": {
        "x": 0.838822603225708,
        "y": 0.5196120738983154
    },
    "PINKY_PIP": {
        "x": 0.79643714427948,
        "y": 0.5006023645401001
    },
    "PINKY_DIP": {
        "x": 0.7803162932395935,
        "y": 0.5238187909126282
    },
    "PINKY_TIP": {
        "x": 0.7886200547218323,
        "y": 0.5335208177566528
    }
}