{
    "WRIST": {
        "x": 0.6979401707649231,
        "y": 0.5544370412826538
    },
    "THUMB_CMC": {
        "x": 0.6451569199562073,
        "y": 0.5391644239425659
    },
    "THUMB_MCP": {
        "x": 0.6158220767974854,
        "y": 0.5048985481262207
    },
    "THUMB_IP": {
        "x": 0.6247662901878357,
        "y": 0.47386884689331055
    },
    "THUMB_TIP": {
        "x": 0.6653677821159363,
        "y": 0.4611276090145111
    },
    "INDEX_FINGER_MCP": {
        "x": 0.6577932834625244,
        "y": 0.4769175350666046
    },
    "INDEX_FINGER_PIP": {
        "x": 0.6517372131347656,
        "y": 0.44814980030059814
    },
    "INDEX_FINGER_DIP": {
        "x": 0.6491649150848389,
        "y": 0.4713381230831146
    },
    "INDEX_FINGER_TIP": {
        "x": 0.6584059000015259,
        "y": 0.4856582581996918
    },
    "MIDDLE_FINGER_MCP": {
        "x": 0.6919888257980347,
        "y": 0.47850272059440613
    },
    "MIDDLE_FINGER_PIP": {
        "x": 0.6740826368331909,
        "y": 0.45176970958709717
    },
    "MIDDLE_FINGER_DIP": {
        "x": 0.6665133833885193,
        "y": 0.4818035066127777
    },
    "MIDDLE_FINGER_TIP": {
        "x": 0.6829838156700134,
        "y": 0.4932287931442261
    },
    "RING_FINGER_MCP": {
        "x": 0.7263097167015076,
        "y": 0.4836479127407074
    },
    "RING_FINGER_PIP": {
        "x": 0.7047941088676453,
        "y": 0.4568411409854889
    },
    "RING_FINGER_DIP": {
        "x": 0.6922106146812439,
        "y": 0.487042099237442
    },
    "RING_FINGER_TIP": {
        "x": 0.7067816257476807,
        "y": 0.5014790296554565
    },
    "PINKY_MCP": {
        "x": 0.7649751901626587,
        "y": 0.49310141801834106
    },
    "PINKY_PIP": {
        "x": 0.7479369640350342,
        "y": 0.4675353467464447
    },
    "PINKY_DIP": {
        "x": 0.7294779419898987,
        "y": 0.48479509353637695
    },
    "PINKY_TIP": {
        "x": 0.733841598033905,
        "y": 0.4968135952949524
    }
}