{
    "WRIST": {
        "x": 0.8523807525634766,
        "y": 0.5805076360702515
    },
    "THUMB_CMC": {
        "x": 0.7969031929969788,
        "y": 0.5493519306182861
    },
    "THUMB_MCP": {
        "x": 0.7753644585609436,
        "y": 0.5002467632293701
    },
    "THUMB_IP": {
        "x": 0.8044036626815796,
        "y": 0.4651223421096802
    },
    "THUMB_TIP": {
        "x": 0.8484330773353577,
        "y": 0.4611384868621826
    },
    "INDEX_FINGER_MCP": {
        "x": 0.8200883865356445,
        "y": 0.47497594356536865
    },
    "INDEX_FINGER_PIP": {
        "x": 0.8439840078353882,
        "y": 0.4396589398384094
    },
    "INDEX_FINGER_DIP": {
        "x": 0.8343576192855835,
        "y": 0.4607039988040924
    },
    "INDEX_FINGER_TIP": {
        "x": 0.8252897262573242,
        "y": 0.47781139612197876
    },
    "MIDDLE_FINGER_MCP": {
        "x": 0.8652397990226746,
        "y": 0.483707994222641
    },
    "MIDDLE_FINGER_PIP": {
        "x": 0.8869994282722473,
        "y": 0.45128971338272095
    },
    "MIDDLE_FINGER_DIP": {
        "x": 0.8681660890579224,
        "y": 0.4744945466518402
    },
    "MIDDLE_FINGER_TIP": {
        "x": 0.8592830896377563,
        "y": 0.4894641637802124
    },
    "RING_FINGER_MCP": {
        "x": 0.904309093952179,
        "y": 0.4963113069534302
    },
    "RING_FINGER_PIP": {
        "x": 0.9229797124862671,
        "y": 0.47295230627059937
    },
    "RING_FINGER_DIP": {
        "x": 0.8968304991722107,
        "y": 0.49581265449523926
    },
    "RING_FINGER_TIP": {
        "x": 0.8873598575592041,
        "y": 0.5099248290061951
    },
    "PINKY_MCP": {
        "x": 0.9372953176498413,
        "y": 0.5135591626167297
    },
    "PINKY_PIP": {
        "x": 0.9472343325614929,
        "y": 0.49693453311920166
    },
    "PINKY_DIP": {
        "x": 0.9225308895111084,
        "y": 0.5086243748664856
    },
    "PINKY_TIP": {
        "x": 0.9087182283401489,
        "y": 0.5152547955513
    }
}