{
    "WRIST": {
        "x": 0.898737907409668,
        "y": 0.6521075963973999
    },
    "THUMB_CMC": {
        "x": 0.8388368487358093,
        "y": 0.6283206343650818
    },
    "THUMB_MCP": {
        "x": 0.799828052520752,
        "y": 0.5833308100700378
    },
    "THUMB_IP": {
        "x": 0.8115322589874268,
        "y": 0.5471801161766052
    },
    "THUMB_TIP": {
        "x": 0.8510112166404724,
        "y": 0.53309166431427
    },
    "INDEX_FINGER_MCP": {
        "x": 0.8371281623840332,
        "y": 0.557390034198761
    },
    "INDEX_FINGER_PIP": {
        "x": 0.8253557682037354,
        "y": 0.5224804878234863
    },
    "INDEX_FINGER_DIP": {
        "x": 0.810651421546936,
        "y": 0.5498313307762146
    },
    "INDEX_FINGER_TIP": {
        "x": 0.8106772899627686,
        "y": 0.566874623298645
    },
    "MIDDLE_FINGER_MCP": {
        "x": 0.8783599734306335,
        "y": 0.5590564608573914
    },
    "MIDDLE_FINGER_PIP": {
        "x": 0.87095707654953,
        "y": 0.520001232624054
    },
    "MIDDLE_FINGER_DIP": {
        "x": 0.8572602868080139,
        "y": 0.5555604696273804
    },
    "MIDDLE_FINGER_TIP": {
        "x": 0.8666902184486389,
        "y": 0.5735769867897034
    },
    "RING_FINGER_MCP": {
        "x": 0.9187792539596558,
        "y": 0.5661171078681946
    },
    "RING_FINGER_PIP": {
        "x": 0.9119973182678223,
        "y": 0.527347207069397
    },
    "RING_FINGER_DIP": {
        "x": 0.8894605040550232,
        "y": 0.5627192258834839
    },
    "RING_FINGER_TIP": {
        "x": 0.8959677815437317,
        "y": 0.5824041962623596
    },
    "PINKY_MCP": {
        "x": 0.9619746208190918,
        "y": 0.5774381756782532
    },
    "PINKY_PIP": {
        "x": 0.952967643737793,
        "y": 0.5435903668403625
    },
    "PINKY_DIP": {
        "x": 0.9289700984954834,
        "y": 0.56573486328125
    },
    "PINKY_TIP": {
        "x": 0.9321722984313965,
        "y": 0.5818529725074768
    }
}