{
    "WRIST": {
        "x": 0.7210121750831604,
        "y": 0.5634171366691589
    },
    "THUMB_CMC": {
        "x": 0.6740699410438538,
        "y": 0.5431519746780396
    },
    "THUMB_MCP": {
        "x": 0.6616888642311096,
        "y": 0.5076224207878113
    },
    "THUMB_IP": {
        "x": 0.6727108955383301,
        "y": 0.48046666383743286
    },
    "THUMB_TIP": {
        "x": 0.6996006965637207,
        "y": 0.46863770484924316
    },
    "INDEX_FINGER_MCP": {
        "x": 0.7106291651725769,
        "y": 0.472025603055954
    },
    "INDEX_FINGER_PIP": {
        "x": 0.7162864804267883,
        "y": 0.43428510427474976
    },
    "INDEX_FINGER_DIP": {
        "x": 0.7196600437164307,
        "y": 0.4293290674686432
    },
    "INDEX_FINGER_TIP": {
        "x": 0.7249835133552551,
        "y": 0.4203285574913025
    },
    "MIDDLE_FINGER_MCP": {
        "x": 0.7403213381767273,
        "y": 0.4781889021396637
    },
    "MIDDLE_FINGER_PIP": {
        "x": 0.7309603691101074,
        "y": 0.4457763135433197
    },
    "MIDDLE_FINGER_DIP": {
        "x": 0.7269552946090698,
        "y": 0.459357351064682
    },
    "MIDDLE_FINGER_TIP": {
        "x": 0.7308728098869324,
        "y": 0.45824623107910156
    },
    "RING_FINGER_MCP": {
        "x": 0.7610555291175842,
        "y": 0.4903039336204529
    },
    "RING_FINGER_PIP": {
        "x": 0.739604651927948,
        "y": 0.4670695662498474
    },
    "RING_FINGER_DIP": {
        "x": 0.7276055812835693,
        "y": 0.49527886509895325
    },
    "RING_FINGER_TIP": {
        "x": 0.732880175113678,
        "y": 0.508124589920044
    },
    "PINKY_MCP": {
        "x": 0.77668696641922,
        "y": 0.5054258704185486
    },
    "PINKY_PIP": {
        "x": 0.7481180429458618,
        "y": 0.48523974418640137
    },
    "PINKY_DIP": {
        "x": 0.7310266494750977,
        "y": 0.504128098487854
    },
    "PINKY_TIP": {
        "x": 0.729660153388977,
        "y": 0.5151804089546204
    }
}