{
    "WRIST": {
        "x": 0.8904197812080383,
        "y": 0.6555677652359009
    },
    "THUMB_CMC": {
        "x": 0.834826648235321,
        "y": 0.6392986178398132
    },
    "THUMB_MCP": {
        "x": 0.7948067784309387,
        "y": 0.5943008065223694
    },
    "THUMB_IP": {
        "x": 0.8026711344718933,
        "y": 0.556117594242096
    },
    "THUMB_TIP": {
        "x": 0.8381810784339905,
        "y": 0.5350061058998108
    },
    "INDEX_FINGER_MCP": {
        "x": 0.8321642875671387,
        "y": 0.560914158821106
    },
    "INDEX_FINGER_PIP": {
        "x": 0.8226625323295593,
        "y": 0.5213357210159302
    },
    "INDEX_FINGER_DIP": {
        "x": 0.8144811987876892,
        "y": 0.5418103933334351
    },
    "INDEX_FINGER_TIP": {
        "x": 0.8191653490066528,
        "y": 0.561072587966919
    },
    "MIDDLE_FINGER_MCP": {
        "x": 0.8704578876495361,
        "y": 0.5599973201751709
    },
    "MIDDLE_FINGER_PIP": {
        "x": 0.8650334477424622,
        "y": 0.5147649049758911
    },
    "MIDDLE_FINGER_DIP": {
        "x": 0.8541067242622375,
        "y": 0.5418878793716431
    },
    "MIDDLE_FINGER_TIP": {
        "x": 0.8634321093559265,
        "y": 0.56349778175354
    },
    "RING_FINGER_MCP": {
        "x": 0.9081888198852539,
        "y": 0.5657330751419067
    },
    "RING_FINGER_PIP": {
        "x": 0.9042329788208008,
        "y": 0.5207871198654175
    },
    "RING_FINGER_DIP": {
        "x": 0.8849816918373108,
        "y": 0.5491824746131897
    },
    "RING_FINGER_TIP": {
        "x": 0.8915821313858032,
        "y": 0.5719291567802429
    },
    "PINKY_MCP": {
        "x": 0.9487428069114685,
        "y": 0.5766915678977966
    },
    "PINKY_PIP": {
        "x": 0.945659875869751,
        "y": 0.5402392745018005
    },
    "PINKY_DIP": {
        "x": 0.9236989617347717,
        "y": 0.5564130544662476
    },
    "PINKY_TIP": {
        "x": 0.9228929281234741,
        "y": 0.5739426612854004
    }
}