{
    "WRIST": {
        "x": 0.8703827261924744,
        "y": 0.615975022315979
    },
    "THUMB_CMC": {
        "x": 0.8125421404838562,
        "y": 0.5803748369216919
    },
    "THUMB_MCP": {
        "x": 0.7949467301368713,
        "y": 0.530538022518158
    },
    "THUMB_IP": {
        "x": 0.8195887804031372,
        "y": 0.49488288164138794
    },
    "THUMB_TIP": {
        "x": 0.8532113432884216,
        "y": 0.4842621982097626
    },
    "INDEX_FINGER_MCP": {
        "x": 0.8398517370223999,
        "y": 0.4944925904273987
    },
    "INDEX_FINGER_PIP": {
        "x": 0.8528554439544678,
        "y": 0.4553033113479614
    },
    "INDEX_FINGER_DIP": {
        "x": 0.8471201658248901,
        "y": 0.4777842164039612
    },
    "INDEX_FINGER_TIP": {
        "x": 0.8440704941749573,
        "y": 0.49546611309051514
    },
    "MIDDLE_FINGER_MCP": {
        "x": 0.8836100101470947,
        "y": 0.500207781791687
    },
    "MIDDLE_FINGER_PIP": {
        "x": 0.8866265416145325,
        "y": 0.4649392068386078
    },
    "MIDDLE_FINGER_DIP": {
        "x": 0.872597873210907,
        "y": 0.4933682978153229
    },
    "MIDDLE_FINGER_TIP": {
        "x": 0.8729651570320129,
        "y": 0.5068106055259705
    },
    "RING_FINGER_MCP": {
        "x": 0.9232091903686523,
        "y": 0.5115581750869751
    },
    "RING_FINGER_PIP": {
        "x": 0.9234065413475037,
        "y": 0.48282262682914734
    },
    "RING_FINGER_DIP": {
        "x": 0.901800274848938,
        "y": 0.5116098523139954
    },
    "RING_FINGER_TIP": {
        "x": 0.9033883213996887,
        "y": 0.5264755487442017
    },
    "PINKY_MCP": {
        "x": 0.9619548320770264,
        "y": 0.5293135643005371
    },
    "PINKY_PIP": {
        "x": 0.9554551243782043,
        "y": 0.5053889751434326
    },
    "PINKY_DIP": {
        "x": 0.9313072562217712,
        "y": 0.5229396224021912
    },
    "PINKY_TIP": {
        "x": 0.9268061518669128,
        "y": 0.531636118888855
    }
}