{
    "WRIST": {
        "x": 0.8829463720321655,
        "y": 0.6401345729827881
    },
    "THUMB_CMC": {
        "x": 0.828624427318573,
        "y": 0.6110660433769226
    },
    "THUMB_MCP": {
        "x": 0.8052675724029541,
        "y": 0.5669492483139038
    },
    "THUMB_IP": {
        "x": 0.8318998217582703,
        "y": 0.5319195985794067
    },
    "THUMB_TIP": {
        "x": 0.8752407431602478,
        "y": 0.5192046165466309
    },
    "INDEX_FINGER_MCP": {
        "x": 0.8588412404060364,
        "y": 0.5421398878097534
    },
    "INDEX_FINGER_PIP": {
        "x": 0.8661895990371704,
        "y": 0.5051665902137756
    },
    "INDEX_FINGER_DIP": {
        "x": 0.8449420928955078,
        "y": 0.5307000279426575
    },
    "INDEX_FINGER_TIP": {
        "x": 0.8428905606269836,
        "y": 0.5476264953613281
    },
    "MIDDLE_FINGER_MCP": {
        "x": 0.8951764106750488,
        "y": 0.5467853546142578
    },
    "MIDDLE_FINGER_PIP": {
        "x": 0.9016873240470886,
        "y": 0.5085903406143188
    },
    "MIDDLE_FINGER_DIP": {
        "x": 0.8755025863647461,
        "y": 0.538926362991333
    },
    "MIDDLE_FINGER_TIP": {
        "x": 0.8786011934280396,
        "y": 0.5569753646850586
    },
    "RING_FINGER_MCP": {
        "x": 0.929478108882904,
        "y": 0.5567706823348999
    },
    "RING_FINGER_PIP": {
        "x": 0.9338158965110779,
        "y": 0.5214602947235107
    },
    "RING_FINGER_DIP": {
        "x": 0.9024602770805359,
        "y": 0.5512791872024536
    },
    "RING_FINGER_TIP": {
        "x": 0.9040847420692444,
        "y": 0.5707263350486755
    },
    "PINKY_MCP": {
        "x": 0.9670747518539429,
        "y": 0.5710939168930054
    },
    "PINKY_PIP": {
        "x": 0.9659214615821838,
        "y": 0.5382653474807739
    },
    "PINKY_DIP": {
        "x": 0.9356127977371216,
        "y": 0.5561325550079346
    },
    "PINKY_TIP": {
        "x": 0.932007908821106,
        "y": 0.5732563734054565
    }
}