{
    "WRIST": {
        "x": 0.7677745223045349,
        "y": 0.7290672063827515
    },
    "THUMB_CMC": {
        "x": 0.7147678136825562,
        "y": 0.7101835608482361
    },
    "THUMB_MCP": {
        "x": 0.6753652691841125,
        "y": 0.6649937033653259
    },
    "THUMB_IP": {
        "x": 0.6910995841026306,
        "y": 0.6281801462173462
    },
    "THUMB_TIP": {
        "x": 0.7430394887924194,
        "y": 0.6135849952697754
    },
    "INDEX_FINGER_MCP": {
        "x": 0.7208682894706726,
        "y": 0.6187467575073242
    },
    "INDEX_FINGER_PIP": {
        "x": 0.7185161709785461,
        "y": 0.5738601088523865
    },
    "INDEX_FINGER_DIP": {
        "x": 0.7027956247329712,
        "y": 0.5930584073066711
    },
    "INDEX_FINGER_TIP": {
        "x": 0.6996883153915405,
        "y": 0.6115953922271729
    },
    "MIDDLE_FINGER_MCP": {
        "x": 0.7685409784317017,
        "y": 0.6229106187820435
    },
    "MIDDLE_FINGER_PIP": {
        "x": 0.7467426061630249,
        "y": 0.5942118763923645
    },
    "MIDDLE_FINGER_DIP": {
        "x": 0.729655385017395,
        "y": 0.6266432404518127
    },
    "MIDDLE_FINGER_TIP": {
        "x": 0.7376987934112549,
        "y": 0.6447560787200928
    },
    "RING_FINGER_MCP": {
        "x": 0.8127689361572266,
        "y": 0.6338716745376587
    },
    "RING_FINGER_PIP": {
        "x": 0.7853620052337646,
        "y": 0.6144450902938843
    },
    "RING_FINGER_DIP": {
        "x": 0.763242244720459,
        "y": 0.6461936831474304
    },
    "RING_FINGER_TIP": {
        "x": 0.7698272466659546,
        "y": 0.664943277835846
    },
    "PINKY_MCP": {
        "x": 0.8557051420211792,
        "y": 0.6502792239189148
    },
    "PINKY_PIP": {
        "x": 0.8317958116531372,
        "y": 0.6333732604980469
    },
    "PINKY_DIP": {
        "x": 0.8041298389434814,
        "y": 0.6555518507957458
    },
    "PINKY_TIP": {
        "x": 0.802903950214386,
        "y": 0.6712655425071716
    }
}