{
    "WRIST": {
        "x": 0.8108036518096924,
        "y": 0.7149296402931213
    },
    "THUMB_CMC": {
        "x": 0.7534679174423218,
        "y": 0.6899054050445557
    },
    "THUMB_MCP": {
        "x": 0.72623211145401,
        "y": 0.6447083950042725
    },
    "THUMB_IP": {
        "x": 0.7426541447639465,
        "y": 0.6122977137565613
    },
    "THUMB_TIP": {
        "x": 0.7827082276344299,
        "y": 0.5965958833694458
    },
    "INDEX_FINGER_MCP": {
        "x": 0.7619274854660034,
        "y": 0.5889953970909119
    },
    "INDEX_FINGER_PIP": {
        "x": 0.7445534467697144,
        "y": 0.548957109451294
    },
    "INDEX_FINGER_DIP": {
        "x": 0.7295742630958557,
        "y": 0.5365495681762695
    },
    "INDEX_FINGER_TIP": {
        "x": 0.7209033370018005,
        "y": 0.5383425951004028
    },
    "MIDDLE_FINGER_MCP": {
        "x": 0.8180460929870605,
        "y": 0.5933902859687805
    },
    "MIDDLE_FINGER_PIP": {
        "x": 0.7966766357421875,
        "y": 0.56965172290802
    },
    "MIDDLE_FINGER_DIP": {
        "x": 0.7770755290985107,
        "y": 0.594751238822937
    },
    "MIDDLE_FINGER_TIP": {
        "x": 0.7749167680740356,
        "y": 0.6175096035003662
    },
    "RING_FINGER_MCP": {
        "x": 0.8674247860908508,
        "y": 0.6098774671554565
    },
    "RING_FINGER_PIP": {
        "x": 0.842616617679596,
        "y": 0.5957431793212891
    },
    "RING_FINGER_DIP": {
        "x": 0.8164675831794739,
        "y": 0.6227914094924927
    },
    "RING_FINGER_TIP": {
        "x": 0.8126038312911987,
        "y": 0.6423459053039551
    },
    "PINKY_MCP": {
        "x": 0.9113776087760925,
        "y": 0.6318429112434387
    },
    "PINKY_PIP": {
        "x": 0.8883306384086609,
        "y": 0.6188251972198486
    },
    "PINKY_DIP": {
        "x": 0.8599686622619629,
        "y": 0.6380618214607239
    },
    "PINKY_TIP": {
        "x": 0.8529813289642334,
        "y": 0.6530368328094482
    }
}