{
    "WRIST": {
        "x": 0.8364625573158264,
        "y": 0.5531595945358276
    },
    "THUMB_CMC": {
        "x": 0.785499632358551,
        "y": 0.5338541865348816
    },
    "THUMB_MCP": {
        "x": 0.7676919102668762,
        "y": 0.492447167634964
    },
    "THUMB_IP": {
        "x": 0.8007436990737915,
        "y": 0.463919997215271
    },
    "THUMB_TIP": {
        "x": 0.8381596207618713,
        "y": 0.459915429353714
    },
    "INDEX_FINGER_MCP": {
        "x": 0.7883564829826355,
        "y": 0.4543626010417938
    },
    "INDEX_FINGER_PIP": {
        "x": 0.7831228971481323,
        "y": 0.4102812707424164
    },
    "INDEX_FINGER_DIP": {
        "x": 0.7828908562660217,
        "y": 0.4146426320075989
    },
    "INDEX_FINGER_TIP": {
        "x": 0.7827653884887695,
        "y": 0.4207308888435364
    },
    "MIDDLE_FINGER_MCP": {
        "x": 0.8317408561706543,
        "y": 0.4581837058067322
    },
    "MIDDLE_FINGER_PIP": {
        "x": 0.843815803527832,
        "y": 0.42529815435409546
    },
    "MIDDLE_FINGER_DIP": {
        "x": 0.8400020003318787,
        "y": 0.45514243841171265
    },
    "MIDDLE_FINGER_TIP": {
        "x": 0.8326295018196106,
        "y": 0.4718369245529175
    },
    "RING_FINGER_MCP": {
        "x": 0.870551347732544,
        "y": 0.4676240086555481
    },
    "RING_FINGER_PIP": {
        "x": 0.8802629113197327,
        "y": 0.44267499446868896
    },
    "RING_FINGER_DIP": {
        "x": 0.8665164709091187,
        "y": 0.47337639331817627
    },
    "RING_FINGER_TIP": {
        "x": 0.8609399795532227,
        "y": 0.490383505821228
    },
    "PINKY_MCP": {
        "x": 0.904739499092102,
        "y": 0.481300413608551
    },
    "PINKY_PIP": {
        "x": 0.9048224687576294,
        "y": 0.46694710850715637
    },
    "PINKY_DIP": {
        "x": 0.8896743059158325,
        "y": 0.48624011874198914
    },
    "PINKY_TIP": {
        "x": 0.8832554817199707,
        "y": 0.497562050819397
    }
}