{
    "WRIST": {
        "x": 0.8967279195785522,
        "y": 0.6702056527137756
    },
    "THUMB_CMC": {
        "x": 0.8264861702919006,
        "y": 0.6548460721969604
    },
    "THUMB_MCP": {
        "x": 0.7721277475357056,
        "y": 0.6123440265655518
    },
    "THUMB_IP": {
        "x": 0.7625109553337097,
        "y": 0.5718204975128174
    },
    "THUMB_TIP": {
        "x": 0.7947593927383423,
        "y": 0.5467802882194519
    },
    "INDEX_FINGER_MCP": {
        "x": 0.8266266584396362,
        "y": 0.5672397017478943
    },
    "INDEX_FINGER_PIP": {
        "x": 0.8180394172668457,
        "y": 0.5214732885360718
    },
    "INDEX_FINGER_DIP": {
        "x": 0.8134786486625671,
        "y": 0.5359711647033691
    },
    "INDEX_FINGER_TIP": {
        "x": 0.8184952139854431,
        "y": 0.5571458339691162
    },
    "MIDDLE_FINGER_MCP": {
        "x": 0.8672674298286438,
        "y": 0.5659044981002808
    },
    "MIDDLE_FINGER_PIP": {
        "x": 0.870841920375824,
        "y": 0.5127221941947937
    },
    "MIDDLE_FINGER_DIP": {
        "x": 0.8615681529045105,
        "y": 0.5307595729827881
    },
    "MIDDLE_FINGER_TIP": {
        "x": 0.8652366995811462,
        "y": 0.5539529919624329
    },
    "RING_FINGER_MCP": {
        "x": 0.9054703116416931,
        "y": 0.5711066722869873
    },
    "RING_FINGER_PIP": {
        "x": 0.9132069945335388,
        "y": 0.5220351219177246
    },
    "RING_FINGER_DIP": {
        "x": 0.8999207615852356,
        "y": 0.5351113080978394
    },
    "RING_FINGER_TIP": {
        "x": 0.900026261806488,
        "y": 0.5554665327072144
    },
    "PINKY_MCP": {
        "x": 0.9461754560470581,
        "y": 0.5830223560333252
    },
    "PINKY_PIP": {
        "x": 0.9536547064781189,
        "y": 0.5470205545425415
    },
    "PINKY_DIP": {
        "x": 0.9374786615371704,
        "y": 0.5508781671524048
    },
    "PINKY_TIP": {
        "x": 0.9279301762580872,
        "y": 0.5648621320724487
    }
}