{
    "WRIST": {
        "x": 0.9006287455558777,
        "y": 0.6756864786148071
    },
    "THUMB_CMC": {
        "x": 0.8319242000579834,
        "y": 0.666911780834198
    },
    "THUMB_MCP": {
        "x": 0.7714229822158813,
        "y": 0.6327210664749146
    },
    "THUMB_IP": {
        "x": 0.7428377270698547,
        "y": 0.6021361351013184
    },
    "THUMB_TIP": {
        "x": 0.7591642141342163,
        "y": 0.5790751576423645
    },
    "INDEX_FINGER_MCP": {
        "x": 0.8350345492362976,
        "y": 0.5779820680618286
    },
    "INDEX_FINGER_PIP": {
        "x": 0.8286681771278381,
        "y": 0.5387616157531738
    },
    "INDEX_FINGER_DIP": {
        "x": 0.8112401962280273,
        "y": 0.542684018611908
    },
    "INDEX_FINGER_TIP": {
        "x": 0.806465208530426,
        "y": 0.5596048831939697
    },
    "MIDDLE_FINGER_MCP": {
        "x": 0.875655472278595,
        "y": 0.575272798538208
    },
    "MIDDLE_FINGER_PIP": {
        "x": 0.8816604018211365,
        "y": 0.5263146758079529
    },
    "MIDDLE_FINGER_DIP": {
        "x": 0.8580464720726013,
        "y": 0.5303114652633667
    },
    "MIDDLE_FINGER_TIP": {
        "x": 0.8485383987426758,
        "y": 0.5490682721138
    },
    "RING_FINGER_MCP": {
        "x": 0.9130796194076538,
        "y": 0.5807554721832275
    },
    "RING_FINGER_PIP": {
        "x": 0.9223974943161011,
        "y": 0.5323634743690491
    },
    "RING_FINGER_DIP": {
        "x": 0.8972328305244446,
        "y": 0.5414924621582031
    },
    "RING_FINGER_TIP": {
        "x": 0.8860449194908142,
        "y": 0.5614667534828186
    },
    "PINKY_MCP": {
        "x": 0.9500344395637512,
        "y": 0.5927658081054688
    },
    "PINKY_PIP": {
        "x": 0.953173041343689,
        "y": 0.5586743354797363
    },
    "PINKY_DIP": {
        "x": 0.9263269901275635,
        "y": 0.5664375424385071
    },
    "PINKY_TIP": {
        "x": 0.90632164478302,
        "y": 0.5843280553817749
    }
}