{
    "WRIST": {
        "x": 0.8112089037895203,
        "y": 0.5451527833938599
    },
    "THUMB_CMC": {
        "x": 0.7509973645210266,
        "y": 0.5217422842979431
    },
    "THUMB_MCP": {
        "x": 0.7263934016227722,
        "y": 0.47784048318862915
    },
    "THUMB_IP": {
        "x": 0.7450457215309143,
        "y": 0.44850724935531616
    },
    "THUMB_TIP": {
        "x": 0.7738267779350281,
        "y": 0.44311589002609253
    },
    "INDEX_FINGER_MCP": {
        "x": 0.754797101020813,
        "y": 0.4453526437282562
    },
    "INDEX_FINGER_PIP": {
        "x": 0.7542734742164612,
        "y": 0.4108123779296875
    },
    "INDEX_FINGER_DIP": {
        "x": 0.7552081942558289,
        "y": 0.4317733943462372
    },
    "INDEX_FINGER_TIP": {
        "x": 0.7567105293273926,
        "y": 0.44363269209861755
    },
    "MIDDLE_FINGER_MCP": {
        "x": 0.7973688840866089,
        "y": 0.44730475544929504
    },
    "MIDDLE_FINGER_PIP": {
        "x": 0.7832241654396057,
        "y": 0.4218648672103882
    },
    "MIDDLE_FINGER_DIP": {
        "x": 0.777897298336029,
        "y": 0.4515949785709381
    },
    "MIDDLE_FINGER_TIP": {
        "x": 0.782017171382904,
        "y": 0.4593522250652313
    },
    "RING_FINGER_MCP": {
        "x": 0.8364640474319458,
        "y": 0.4527963399887085
    },
    "RING_FINGER_PIP": {
        "x": 0.8217455744743347,
        "y": 0.4305482804775238
    },
    "RING_FINGER_DIP": {
        "x": 0.8125975131988525,
        "y": 0.4605729281902313
    },
    "RING_FINGER_TIP": {
        "x": 0.820024311542511,
        "y": 0.4701016843318939
    },
    "PINKY_MCP": {
        "x": 0.8731132745742798,
        "y": 0.4617580771446228
    },
    "PINKY_PIP": {
        "x": 0.8521020412445068,
        "y": 0.446823388338089
    },
    "PINKY_DIP": {
        "x": 0.84256511926651,
        "y": 0.4677576720714569
    },
    "PINKY_TIP": {
        "x": 0.8497732877731323,
        "y": 0.4735795855522156
    }
}