{
    "WRIST": {
        "x": 0.7559675574302673,
        "y": 0.7316365838050842
    },
    "THUMB_CMC": {
        "x": 0.6991511583328247,
        "y": 0.7135763168334961
    },
    "THUMB_MCP": {
        "x": 0.6583055853843689,
        "y": 0.6689779162406921
    },
    "THUMB_IP": {
        "x": 0.6760584115982056,
        "y": 0.631740391254425
    },
    "THUMB_TIP": {
        "x": 0.7357330322265625,
        "y": 0.6189748644828796
    },
    "INDEX_FINGER_MCP": {
        "x": 0.7134259343147278,
        "y": 0.6221733093261719
    },
    "INDEX_FINGER_PIP": {
        "x": 0.6859851479530334,
        "y": 0.5913628339767456
    },
    "INDEX_FINGER_DIP": {
        "x": 0.6874573230743408,
        "y": 0.626416802406311
    },
    "INDEX_FINGER_TIP": {
        "x": 0.7043201923370361,
        "y": 0.6432717442512512
    },
    "MIDDLE_FINGER_MCP": {
        "x": 0.7594196796417236,
        "y": 0.626728355884552
    },
    "MIDDLE_FINGER_PIP": {
        "x": 0.7269562482833862,
        "y": 0.6003366708755493
    },
    "MIDDLE_FINGER_DIP": {
        "x": 0.7153587937355042,
        "y": 0.6415393352508545
    },
    "MIDDLE_FINGER_TIP": {
        "x": 0.7328853607177734,
        "y": 0.6521197557449341
    },
    "RING_FINGER_MCP": {
        "x": 0.800935685634613,
        "y": 0.6371471285820007
    },
    "RING_FINGER_PIP": {
        "x": 0.7634783387184143,
        "y": 0.6207245588302612
    },
    "RING_FINGER_DIP": {
        "x": 0.748304009437561,
        "y": 0.6592273712158203
    },
    "RING_FINGER_TIP": {
        "x": 0.771730899810791,
        "y": 0.6706748604774475
    },
    "PINKY_MCP": {
        "x": 0.8397120833396912,
        "y": 0.6538646221160889
    },
    "PINKY_PIP": {
        "x": 0.8059784173965454,
        "y": 0.6408040523529053
    },
    "PINKY_DIP": {
        "x": 0.7864687442779541,
        "y": 0.6649277806282043
    },
    "PINKY_TIP": {
        "x": 0.8042945265769958,
        "y": 0.6752602458000183
    }
}