{
    "WRIST": {
        "x": 0.7522786855697632,
        "y": 0.7333938479423523
    },
    "THUMB_CMC": {
        "x": 0.6980379819869995,
        "y": 0.7145949602127075
    },
    "THUMB_MCP": {
        "x": 0.6626484990119934,
        "y": 0.669009804725647
    },
    "THUMB_IP": {
        "x": 0.683914303779602,
        "y": 0.6331880688667297
    },
    "THUMB_TIP": {
        "x": 0.736743152141571,
        "y": 0.6215009689331055
    },
    "INDEX_FINGER_MCP": {
        "x": 0.7203612327575684,
        "y": 0.620405375957489
    },
    "INDEX_FINGER_PIP": {
        "x": 0.6913886666297913,
        "y": 0.5935766696929932
    },
    "INDEX_FINGER_DIP": {
        "x": 0.690412700176239,
        "y": 0.6255144476890564
    },
    "INDEX_FINGER_TIP": {
        "x": 0.7065016031265259,
        "y": 0.6408783197402954
    },
    "MIDDLE_FINGER_MCP": {
        "x": 0.7669525742530823,
        "y": 0.6248283386230469
    },
    "MIDDLE_FINGER_PIP": {
        "x": 0.72861647605896,
        "y": 0.6026986241340637
    },
    "MIDDLE_FINGER_DIP": {
        "x": 0.7161436080932617,
        "y": 0.6419479846954346
    },
    "MIDDLE_FINGER_TIP": {
        "x": 0.7345173954963684,
        "y": 0.650588870048523
    },
    "RING_FINGER_MCP": {
        "x": 0.8072702884674072,
        "y": 0.6359646320343018
    },
    "RING_FINGER_PIP": {
        "x": 0.7628545165061951,
        "y": 0.6235540509223938
    },
    "RING_FINGER_DIP": {
        "x": 0.7483643889427185,
        "y": 0.6613901257514954
    },
    "RING_FINGER_TIP": {
        "x": 0.7746540904045105,
        "y": 0.6712362766265869
    },
    "PINKY_MCP": {
        "x": 0.8442445397377014,
        "y": 0.6538756489753723
    },
    "PINKY_PIP": {
        "x": 0.8027088642120361,
        "y": 0.6444244980812073
    },
    "PINKY_DIP": {
        "x": 0.7831047773361206,
        "y": 0.6681752800941467
    },
    "PINKY_TIP": {
        "x": 0.8046050667762756,
        "y": 0.6757184267044067
    }
}