{
    "WRIST": {
        "x": 0.7698071599006653,
        "y": 0.5278312563896179
    },
    "THUMB_CMC": {
        "x": 0.7129656672477722,
        "y": 0.5062137246131897
    },
    "THUMB_MCP": {
        "x": 0.6844537258148193,
        "y": 0.4640435576438904
    },
    "THUMB_IP": {
        "x": 0.707419216632843,
        "y": 0.4336727559566498
    },
    "THUMB_TIP": {
        "x": 0.7512537837028503,
        "y": 0.42925146222114563
    },
    "INDEX_FINGER_MCP": {
        "x": 0.7211048603057861,
        "y": 0.44513067603111267
    },
    "INDEX_FINGER_PIP": {
        "x": 0.7118186950683594,
        "y": 0.40948233008384705
    },
    "INDEX_FINGER_DIP": {
        "x": 0.7067046165466309,
        "y": 0.4327526390552521
    },
    "INDEX_FINGER_TIP": {
        "x": 0.7102565765380859,
        "y": 0.4461940824985504
    },
    "MIDDLE_FINGER_MCP": {
        "x": 0.761758029460907,
        "y": 0.44607672095298767
    },
    "MIDDLE_FINGER_PIP": {
        "x": 0.748683750629425,
        "y": 0.41874343156814575
    },
    "MIDDLE_FINGER_DIP": {
        "x": 0.7415393590927124,
        "y": 0.44596242904663086
    },
    "MIDDLE_FINGER_TIP": {
        "x": 0.750868022441864,
        "y": 0.45688170194625854
    },
    "RING_FINGER_MCP": {
        "x": 0.7993795275688171,
        "y": 0.45034337043762207
    },
    "RING_FINGER_PIP": {
        "x": 0.7877126932144165,
        "y": 0.4228476881980896
    },
    "RING_FINGER_DIP": {
        "x": 0.7747006416320801,
        "y": 0.44985851645469666
    },
    "RING_FINGER_TIP": {
        "x": 0.7822030186653137,
        "y": 0.4649122953414917
    },
    "PINKY_MCP": {
        "x": 0.8374941945075989,
        "y": 0.4576829671859741
    },
    "PINKY_PIP": {
        "x": 0.8251163363456726,
        "y": 0.432934433221817
    },
    "PINKY_DIP": {
        "x": 0.8095601797103882,
        "y": 0.44974279403686523
    },
    "PINKY_TIP": {
        "x": 0.8119732141494751,
        "y": 0.4615050256252289
    }
}