{
    "WRIST": {
        "x": 0.8097279667854309,
        "y": 0.6005858778953552
    },
    "THUMB_CMC": {
        "x": 0.750380277633667,
        "y": 0.5920474529266357
    },
    "THUMB_MCP": {
        "x": 0.7205707430839539,
        "y": 0.549966037273407
    },
    "THUMB_IP": {
        "x": 0.7446067929267883,
        "y": 0.5167331695556641
    },
    "THUMB_TIP": {
        "x": 0.7881948351860046,
        "y": 0.5025018453598022
    },
    "INDEX_FINGER_MCP": {
        "x": 0.7335788011550903,
        "y": 0.5001594424247742
    },
    "INDEX_FINGER_PIP": {
        "x": 0.7139115333557129,
        "y": 0.44580549001693726
    },
    "INDEX_FINGER_DIP": {
        "x": 0.6979559063911438,
        "y": 0.40789616107940674
    },
    "INDEX_FINGER_TIP": {
        "x": 0.6869145631790161,
        "y": 0.3740238547325134
    },
    "MIDDLE_FINGER_MCP": {
        "x": 0.7849051356315613,
        "y": 0.49885791540145874
    },
    "MIDDLE_FINGER_PIP": {
        "x": 0.7697504162788391,
        "y": 0.4346075654029846
    },
    "MIDDLE_FINGER_DIP": {
        "x": 0.7506653666496277,
        "y": 0.3902267813682556
    },
    "MIDDLE_FINGER_TIP": {
        "x": 0.7446206212043762,
        "y": 0.3481298089027405
    },
    "RING_FINGER_MCP": {
        "x": 0.835678219795227,
        "y": 0.5108661651611328
    },
    "RING_FINGER_PIP": {
        "x": 0.811123251914978,
        "y": 0.49363815784454346
    },
    "RING_FINGER_DIP": {
        "x": 0.7949061393737793,
        "y": 0.5315893888473511
    },
    "RING_FINGER_TIP": {
        "x": 0.8014763593673706,
        "y": 0.5511701107025146
    },
    "PINKY_MCP": {
        "x": 0.877977728843689,
        "y": 0.5272297859191895
    },
    "PINKY_PIP": {
        "x": 0.8359262347221375,
        "y": 0.5152117013931274
    },
    "PINKY_DIP": {
        "x": 0.8175044059753418,
        "y": 0.5416818857192993
    },
    "PINKY_TIP": {
        "x": 0.8231202960014343,
        "y": 0.5558796525001526
    }
}