{
    "WRIST": {
        "x": 0.7045532464981079,
        "y": 0.5258796811103821
    },
    "THUMB_CMC": {
        "x": 0.6542590856552124,
        "y": 0.5011687278747559
    },
    "THUMB_MCP": {
        "x": 0.6322765350341797,
        "y": 0.46343234181404114
    },
    "THUMB_IP": {
        "x": 0.6489194631576538,
        "y": 0.43226802349090576
    },
    "THUMB_TIP": {
        "x": 0.6909953355789185,
        "y": 0.4217761754989624
    },
    "INDEX_FINGER_MCP": {
        "x": 0.6804410815238953,
        "y": 0.43877509236335754
    },
    "INDEX_FINGER_PIP": {
        "x": 0.6750866174697876,
        "y": 0.4086446166038513
    },
    "INDEX_FINGER_DIP": {
        "x": 0.667385995388031,
        "y": 0.42968398332595825
    },
    "INDEX_FINGER_TIP": {
        "x": 0.6726497411727905,
        "y": 0.4415869116783142
    },
    "MIDDLE_FINGER_MCP": {
        "x": 0.7112954258918762,
        "y": 0.44273561239242554
    },
    "MIDDLE_FINGER_PIP": {
        "x": 0.6961154341697693,
        "y": 0.4175875782966614
    },
    "MIDDLE_FINGER_DIP": {
        "x": 0.6841809153556824,
        "y": 0.4456574618816376
    },
    "MIDDLE_FINGER_TIP": {
        "x": 0.6956509351730347,
        "y": 0.4573012590408325
    },
    "RING_FINGER_MCP": {
        "x": 0.7409011125564575,
        "y": 0.44941195845603943
    },
    "RING_FINGER_PIP": {
        "x": 0.7235580086708069,
        "y": 0.4251576066017151
    },
    "RING_FINGER_DIP": {
        "x": 0.7037621736526489,
        "y": 0.4529542624950409
    },
    "RING_FINGER_TIP": {
        "x": 0.7112146019935608,
        "y": 0.4678613841533661
    },
    "PINKY_MCP": {
        "x": 0.7741372585296631,
        "y": 0.4605472981929779
    },
    "PINKY_PIP": {
        "x": 0.7603128552436829,
        "y": 0.43226081132888794
    },
    "PINKY_DIP": {
        "x": 0.7391166687011719,
        "y": 0.44849780201911926
    },
    "PINKY_TIP": {
        "x": 0.7398054003715515,
        "y": 0.4619225263595581
    }
}