{
    "WRIST": {
        "x": 0.6843217015266418,
        "y": 0.553650438785553
    },
    "THUMB_CMC": {
        "x": 0.6292625665664673,
        "y": 0.5357962846755981
    },
    "THUMB_MCP": {
        "x": 0.599227249622345,
        "y": 0.4957905411720276
    },
    "THUMB_IP": {
        "x": 0.6134691834449768,
        "y": 0.4606674909591675
    },
    "THUMB_TIP": {
        "x": 0.6617687940597534,
        "y": 0.4491042494773865
    },
    "INDEX_FINGER_MCP": {
        "x": 0.6487723588943481,
        "y": 0.4598987400531769
    },
    "INDEX_FINGER_PIP": {
        "x": 0.6387740969657898,
        "y": 0.4306448996067047
    },
    "INDEX_FINGER_DIP": {
        "x": 0.6304964423179626,
        "y": 0.45643097162246704
    },
    "INDEX_FINGER_TIP": {
        "x": 0.6419784426689148,
        "y": 0.472206175327301
    },
    "MIDDLE_FINGER_MCP": {
        "x": 0.6818966269493103,
        "y": 0.4622504711151123
    },
    "MIDDLE_FINGER_PIP": {
        "x": 0.6602776646614075,
        "y": 0.43407538533210754
    },
    "MIDDLE_FINGER_DIP": {
        "x": 0.6490344405174255,
        "y": 0.4688599407672882
    },
    "MIDDLE_FINGER_TIP": {
        "x": 0.6674156785011292,
        "y": 0.48128896951675415
    },
    "RING_FINGER_MCP": {
        "x": 0.7161561846733093,
        "y": 0.468366801738739
    },
    "RING_FINGER_PIP": {
        "x": 0.68758225440979,
        "y": 0.4415891766548157
    },
    "RING_FINGER_DIP": {
        "x": 0.6734285950660706,
        "y": 0.4764963984489441
    },
    "RING_FINGER_TIP": {
        "x": 0.6932169198989868,
        "y": 0.4914839267730713
    },
    "PINKY_MCP": {
        "x": 0.7551484107971191,
        "y": 0.4792585074901581
    },
    "PINKY_PIP": {
        "x": 0.7243128418922424,
        "y": 0.4540335536003113
    },
    "PINKY_DIP": {
        "x": 0.7049096822738647,
        "y": 0.47559669613838196
    },
    "PINKY_TIP": {
        "x": 0.7156614661216736,
        "y": 0.48958027362823486
    }
}