{
    "WRIST": {
        "x": 0.6911685466766357,
        "y": 0.5427907109260559
    },
    "THUMB_CMC": {
        "x": 0.6364548206329346,
        "y": 0.5218786597251892
    },
    "THUMB_MCP": {
        "x": 0.6085361242294312,
        "y": 0.48123687505722046
    },
    "THUMB_IP": {
        "x": 0.625619649887085,
        "y": 0.4472526013851166
    },
    "THUMB_TIP": {
        "x": 0.6684930324554443,
        "y": 0.43709948658943176
    },
    "INDEX_FINGER_MCP": {
        "x": 0.6582043170928955,
        "y": 0.449619323015213
    },
    "INDEX_FINGER_PIP": {
        "x": 0.6464477777481079,
        "y": 0.41921108961105347
    },
    "INDEX_FINGER_DIP": {
        "x": 0.6355838179588318,
        "y": 0.44482994079589844
    },
    "INDEX_FINGER_TIP": {
        "x": 0.6446224451065063,
        "y": 0.4600091576576233
    },
    "MIDDLE_FINGER_MCP": {
        "x": 0.6903334856033325,
        "y": 0.45150449872016907
    },
    "MIDDLE_FINGER_PIP": {
        "x": 0.673912763595581,
        "y": 0.4210578501224518
    },
    "MIDDLE_FINGER_DIP": {
        "x": 0.6587802767753601,
        "y": 0.4527284502983093
    },
    "MIDDLE_FINGER_TIP": {
        "x": 0.6719306111335754,
        "y": 0.4669964015483856
    },
    "RING_FINGER_MCP": {
        "x": 0.7236837148666382,
        "y": 0.457669734954834
    },
    "RING_FINGER_PIP": {
        "x": 0.7038492560386658,
        "y": 0.42921921610832214
    },
    "RING_FINGER_DIP": {
        "x": 0.6823086738586426,
        "y": 0.4610837697982788
    },
    "RING_FINGER_TIP": {
        "x": 0.6946879029273987,
        "y": 0.47816208004951477
    },
    "PINKY_MCP": {
        "x": 0.7624835968017578,
        "y": 0.4685732126235962
    },
    "PINKY_PIP": {
        "x": 0.7422475218772888,
        "y": 0.4409990608692169
    },
    "PINKY_DIP": {
        "x": 0.7166321873664856,
        "y": 0.45938777923583984
    },
    "PINKY_TIP": {
        "x": 0.7185673713684082,
        "y": 0.47338947653770447
    }
}