{
    "WRIST": {
        "x": 0.7281655073165894,
        "y": 0.5305725336074829
    },
    "THUMB_CMC": {
        "x": 0.6719579100608826,
        "y": 0.5029175877571106
    },
    "THUMB_MCP": {
        "x": 0.6463294625282288,
        "y": 0.4569545090198517
    },
    "THUMB_IP": {
        "x": 0.6835479736328125,
        "y": 0.42196741700172424
    },
    "THUMB_TIP": {
        "x": 0.7370679378509521,
        "y": 0.4179356098175049
    },
    "INDEX_FINGER_MCP": {
        "x": 0.6975870132446289,
        "y": 0.4364314675331116
    },
    "INDEX_FINGER_PIP": {
        "x": 0.6953817009925842,
        "y": 0.40447771549224854
    },
    "INDEX_FINGER_DIP": {
        "x": 0.6858706474304199,
        "y": 0.4305754601955414
    },
    "INDEX_FINGER_TIP": {
        "x": 0.6870131492614746,
        "y": 0.44596245884895325
    },
    "MIDDLE_FINGER_MCP": {
        "x": 0.734503448009491,
        "y": 0.43927428126335144
    },
    "MIDDLE_FINGER_PIP": {
        "x": 0.7267277836799622,
        "y": 0.4128243923187256
    },
    "MIDDLE_FINGER_DIP": {
        "x": 0.7100292444229126,
        "y": 0.44026249647140503
    },
    "MIDDLE_FINGER_TIP": {
        "x": 0.714894711971283,
        "y": 0.45359334349632263
    },
    "RING_FINGER_MCP": {
        "x": 0.7679474353790283,
        "y": 0.4466392695903778
    },
    "RING_FINGER_PIP": {
        "x": 0.7616280317306519,
        "y": 0.41938653588294983
    },
    "RING_FINGER_DIP": {
        "x": 0.7394781112670898,
        "y": 0.4468148648738861
    },
    "RING_FINGER_TIP": {
        "x": 0.7429636716842651,
        "y": 0.4643167555332184
    },
    "PINKY_MCP": {
        "x": 0.802956759929657,
        "y": 0.4588700532913208
    },
    "PINKY_PIP": {
        "x": 0.7999870777130127,
        "y": 0.43122947216033936
    },
    "PINKY_DIP": {
        "x": 0.780195951461792,
        "y": 0.4444798231124878
    },
    "PINKY_TIP": {
        "x": 0.7800009250640869,
        "y": 0.4568297564983368
    }
}