{
    "WRIST": {
        "x": 0.8847582936286926,
        "y": 0.6617450714111328
    },
    "THUMB_CMC": {
        "x": 0.8147603273391724,
        "y": 0.6355879902839661
    },
    "THUMB_MCP": {
        "x": 0.7803048491477966,
        "y": 0.5847584009170532
    },
    "THUMB_IP": {
        "x": 0.7937440276145935,
        "y": 0.5421199202537537
    },
    "THUMB_TIP": {
        "x": 0.8340666890144348,
        "y": 0.5329909324645996
    },
    "INDEX_FINGER_MCP": {
        "x": 0.8244425654411316,
        "y": 0.5487968325614929
    },
    "INDEX_FINGER_PIP": {
        "x": 0.8148881196975708,
        "y": 0.5062199234962463
    },
    "INDEX_FINGER_DIP": {
        "x": 0.8036037087440491,
        "y": 0.5264559388160706
    },
    "INDEX_FINGER_TIP": {
        "x": 0.8012458086013794,
        "y": 0.5381146669387817
    },
    "MIDDLE_FINGER_MCP": {
        "x": 0.8735087513923645,
        "y": 0.5529869198799133
    },
    "MIDDLE_FINGER_PIP": {
        "x": 0.8634320497512817,
        "y": 0.5203529000282288
    },
    "MIDDLE_FINGER_DIP": {
        "x": 0.8521103262901306,
        "y": 0.5481125712394714
    },
    "MIDDLE_FINGER_TIP": {
        "x": 0.8533154726028442,
        "y": 0.5574648976325989
    },
    "RING_FINGER_MCP": {
        "x": 0.9181560277938843,
        "y": 0.5614681243896484
    },
    "RING_FINGER_PIP": {
        "x": 0.9088413715362549,
        "y": 0.5329807996749878
    },
    "RING_FINGER_DIP": {
        "x": 0.8916893005371094,
        "y": 0.5603231191635132
    },
    "RING_FINGER_TIP": {
        "x": 0.8922833204269409,
        "y": 0.5759419202804565
    },
    "PINKY_MCP": {
        "x": 0.9590670466423035,
        "y": 0.574110209941864
    },
    "PINKY_PIP": {
        "x": 0.9407420754432678,
        "y": 0.5529604554176331
    },
    "PINKY_DIP": {
        "x": 0.9203398823738098,
        "y": 0.5704649090766907
    },
    "PINKY_TIP": {
        "x": 0.9195269346237183,
        "y": 0.5813578367233276
    }
}