{
    "WRIST": {
        "x": 0.8424153327941895,
        "y": 0.6796556115150452
    },
    "THUMB_CMC": {
        "x": 0.7947611808776855,
        "y": 0.6571052670478821
    },
    "THUMB_MCP": {
        "x": 0.7669813632965088,
        "y": 0.6112857460975647
    },
    "THUMB_IP": {
        "x": 0.7863012552261353,
        "y": 0.5782434940338135
    },
    "THUMB_TIP": {
        "x": 0.8366363644599915,
        "y": 0.5702071189880371
    },
    "INDEX_FINGER_MCP": {
        "x": 0.8138962388038635,
        "y": 0.5784765481948853
    },
    "INDEX_FINGER_PIP": {
        "x": 0.8178180456161499,
        "y": 0.5400919318199158
    },
    "INDEX_FINGER_DIP": {
        "x": 0.7918766140937805,
        "y": 0.5649507641792297
    },
    "INDEX_FINGER_TIP": {
        "x": 0.7836501598358154,
        "y": 0.5861485004425049
    },
    "MIDDLE_FINGER_MCP": {
        "x": 0.8605577349662781,
        "y": 0.587637722492218
    },
    "MIDDLE_FINGER_PIP": {
        "x": 0.8697450757026672,
        "y": 0.545067548751831
    },
    "MIDDLE_FINGER_DIP": {
        "x": 0.8362564444541931,
        "y": 0.5708556771278381
    },
    "MIDDLE_FINGER_TIP": {
        "x": 0.8300688862800598,
        "y": 0.5923267006874084
    },
    "RING_FINGER_MCP": {
        "x": 0.9060897827148438,
        "y": 0.6034390330314636
    },
    "RING_FINGER_PIP": {
        "x": 0.9042812585830688,
        "y": 0.5699375867843628
    },
    "RING_FINGER_DIP": {
        "x": 0.8634035587310791,
        "y": 0.5957061648368835
    },
    "RING_FINGER_TIP": {
        "x": 0.8568238615989685,
        "y": 0.6162777543067932
    },
    "PINKY_MCP": {
        "x": 0.9485111236572266,
        "y": 0.6248558163642883
    },
    "PINKY_PIP": {
        "x": 0.9467140436172485,
        "y": 0.5955530405044556
    },
    "PINKY_DIP": {
        "x": 0.9083726406097412,
        "y": 0.6098347902297974
    },
    "PINKY_TIP": {
        "x": 0.8969178795814514,
        "y": 0.6253294348716736
    }
}