{
    "WRIST": {
        "x": 0.8668352961540222,
        "y": 0.6760388016700745
    },
    "THUMB_CMC": {
        "x": 0.8163174986839294,
        "y": 0.6493401527404785
    },
    "THUMB_MCP": {
        "x": 0.7890036106109619,
        "y": 0.6002863049507141
    },
    "THUMB_IP": {
        "x": 0.8090550899505615,
        "y": 0.5625516772270203
    },
    "THUMB_TIP": {
        "x": 0.8605875372886658,
        "y": 0.5494887232780457
    },
    "INDEX_FINGER_MCP": {
        "x": 0.8328639268875122,
        "y": 0.5705529451370239
    },
    "INDEX_FINGER_PIP": {
        "x": 0.8291146159172058,
        "y": 0.5315950512886047
    },
    "INDEX_FINGER_DIP": {
        "x": 0.8146945834159851,
        "y": 0.558193564414978
    },
    "INDEX_FINGER_TIP": {
        "x": 0.8131808042526245,
        "y": 0.5781262516975403
    },
    "MIDDLE_FINGER_MCP": {
        "x": 0.877805769443512,
        "y": 0.574640154838562
    },
    "MIDDLE_FINGER_PIP": {
        "x": 0.8764855861663818,
        "y": 0.5296227335929871
    },
    "MIDDLE_FINGER_DIP": {
        "x": 0.8562977313995361,
        "y": 0.5596513152122498
    },
    "MIDDLE_FINGER_TIP": {
        "x": 0.8579175472259521,
        "y": 0.5811404585838318
    },
    "RING_FINGER_MCP": {
        "x": 0.9211889505386353,
        "y": 0.585472047328949
    },
    "RING_FINGER_PIP": {
        "x": 0.9159884452819824,
        "y": 0.5493775606155396
    },
    "RING_FINGER_DIP": {
        "x": 0.8862821459770203,
        "y": 0.5815664529800415
    },
    "RING_FINGER_TIP": {
        "x": 0.8857128620147705,
        "y": 0.6042958498001099
    },
    "PINKY_MCP": {
        "x": 0.9640761017799377,
        "y": 0.6023269891738892
    },
    "PINKY_PIP": {
        "x": 0.9579497575759888,
        "y": 0.5736044049263
    },
    "PINKY_DIP": {
        "x": 0.9281407594680786,
        "y": 0.5943489670753479
    },
    "PINKY_TIP": {
        "x": 0.9229822158813477,
        "y": 0.6110547184944153
    }
}