{
    "WRIST": {
        "x": 0.9179140329360962,
        "y": 0.6852017045021057
    },
    "THUMB_CMC": {
        "x": 0.844174861907959,
        "y": 0.6815665364265442
    },
    "THUMB_MCP": {
        "x": 0.7751699686050415,
        "y": 0.6489502191543579
    },
    "THUMB_IP": {
        "x": 0.7529779672622681,
        "y": 0.6203457117080688
    },
    "THUMB_TIP": {
        "x": 0.7682977914810181,
        "y": 0.593662440776825
    },
    "INDEX_FINGER_MCP": {
        "x": 0.8297419548034668,
        "y": 0.5865088701248169
    },
    "INDEX_FINGER_PIP": {
        "x": 0.8018441796302795,
        "y": 0.5456575751304626
    },
    "INDEX_FINGER_DIP": {
        "x": 0.7740026712417603,
        "y": 0.5304639339447021
    },
    "INDEX_FINGER_TIP": {
        "x": 0.7527903318405151,
        "y": 0.5322412252426147
    },
    "MIDDLE_FINGER_MCP": {
        "x": 0.8701004385948181,
        "y": 0.580517590045929
    },
    "MIDDLE_FINGER_PIP": {
        "x": 0.8756141662597656,
        "y": 0.5276675820350647
    },
    "MIDDLE_FINGER_DIP": {
        "x": 0.8534322381019592,
        "y": 0.5075849294662476
    },
    "MIDDLE_FINGER_TIP": {
        "x": 0.8321226835250854,
        "y": 0.507617175579071
    },
    "RING_FINGER_MCP": {
        "x": 0.9090575575828552,
        "y": 0.5880703330039978
    },
    "RING_FINGER_PIP": {
        "x": 0.9148677587509155,
        "y": 0.5405322909355164
    },
    "RING_FINGER_DIP": {
        "x": 0.8788076043128967,
        "y": 0.5400474667549133
    },
    "RING_FINGER_TIP": {
        "x": 0.8490405082702637,
        "y": 0.5529535412788391
    },
    "PINKY_MCP": {
        "x": 0.9461243748664856,
        "y": 0.602030336856842
    },
    "PINKY_PIP": {
        "x": 0.9412363171577454,
        "y": 0.5705668926239014
    },
    "PINKY_DIP": {
        "x": 0.9081927537918091,
        "y": 0.5738101005554199
    },
    "PINKY_TIP": {
        "x": 0.8779177069664001,
        "y": 0.5877379179000854
    }
}