{
    "WRIST": {
        "x": 0.7790763974189758,
        "y": 0.5794481635093689
    },
    "THUMB_CMC": {
        "x": 0.7178878784179688,
        "y": 0.5786560773849487
    },
    "THUMB_MCP": {
        "x": 0.6605002284049988,
        "y": 0.5583998560905457
    },
    "THUMB_IP": {
        "x": 0.6227776408195496,
        "y": 0.542717456817627
    },
    "THUMB_TIP": {
        "x": 0.5804673433303833,
        "y": 0.5290587544441223
    },
    "INDEX_FINGER_MCP": {
        "x": 0.6840274930000305,
        "y": 0.5084809064865112
    },
    "INDEX_FINGER_PIP": {
        "x": 0.6331833600997925,
        "y": 0.4858308434486389
    },
    "INDEX_FINGER_DIP": {
        "x": 0.5955228805541992,
        "y": 0.4801480174064636
    },
    "INDEX_FINGER_TIP": {
        "x": 0.5620965361595154,
        "y": 0.4785386025905609
    },
    "MIDDLE_FINGER_MCP": {
        "x": 0.711176335811615,
        "y": 0.5000969171524048
    },
    "MIDDLE_FINGER_PIP": {
        "x": 0.6539779901504517,
        "y": 0.489920049905777
    },
    "MIDDLE_FINGER_DIP": {
        "x": 0.6626124382019043,
        "y": 0.5214993953704834
    },
    "MIDDLE_FINGER_TIP": {
        "x": 0.6825006008148193,
        "y": 0.544029951095581
    },
    "RING_FINGER_MCP": {
        "x": 0.74288010597229,
        "y": 0.4982452392578125
    },
    "RING_FINGER_PIP": {
        "x": 0.6853269934654236,
        "y": 0.48941054940223694
    },
    "RING_FINGER_DIP": {
        "x": 0.6904206871986389,
        "y": 0.5214923024177551
    },
    "RING_FINGER_TIP": {
        "x": 0.7089909315109253,
        "y": 0.5430991053581238
    },
    "PINKY_MCP": {
        "x": 0.7765809297561646,
        "y": 0.5014132857322693
    },
    "PINKY_PIP": {
        "x": 0.7257318496704102,
        "y": 0.4880942702293396
    },
    "PINKY_DIP": {
        "x": 0.7077112197875977,
        "y": 0.5052433609962463
    },
    "PINKY_TIP": {
        "x": 0.7070064544677734,
        "y": 0.5208387970924377
    }
}