{
    "WRIST": {
        "x": 0.7852867841720581,
        "y": 0.6079875826835632
    },
    "THUMB_CMC": {
        "x": 0.7219192385673523,
        "y": 0.6028285026550293
    },
    "THUMB_MCP": {
        "x": 0.6613134145736694,
        "y": 0.5799385905265808
    },
    "THUMB_IP": {
        "x": 0.6093002557754517,
        "y": 0.5702027082443237
    },
    "THUMB_TIP": {
        "x": 0.5516296625137329,
        "y": 0.5689886808395386
    },
    "INDEX_FINGER_MCP": {
        "x": 0.706704318523407,
        "y": 0.5301287770271301
    },
    "INDEX_FINGER_PIP": {
        "x": 0.6387070417404175,
        "y": 0.5107585787773132
    },
    "INDEX_FINGER_DIP": {
        "x": 0.5922026634216309,
        "y": 0.5094585418701172
    },
    "INDEX_FINGER_TIP": {
        "x": 0.5577134490013123,
        "y": 0.5128187537193298
    },
    "MIDDLE_FINGER_MCP": {
        "x": 0.7483974695205688,
        "y": 0.5249766707420349
    },
    "MIDDLE_FINGER_PIP": {
        "x": 0.6679608225822449,
        "y": 0.5327290892601013
    },
    "MIDDLE_FINGER_DIP": {
        "x": 0.6799246668815613,
        "y": 0.5632524490356445
    },
    "MIDDLE_FINGER_TIP": {
        "x": 0.7020213007926941,
        "y": 0.5764598250389099
    },
    "RING_FINGER_MCP": {
        "x": 0.7837164998054504,
        "y": 0.5321510434150696
    },
    "RING_FINGER_PIP": {
        "x": 0.7078880667686462,
        "y": 0.5407562255859375
    },
    "RING_FINGER_DIP": {
        "x": 0.7219805121421814,
        "y": 0.57077556848526
    },
    "RING_FINGER_TIP": {
        "x": 0.7481915950775146,
        "y": 0.584575355052948
    },
    "PINKY_MCP": {
        "x": 0.8098092675209045,
        "y": 0.5456247925758362
    },
    "PINKY_PIP": {
        "x": 0.751539409160614,
        "y": 0.5546900629997253
    },
    "PINKY_DIP": {
        "x": 0.748874843120575,
        "y": 0.573887288570404
    },
    "PINKY_TIP": {
        "x": 0.7631697654724121,
        "y": 0.5821463465690613
    }
}