{
    "WRIST": {
        "x": 0.7983324527740479,
        "y": 0.5749916434288025
    },
    "THUMB_CMC": {
        "x": 0.7325071096420288,
        "y": 0.5734516978263855
    },
    "THUMB_MCP": {
        "x": 0.6665676832199097,
        "y": 0.5597698092460632
    },
    "THUMB_IP": {
        "x": 0.617702066898346,
        "y": 0.5504510998725891
    },
    "THUMB_TIP": {
        "x": 0.5826606154441833,
        "y": 0.5415962338447571
    },
    "INDEX_FINGER_MCP": {
        "x": 0.6763556599617004,
        "y": 0.5130351185798645
    },
    "INDEX_FINGER_PIP": {
        "x": 0.6175310015678406,
        "y": 0.508908212184906
    },
    "INDEX_FINGER_DIP": {
        "x": 0.5793265104293823,
        "y": 0.5122711062431335
    },
    "INDEX_FINGER_TIP": {
        "x": 0.5569055676460266,
        "y": 0.5181438326835632
    },
    "MIDDLE_FINGER_MCP": {
        "x": 0.6826030611991882,
        "y": 0.509834885597229
    },
    "MIDDLE_FINGER_PIP": {
        "x": 0.6106271743774414,
        "y": 0.5033477544784546
    },
    "MIDDLE_FINGER_DIP": {
        "x": 0.5732797980308533,
        "y": 0.507510781288147
    },
    "MIDDLE_FINGER_TIP": {
        "x": 0.55174320936203,
        "y": 0.5113193392753601
    },
    "RING_FINGER_MCP": {
        "x": 0.6882383227348328,
        "y": 0.5142783522605896
    },
    "RING_FINGER_PIP": {
        "x": 0.61317378282547,
        "y": 0.5078005790710449
    },
    "RING_FINGER_DIP": {
        "x": 0.5744921565055847,
        "y": 0.5138221979141235
    },
    "RING_FINGER_TIP": {
        "x": 0.5530115365982056,
        "y": 0.519106924533844
    },
    "PINKY_MCP": {
        "x": 0.689730167388916,
        "y": 0.5229101181030273
    },
    "PINKY_PIP": {
        "x": 0.6239585876464844,
        "y": 0.5183364152908325
    },
    "PINKY_DIP": {
        "x": 0.5898898243904114,
        "y": 0.5230017900466919
    },
    "PINKY_TIP": {
        "x": 0.5672927498817444,
        "y": 0.5291774868965149
    }
}