{
    "WRIST": {
        "x": 0.8359858989715576,
        "y": 0.6093874573707581
    },
    "THUMB_CMC": {
        "x": 0.7692551016807556,
        "y": 0.6096619963645935
    },
    "THUMB_MCP": {
        "x": 0.7148693203926086,
        "y": 0.5976930260658264
    },
    "THUMB_IP": {
        "x": 0.6783152222633362,
        "y": 0.5883507132530212
    },
    "THUMB_TIP": {
        "x": 0.6769151091575623,
        "y": 0.5782136917114258
    },
    "INDEX_FINGER_MCP": {
        "x": 0.7489460706710815,
        "y": 0.5199320316314697
    },
    "INDEX_FINGER_PIP": {
        "x": 0.7378977537155151,
        "y": 0.4702240526676178
    },
    "INDEX_FINGER_DIP": {
        "x": 0.7345717549324036,
        "y": 0.4797218441963196
    },
    "INDEX_FINGER_TIP": {
        "x": 0.7378056645393372,
        "y": 0.49879494309425354
    },
    "MIDDLE_FINGER_MCP": {
        "x": 0.8008654713630676,
        "y": 0.5121275782585144
    },
    "MIDDLE_FINGER_PIP": {
        "x": 0.8046997785568237,
        "y": 0.4501822888851166
    },
    "MIDDLE_FINGER_DIP": {
        "x": 0.8062243461608887,
        "y": 0.4131861627101898
    },
    "MIDDLE_FINGER_TIP": {
        "x": 0.8052059412002563,
        "y": 0.37971073389053345
    },
    "RING_FINGER_MCP": {
        "x": 0.8512651920318604,
        "y": 0.5176811814308167
    },
    "RING_FINGER_PIP": {
        "x": 0.855698823928833,
        "y": 0.4581528306007385
    },
    "RING_FINGER_DIP": {
        "x": 0.8582967519760132,
        "y": 0.4202691912651062
    },
    "RING_FINGER_TIP": {
        "x": 0.8579698801040649,
        "y": 0.3868691325187683
    },
    "PINKY_MCP": {
        "x": 0.9033027291297913,
        "y": 0.5308736562728882
    },
    "PINKY_PIP": {
        "x": 0.9047653675079346,
        "y": 0.48383498191833496
    },
    "PINKY_DIP": {
        "x": 0.9027901887893677,
        "y": 0.4540795087814331
    },
    "PINKY_TIP": {
        "x": 0.8971731662750244,
        "y": 0.42773744463920593
    }
}