{
    "WRIST": {
        "x": 0.8152529001235962,
        "y": 0.6234662532806396
    },
    "THUMB_CMC": {
        "x": 0.7472953200340271,
        "y": 0.6131900548934937
    },
    "THUMB_MCP": {
        "x": 0.6866797804832458,
        "y": 0.5849288105964661
    },
    "THUMB_IP": {
        "x": 0.6336628198623657,
        "y": 0.571402907371521
    },
    "THUMB_TIP": {
        "x": 0.5659388303756714,
        "y": 0.5665274262428284
    },
    "INDEX_FINGER_MCP": {
        "x": 0.7454509735107422,
        "y": 0.5189147591590881
    },
    "INDEX_FINGER_PIP": {
        "x": 0.660891056060791,
        "y": 0.5059843063354492
    },
    "INDEX_FINGER_DIP": {
        "x": 0.6007739901542664,
        "y": 0.5054951906204224
    },
    "INDEX_FINGER_TIP": {
        "x": 0.5505185723304749,
        "y": 0.5077967047691345
    },
    "MIDDLE_FINGER_MCP": {
        "x": 0.788762629032135,
        "y": 0.5170934200286865
    },
    "MIDDLE_FINGER_PIP": {
        "x": 0.6785609126091003,
        "y": 0.525612473487854
    },
    "MIDDLE_FINGER_DIP": {
        "x": 0.699156641960144,
        "y": 0.5605289936065674
    },
    "MIDDLE_FINGER_TIP": {
        "x": 0.7329967021942139,
        "y": 0.5705962181091309
    },
    "RING_FINGER_MCP": {
        "x": 0.8189308047294617,
        "y": 0.5282266736030579
    },
    "RING_FINGER_PIP": {
        "x": 0.7090795636177063,
        "y": 0.537614643573761
    },
    "RING_FINGER_DIP": {
        "x": 0.73100745677948,
        "y": 0.5713538527488708
    },
    "RING_FINGER_TIP": {
        "x": 0.7656236886978149,
        "y": 0.5825783610343933
    },
    "PINKY_MCP": {
        "x": 0.8371771574020386,
        "y": 0.5453528761863708
    },
    "PINKY_PIP": {
        "x": 0.748965859413147,
        "y": 0.5520309209823608
    },
    "PINKY_DIP": {
        "x": 0.7524648904800415,
        "y": 0.5746622085571289
    },
    "PINKY_TIP": {
        "x": 0.7780524492263794,
        "y": 0.5814470648765564
    }
}