{
    "WRIST": {
        "x": 0.8183977603912354,
        "y": 0.615896463394165
    },
    "THUMB_CMC": {
        "x": 0.7486684322357178,
        "y": 0.6144159436225891
    },
    "THUMB_MCP": {
        "x": 0.6889413595199585,
        "y": 0.5963075757026672
    },
    "THUMB_IP": {
        "x": 0.6566168665885925,
        "y": 0.5770939588546753
    },
    "THUMB_TIP": {
        "x": 0.6775304079055786,
        "y": 0.5585678219795227
    },
    "INDEX_FINGER_MCP": {
        "x": 0.7504886984825134,
        "y": 0.5164125561714172
    },
    "INDEX_FINGER_PIP": {
        "x": 0.7406390905380249,
        "y": 0.4716601073741913
    },
    "INDEX_FINGER_DIP": {
        "x": 0.7288693189620972,
        "y": 0.4762418866157532
    },
    "INDEX_FINGER_TIP": {
        "x": 0.7259219288825989,
        "y": 0.4908137023448944
    },
    "MIDDLE_FINGER_MCP": {
        "x": 0.7999890446662903,
        "y": 0.5087760090827942
    },
    "MIDDLE_FINGER_PIP": {
        "x": 0.8035025000572205,
        "y": 0.4519243538379669
    },
    "MIDDLE_FINGER_DIP": {
        "x": 0.798977792263031,
        "y": 0.4166167974472046
    },
    "MIDDLE_FINGER_TIP": {
        "x": 0.7949907183647156,
        "y": 0.3838159441947937
    },
    "RING_FINGER_MCP": {
        "x": 0.8465284705162048,
        "y": 0.5151482224464417
    },
    "RING_FINGER_PIP": {
        "x": 0.8520614504814148,
        "y": 0.4602385461330414
    },
    "RING_FINGER_DIP": {
        "x": 0.8516137599945068,
        "y": 0.4243934750556946
    },
    "RING_FINGER_TIP": {
        "x": 0.851325273513794,
        "y": 0.3916889429092407
    },
    "PINKY_MCP": {
        "x": 0.8940133452415466,
        "y": 0.5312503576278687
    },
    "PINKY_PIP": {
        "x": 0.8992445468902588,
        "y": 0.4894704520702362
    },
    "PINKY_DIP": {
        "x": 0.8960286378860474,
        "y": 0.46262598037719727
    },
    "PINKY_TIP": {
        "x": 0.8921805620193481,
        "y": 0.43829309940338135
    }
}