{
    "WRIST": {
        "x": 0.7808646559715271,
        "y": 0.5811909437179565
    },
    "THUMB_CMC": {
        "x": 0.7078697681427002,
        "y": 0.5817636847496033
    },
    "THUMB_MCP": {
        "x": 0.6425780653953552,
        "y": 0.5643855929374695
    },
    "THUMB_IP": {
        "x": 0.5961025357246399,
        "y": 0.5519801378250122
    },
    "THUMB_TIP": {
        "x": 0.5536364316940308,
        "y": 0.5425836443901062
    },
    "INDEX_FINGER_MCP": {
        "x": 0.6603466272354126,
        "y": 0.5113168358802795
    },
    "INDEX_FINGER_PIP": {
        "x": 0.5974777340888977,
        "y": 0.49409550428390503
    },
    "INDEX_FINGER_DIP": {
        "x": 0.5548921823501587,
        "y": 0.4950551688671112
    },
    "INDEX_FINGER_TIP": {
        "x": 0.5222506523132324,
        "y": 0.49918630719184875
    },
    "MIDDLE_FINGER_MCP": {
        "x": 0.6925978660583496,
        "y": 0.5031031370162964
    },
    "MIDDLE_FINGER_PIP": {
        "x": 0.635593593120575,
        "y": 0.5152001976966858
    },
    "MIDDLE_FINGER_DIP": {
        "x": 0.6604125499725342,
        "y": 0.5442432761192322
    },
    "MIDDLE_FINGER_TIP": {
        "x": 0.6846172213554382,
        "y": 0.554679274559021
    },
    "RING_FINGER_MCP": {
        "x": 0.7285807132720947,
        "y": 0.5041934251785278
    },
    "RING_FINGER_PIP": {
        "x": 0.6700892448425293,
        "y": 0.517059326171875
    },
    "RING_FINGER_DIP": {
        "x": 0.6905873417854309,
        "y": 0.5450935959815979
    },
    "RING_FINGER_TIP": {
        "x": 0.7130735516548157,
        "y": 0.5566747784614563
    },
    "PINKY_MCP": {
        "x": 0.7637856602668762,
        "y": 0.5100438594818115
    },
    "PINKY_PIP": {
        "x": 0.7121603488922119,
        "y": 0.5186849236488342
    },
    "PINKY_DIP": {
        "x": 0.706457793712616,
        "y": 0.5387572050094604
    },
    "PINKY_TIP": {
        "x": 0.7114730477333069,
        "y": 0.5501463413238525
    }
}