{
    "WRIST": {
        "x": 0.8051003217697144,
        "y": 0.613745391368866
    },
    "THUMB_CMC": {
        "x": 0.7422853708267212,
        "y": 0.6051386594772339
    },
    "THUMB_MCP": {
        "x": 0.682826578617096,
        "y": 0.5805371999740601
    },
    "THUMB_IP": {
        "x": 0.626980721950531,
        "y": 0.5697453022003174
    },
    "THUMB_TIP": {
        "x": 0.563849925994873,
        "y": 0.5637384057044983
    },
    "INDEX_FINGER_MCP": {
        "x": 0.7437173128128052,
        "y": 0.5201422572135925
    },
    "INDEX_FINGER_PIP": {
        "x": 0.658653974533081,
        "y": 0.5080886483192444
    },
    "INDEX_FINGER_DIP": {
        "x": 0.6013624668121338,
        "y": 0.5045969486236572
    },
    "INDEX_FINGER_TIP": {
        "x": 0.5535298585891724,
        "y": 0.5037640333175659
    },
    "MIDDLE_FINGER_MCP": {
        "x": 0.7868832945823669,
        "y": 0.5173591375350952
    },
    "MIDDLE_FINGER_PIP": {
        "x": 0.6813035011291504,
        "y": 0.5259456634521484
    },
    "MIDDLE_FINGER_DIP": {
        "x": 0.7015047073364258,
        "y": 0.5578976273536682
    },
    "MIDDLE_FINGER_TIP": {
        "x": 0.7316819429397583,
        "y": 0.5683816075325012
    },
    "RING_FINGER_MCP": {
        "x": 0.8174605369567871,
        "y": 0.5269383788108826
    },
    "RING_FINGER_PIP": {
        "x": 0.7132713198661804,
        "y": 0.5362133979797363
    },
    "RING_FINGER_DIP": {
        "x": 0.7336218357086182,
        "y": 0.5680675506591797
    },
    "RING_FINGER_TIP": {
        "x": 0.7648127675056458,
        "y": 0.5799242854118347
    },
    "PINKY_MCP": {
        "x": 0.8346523642539978,
        "y": 0.5433409214019775
    },
    "PINKY_PIP": {
        "x": 0.7513405680656433,
        "y": 0.5483758449554443
    },
    "PINKY_DIP": {
        "x": 0.7488787770271301,
        "y": 0.5682842135429382
    },
    "PINKY_TIP": {
        "x": 0.7652637958526611,
        "y": 0.5754414796829224
    }
}