{
    "WRIST": {
        "x": 0.7982551455497742,
        "y": 0.5891584157943726
    },
    "THUMB_CMC": {
        "x": 0.7317327857017517,
        "y": 0.5870925784111023
    },
    "THUMB_MCP": {
        "x": 0.6752116680145264,
        "y": 0.5673472881317139
    },
    "THUMB_IP": {
        "x": 0.6448673009872437,
        "y": 0.5479032397270203
    },
    "THUMB_TIP": {
        "x": 0.644119918346405,
        "y": 0.5251901745796204
    },
    "INDEX_FINGER_MCP": {
        "x": 0.7247505784034729,
        "y": 0.49551984667778015
    },
    "INDEX_FINGER_PIP": {
        "x": 0.7034564018249512,
        "y": 0.450924813747406
    },
    "INDEX_FINGER_DIP": {
        "x": 0.6676278710365295,
        "y": 0.45241159200668335
    },
    "INDEX_FINGER_TIP": {
        "x": 0.6523407697677612,
        "y": 0.4687209725379944
    },
    "MIDDLE_FINGER_MCP": {
        "x": 0.7597585916519165,
        "y": 0.49111002683639526
    },
    "MIDDLE_FINGER_PIP": {
        "x": 0.7471514940261841,
        "y": 0.4374174475669861
    },
    "MIDDLE_FINGER_DIP": {
        "x": 0.7073731422424316,
        "y": 0.44821131229400635
    },
    "MIDDLE_FINGER_TIP": {
        "x": 0.6958812475204468,
        "y": 0.47211891412734985
    },
    "RING_FINGER_MCP": {
        "x": 0.7967000603675842,
        "y": 0.49527475237846375
    },
    "RING_FINGER_PIP": {
        "x": 0.7963693141937256,
        "y": 0.4429186284542084
    },
    "RING_FINGER_DIP": {
        "x": 0.7594701647758484,
        "y": 0.4491516351699829
    },
    "RING_FINGER_TIP": {
        "x": 0.7436861991882324,
        "y": 0.47015824913978577
    },
    "PINKY_MCP": {
        "x": 0.836695671081543,
        "y": 0.5047663450241089
    },
    "PINKY_PIP": {
        "x": 0.8410348892211914,
        "y": 0.4655342698097229
    },
    "PINKY_DIP": {
        "x": 0.809288501739502,
        "y": 0.46183207631111145
    },
    "PINKY_TIP": {
        "x": 0.7836397886276245,
        "y": 0.4755999743938446
    }
}