{
    "WRIST": {
        "x": 0.810478150844574,
        "y": 0.6146755218505859
    },
    "THUMB_CMC": {
        "x": 0.7447217106819153,
        "y": 0.6093483567237854
    },
    "THUMB_MCP": {
        "x": 0.6819711327552795,
        "y": 0.5876209139823914
    },
    "THUMB_IP": {
        "x": 0.6511461734771729,
        "y": 0.5691476464271545
    },
    "THUMB_TIP": {
        "x": 0.6605088114738464,
        "y": 0.5488165616989136
    },
    "INDEX_FINGER_MCP": {
        "x": 0.7449694275856018,
        "y": 0.5048402547836304
    },
    "INDEX_FINGER_PIP": {
        "x": 0.733854353427887,
        "y": 0.460773766040802
    },
    "INDEX_FINGER_DIP": {
        "x": 0.7138774991035461,
        "y": 0.46051132678985596
    },
    "INDEX_FINGER_TIP": {
        "x": 0.699396550655365,
        "y": 0.471818208694458
    },
    "MIDDLE_FINGER_MCP": {
        "x": 0.8025298714637756,
        "y": 0.5020439624786377
    },
    "MIDDLE_FINGER_PIP": {
        "x": 0.8080185651779175,
        "y": 0.44587212800979614
    },
    "MIDDLE_FINGER_DIP": {
        "x": 0.7936111092567444,
        "y": 0.41643190383911133
    },
    "MIDDLE_FINGER_TIP": {
        "x": 0.7780406475067139,
        "y": 0.39480459690093994
    },
    "RING_FINGER_MCP": {
        "x": 0.8501757979393005,
        "y": 0.5166034698486328
    },
    "RING_FINGER_PIP": {
        "x": 0.8731333613395691,
        "y": 0.4680081009864807
    },
    "RING_FINGER_DIP": {
        "x": 0.861228346824646,
        "y": 0.4440048336982727
    },
    "RING_FINGER_TIP": {
        "x": 0.8482980728149414,
        "y": 0.4257654547691345
    },
    "PINKY_MCP": {
        "x": 0.8892701864242554,
        "y": 0.5422022938728333
    },
    "PINKY_PIP": {
        "x": 0.9087353944778442,
        "y": 0.5245568752288818
    },
    "PINKY_DIP": {
        "x": 0.8849246501922607,
        "y": 0.5274032354354858
    },
    "PINKY_TIP": {
        "x": 0.8604637980461121,
        "y": 0.5319488048553467
    }
}