{
    "WRIST": {
        "x": 0.7764053344726562,
        "y": 0.5710602402687073
    },
    "THUMB_CMC": {
        "x": 0.699617326259613,
        "y": 0.5736527442932129
    },
    "THUMB_MCP": {
        "x": 0.6392968893051147,
        "y": 0.5633922815322876
    },
    "THUMB_IP": {
        "x": 0.5969758033752441,
        "y": 0.5538028478622437
    },
    "THUMB_TIP": {
        "x": 0.5574826002120972,
        "y": 0.5469018816947937
    },
    "INDEX_FINGER_MCP": {
        "x": 0.6515583395957947,
        "y": 0.5160337090492249
    },
    "INDEX_FINGER_PIP": {
        "x": 0.6033092141151428,
        "y": 0.5063623785972595
    },
    "INDEX_FINGER_DIP": {
        "x": 0.5737869739532471,
        "y": 0.5070384740829468
    },
    "INDEX_FINGER_TIP": {
        "x": 0.5478586554527283,
        "y": 0.5090644359588623
    },
    "MIDDLE_FINGER_MCP": {
        "x": 0.6753009557723999,
        "y": 0.5107396245002747
    },
    "MIDDLE_FINGER_PIP": {
        "x": 0.637939989566803,
        "y": 0.5139942169189453
    },
    "MIDDLE_FINGER_DIP": {
        "x": 0.6265652179718018,
        "y": 0.5256456136703491
    },
    "MIDDLE_FINGER_TIP": {
        "x": 0.615972638130188,
        "y": 0.5321196913719177
    },
    "RING_FINGER_MCP": {
        "x": 0.6977681517601013,
        "y": 0.5115272402763367
    },
    "RING_FINGER_PIP": {
        "x": 0.6649101972579956,
        "y": 0.5203275084495544
    },
    "RING_FINGER_DIP": {
        "x": 0.6665728092193604,
        "y": 0.5397573709487915
    },
    "RING_FINGER_TIP": {
        "x": 0.6730538010597229,
        "y": 0.5515207052230835
    },
    "PINKY_MCP": {
        "x": 0.7178642749786377,
        "y": 0.5148584842681885
    },
    "PINKY_PIP": {
        "x": 0.6856793761253357,
        "y": 0.525455892086029
    },
    "PINKY_DIP": {
        "x": 0.6797314882278442,
        "y": 0.538898766040802
    },
    "PINKY_TIP": {
        "x": 0.6817306876182556,
        "y": 0.5478382110595703
    }
}