{
    "WRIST": {
        "x": 0.7998440861701965,
        "y": 0.6148491501808167
    },
    "THUMB_CMC": {
        "x": 0.7293604612350464,
        "y": 0.6090576648712158
    },
    "THUMB_MCP": {
        "x": 0.6619418859481812,
        "y": 0.5849446654319763
    },
    "THUMB_IP": {
        "x": 0.608161449432373,
        "y": 0.5721356868743896
    },
    "THUMB_TIP": {
        "x": 0.5550757050514221,
        "y": 0.5663403868675232
    },
    "INDEX_FINGER_MCP": {
        "x": 0.7028408646583557,
        "y": 0.5296157002449036
    },
    "INDEX_FINGER_PIP": {
        "x": 0.6317423582077026,
        "y": 0.5095590353012085
    },
    "INDEX_FINGER_DIP": {
        "x": 0.5850775837898254,
        "y": 0.5101593136787415
    },
    "INDEX_FINGER_TIP": {
        "x": 0.5517849922180176,
        "y": 0.5151378512382507
    },
    "MIDDLE_FINGER_MCP": {
        "x": 0.7471312284469604,
        "y": 0.5232810974121094
    },
    "MIDDLE_FINGER_PIP": {
        "x": 0.6680941581726074,
        "y": 0.5326100587844849
    },
    "MIDDLE_FINGER_DIP": {
        "x": 0.6820485591888428,
        "y": 0.5650434494018555
    },
    "MIDDLE_FINGER_TIP": {
        "x": 0.7050110697746277,
        "y": 0.5780763626098633
    },
    "RING_FINGER_MCP": {
        "x": 0.7880203723907471,
        "y": 0.5304344892501831
    },
    "RING_FINGER_PIP": {
        "x": 0.7141024470329285,
        "y": 0.5424124598503113
    },
    "RING_FINGER_DIP": {
        "x": 0.7291567921638489,
        "y": 0.5741238594055176
    },
    "RING_FINGER_TIP": {
        "x": 0.7554254531860352,
        "y": 0.5871307849884033
    },
    "PINKY_MCP": {
        "x": 0.820578396320343,
        "y": 0.5443175435066223
    },
    "PINKY_PIP": {
        "x": 0.7624025344848633,
        "y": 0.5574301481246948
    },
    "PINKY_DIP": {
        "x": 0.7595478296279907,
        "y": 0.5788432955741882
    },
    "PINKY_TIP": {
        "x": 0.7736064791679382,
        "y": 0.5877236127853394
    }
}