{
    "WRIST": {
        "x": 0.7970004081726074,
        "y": 0.5863350629806519
    },
    "THUMB_CMC": {
        "x": 0.735447108745575,
        "y": 0.5836506485939026
    },
    "THUMB_MCP": {
        "x": 0.6754672527313232,
        "y": 0.5602877736091614
    },
    "THUMB_IP": {
        "x": 0.6353148818016052,
        "y": 0.5405558347702026
    },
    "THUMB_TIP": {
        "x": 0.5929208993911743,
        "y": 0.5224557518959045
    },
    "INDEX_FINGER_MCP": {
        "x": 0.6939376592636108,
        "y": 0.5068843960762024
    },
    "INDEX_FINGER_PIP": {
        "x": 0.6496403217315674,
        "y": 0.47754162549972534
    },
    "INDEX_FINGER_DIP": {
        "x": 0.6137362718582153,
        "y": 0.4770464301109314
    },
    "INDEX_FINGER_TIP": {
        "x": 0.5847027897834778,
        "y": 0.4802921414375305
    },
    "MIDDLE_FINGER_MCP": {
        "x": 0.7280423045158386,
        "y": 0.49639150500297546
    },
    "MIDDLE_FINGER_PIP": {
        "x": 0.7123550772666931,
        "y": 0.43935129046440125
    },
    "MIDDLE_FINGER_DIP": {
        "x": 0.6985850930213928,
        "y": 0.40836912393569946
    },
    "MIDDLE_FINGER_TIP": {
        "x": 0.6925815939903259,
        "y": 0.3826104998588562
    },
    "RING_FINGER_MCP": {
        "x": 0.7630835771560669,
        "y": 0.4986681044101715
    },
    "RING_FINGER_PIP": {
        "x": 0.7225372791290283,
        "y": 0.46214330196380615
    },
    "RING_FINGER_DIP": {
        "x": 0.7036504149436951,
        "y": 0.4828905761241913
    },
    "RING_FINGER_TIP": {
        "x": 0.7052874565124512,
        "y": 0.5039741396903992
    },
    "PINKY_MCP": {
        "x": 0.7980023622512817,
        "y": 0.5057602524757385
    },
    "PINKY_PIP": {
        "x": 0.7606830596923828,
        "y": 0.4781619906425476
    },
    "PINKY_DIP": {
        "x": 0.7402732372283936,
        "y": 0.4946291148662567
    },
    "PINKY_TIP": {
        "x": 0.7378782033920288,
        "y": 0.5156237483024597
    }
}