{
    "WRIST": {
        "x": 0.8049566149711609,
        "y": 0.6009865999221802
    },
    "THUMB_CMC": {
        "x": 0.7397417426109314,
        "y": 0.5935600399971008
    },
    "THUMB_MCP": {
        "x": 0.6794525384902954,
        "y": 0.5716189742088318
    },
    "THUMB_IP": {
        "x": 0.6461987495422363,
        "y": 0.5553016662597656
    },
    "THUMB_TIP": {
        "x": 0.6550919413566589,
        "y": 0.5435189604759216
    },
    "INDEX_FINGER_MCP": {
        "x": 0.7381241321563721,
        "y": 0.496646910905838
    },
    "INDEX_FINGER_PIP": {
        "x": 0.7190579771995544,
        "y": 0.4491468667984009
    },
    "INDEX_FINGER_DIP": {
        "x": 0.6962252855300903,
        "y": 0.44807615876197815
    },
    "INDEX_FINGER_TIP": {
        "x": 0.6851418614387512,
        "y": 0.4604606330394745
    },
    "MIDDLE_FINGER_MCP": {
        "x": 0.7770833969116211,
        "y": 0.49376437067985535
    },
    "MIDDLE_FINGER_PIP": {
        "x": 0.775020182132721,
        "y": 0.43462711572647095
    },
    "MIDDLE_FINGER_DIP": {
        "x": 0.7441500425338745,
        "y": 0.4292486608028412
    },
    "MIDDLE_FINGER_TIP": {
        "x": 0.7233858704566956,
        "y": 0.4423965811729431
    },
    "RING_FINGER_MCP": {
        "x": 0.8154046535491943,
        "y": 0.5024538040161133
    },
    "RING_FINGER_PIP": {
        "x": 0.8235902190208435,
        "y": 0.4493597745895386
    },
    "RING_FINGER_DIP": {
        "x": 0.7934282422065735,
        "y": 0.4401361644268036
    },
    "RING_FINGER_TIP": {
        "x": 0.7675241827964783,
        "y": 0.4483180642127991
    },
    "PINKY_MCP": {
        "x": 0.8544222116470337,
        "y": 0.5193196535110474
    },
    "PINKY_PIP": {
        "x": 0.8629645109176636,
        "y": 0.4813031256198883
    },
    "PINKY_DIP": {
        "x": 0.8361145257949829,
        "y": 0.4662487208843231
    },
    "PINKY_TIP": {
        "x": 0.8030139207839966,
        "y": 0.46494391560554504
    }
}