{
    "WRIST": {
        "x": 0.7894088625907898,
        "y": 0.6160829067230225
    },
    "THUMB_CMC": {
        "x": 0.727720320224762,
        "y": 0.6086476445198059
    },
    "THUMB_MCP": {
        "x": 0.6706002354621887,
        "y": 0.5831224918365479
    },
    "THUMB_IP": {
        "x": 0.6182776093482971,
        "y": 0.5717406272888184
    },
    "THUMB_TIP": {
        "x": 0.556602418422699,
        "y": 0.5667027235031128
    },
    "INDEX_FINGER_MCP": {
        "x": 0.7308561205863953,
        "y": 0.5220911502838135
    },
    "INDEX_FINGER_PIP": {
        "x": 0.6507742404937744,
        "y": 0.5088598728179932
    },
    "INDEX_FINGER_DIP": {
        "x": 0.595819890499115,
        "y": 0.5080787539482117
    },
    "INDEX_FINGER_TIP": {
        "x": 0.5517843961715698,
        "y": 0.5100900530815125
    },
    "MIDDLE_FINGER_MCP": {
        "x": 0.7705591917037964,
        "y": 0.5198769569396973
    },
    "MIDDLE_FINGER_PIP": {
        "x": 0.6700155735015869,
        "y": 0.5273259282112122
    },
    "MIDDLE_FINGER_DIP": {
        "x": 0.6871952414512634,
        "y": 0.5605962872505188
    },
    "MIDDLE_FINGER_TIP": {
        "x": 0.715770959854126,
        "y": 0.5709195733070374
    },
    "RING_FINGER_MCP": {
        "x": 0.7998182773590088,
        "y": 0.5293114185333252
    },
    "RING_FINGER_PIP": {
        "x": 0.7010718584060669,
        "y": 0.5367046594619751
    },
    "RING_FINGER_DIP": {
        "x": 0.71928870677948,
        "y": 0.5701767206192017
    },
    "RING_FINGER_TIP": {
        "x": 0.7509818077087402,
        "y": 0.582579493522644
    },
    "PINKY_MCP": {
        "x": 0.8172901272773743,
        "y": 0.5453665852546692
    },
    "PINKY_PIP": {
        "x": 0.7394821643829346,
        "y": 0.5513120889663696
    },
    "PINKY_DIP": {
        "x": 0.7390849590301514,
        "y": 0.5725441575050354
    },
    "PINKY_TIP": {
        "x": 0.7594443559646606,
        "y": 0.579573929309845
    }
}