{
    "WRIST": {
        "x": 0.7996498346328735,
        "y": 0.610210120677948
    },
    "THUMB_CMC": {
        "x": 0.7380196452140808,
        "y": 0.6026093363761902
    },
    "THUMB_MCP": {
        "x": 0.6788069009780884,
        "y": 0.579127848148346
    },
    "THUMB_IP": {
        "x": 0.6238040328025818,
        "y": 0.5690245628356934
    },
    "THUMB_TIP": {
        "x": 0.5628342628479004,
        "y": 0.5635231137275696
    },
    "INDEX_FINGER_MCP": {
        "x": 0.7387658953666687,
        "y": 0.5208737850189209
    },
    "INDEX_FINGER_PIP": {
        "x": 0.6572416424751282,
        "y": 0.5089490413665771
    },
    "INDEX_FINGER_DIP": {
        "x": 0.6035871505737305,
        "y": 0.5051762461662292
    },
    "INDEX_FINGER_TIP": {
        "x": 0.5572223663330078,
        "y": 0.5045270323753357
    },
    "MIDDLE_FINGER_MCP": {
        "x": 0.7816466689109802,
        "y": 0.5172263979911804
    },
    "MIDDLE_FINGER_PIP": {
        "x": 0.6789640188217163,
        "y": 0.5272746086120605
    },
    "MIDDLE_FINGER_DIP": {
        "x": 0.6990320682525635,
        "y": 0.5584686398506165
    },
    "MIDDLE_FINGER_TIP": {
        "x": 0.7284818291664124,
        "y": 0.5698239803314209
    },
    "RING_FINGER_MCP": {
        "x": 0.8118166923522949,
        "y": 0.5261348485946655
    },
    "RING_FINGER_PIP": {
        "x": 0.7109779119491577,
        "y": 0.5369406938552856
    },
    "RING_FINGER_DIP": {
        "x": 0.7314771413803101,
        "y": 0.5675225257873535
    },
    "RING_FINGER_TIP": {
        "x": 0.7624632120132446,
        "y": 0.5793924927711487
    },
    "PINKY_MCP": {
        "x": 0.8295953273773193,
        "y": 0.5418760776519775
    },
    "PINKY_PIP": {
        "x": 0.7483635544776917,
        "y": 0.547225832939148
    },
    "PINKY_DIP": {
        "x": 0.7459831833839417,
        "y": 0.5660971403121948
    },
    "PINKY_TIP": {
        "x": 0.7617402076721191,
        "y": 0.5729589462280273
    }
}