{
    "WRIST": {
        "x": 0.8099237084388733,
        "y": 0.5980129241943359
    },
    "THUMB_CMC": {
        "x": 0.7411752939224243,
        "y": 0.592850387096405
    },
    "THUMB_MCP": {
        "x": 0.6801762580871582,
        "y": 0.5665416121482849
    },
    "THUMB_IP": {
        "x": 0.6373929381370544,
        "y": 0.5433807373046875
    },
    "THUMB_TIP": {
        "x": 0.613974928855896,
        "y": 0.5174047350883484
    },
    "INDEX_FINGER_MCP": {
        "x": 0.7071986794471741,
        "y": 0.5004537105560303
    },
    "INDEX_FINGER_PIP": {
        "x": 0.6671133637428284,
        "y": 0.45973703265190125
    },
    "INDEX_FINGER_DIP": {
        "x": 0.6382972002029419,
        "y": 0.4658840298652649
    },
    "INDEX_FINGER_TIP": {
        "x": 0.6244903802871704,
        "y": 0.48119568824768066
    },
    "MIDDLE_FINGER_MCP": {
        "x": 0.7410461902618408,
        "y": 0.49117836356163025
    },
    "MIDDLE_FINGER_PIP": {
        "x": 0.7330241203308105,
        "y": 0.432020366191864
    },
    "MIDDLE_FINGER_DIP": {
        "x": 0.719010055065155,
        "y": 0.4029187262058258
    },
    "MIDDLE_FINGER_TIP": {
        "x": 0.7138149738311768,
        "y": 0.3808645009994507
    },
    "RING_FINGER_MCP": {
        "x": 0.7749738097190857,
        "y": 0.49536406993865967
    },
    "RING_FINGER_PIP": {
        "x": 0.7494422793388367,
        "y": 0.44973671436309814
    },
    "RING_FINGER_DIP": {
        "x": 0.7236588597297668,
        "y": 0.46332037448883057
    },
    "RING_FINGER_TIP": {
        "x": 0.7175958156585693,
        "y": 0.48394960165023804
    },
    "PINKY_MCP": {
        "x": 0.8109119534492493,
        "y": 0.5041957497596741
    },
    "PINKY_PIP": {
        "x": 0.787152886390686,
        "y": 0.46700525283813477
    },
    "PINKY_DIP": {
        "x": 0.762081503868103,
        "y": 0.4728715717792511
    },
    "PINKY_TIP": {
        "x": 0.7520881295204163,
        "y": 0.48967814445495605
    }
}