{
    "WRIST": {
        "x": 0.774014949798584,
        "y": 0.5819447636604309
    },
    "THUMB_CMC": {
        "x": 0.7162813544273376,
        "y": 0.5834623575210571
    },
    "THUMB_MCP": {
        "x": 0.658427894115448,
        "y": 0.5631516575813293
    },
    "THUMB_IP": {
        "x": 0.6105392575263977,
        "y": 0.5508920550346375
    },
    "THUMB_TIP": {
        "x": 0.5603986978530884,
        "y": 0.5426434278488159
    },
    "INDEX_FINGER_MCP": {
        "x": 0.6830610036849976,
        "y": 0.5138188600540161
    },
    "INDEX_FINGER_PIP": {
        "x": 0.6221794486045837,
        "y": 0.493727445602417
    },
    "INDEX_FINGER_DIP": {
        "x": 0.580388605594635,
        "y": 0.49097034335136414
    },
    "INDEX_FINGER_TIP": {
        "x": 0.5417190790176392,
        "y": 0.49109315872192383
    },
    "MIDDLE_FINGER_MCP": {
        "x": 0.7115552425384521,
        "y": 0.5067899823188782
    },
    "MIDDLE_FINGER_PIP": {
        "x": 0.6487059593200684,
        "y": 0.5001213550567627
    },
    "MIDDLE_FINGER_DIP": {
        "x": 0.6667020916938782,
        "y": 0.5291963815689087
    },
    "MIDDLE_FINGER_TIP": {
        "x": 0.6899539828300476,
        "y": 0.5468484163284302
    },
    "RING_FINGER_MCP": {
        "x": 0.7419536113739014,
        "y": 0.5062578916549683
    },
    "RING_FINGER_PIP": {
        "x": 0.6811556220054626,
        "y": 0.5043109655380249
    },
    "RING_FINGER_DIP": {
        "x": 0.6981913447380066,
        "y": 0.5358232259750366
    },
    "RING_FINGER_TIP": {
        "x": 0.7222350835800171,
        "y": 0.5533977746963501
    },
    "PINKY_MCP": {
        "x": 0.7698452472686768,
        "y": 0.5106726288795471
    },
    "PINKY_PIP": {
        "x": 0.7255457043647766,
        "y": 0.49766555428504944
    },
    "PINKY_DIP": {
        "x": 0.7022305130958557,
        "y": 0.5024628639221191
    },
    "PINKY_TIP": {
        "x": 0.6902641654014587,
        "y": 0.50649094581604
    }
}