{
    "WRIST": {
        "x": 0.7446255683898926,
        "y": 0.5966809988021851
    },
    "THUMB_CMC": {
        "x": 0.6855406761169434,
        "y": 0.5907456874847412
    },
    "THUMB_MCP": {
        "x": 0.6565152406692505,
        "y": 0.550812304019928
    },
    "THUMB_IP": {
        "x": 0.6927316784858704,
        "y": 0.518429696559906
    },
    "THUMB_TIP": {
        "x": 0.7350966930389404,
        "y": 0.4984287917613983
    },
    "INDEX_FINGER_MCP": {
        "x": 0.6767175793647766,
        "y": 0.4917256832122803
    },
    "INDEX_FINGER_PIP": {
        "x": 0.6568394303321838,
        "y": 0.4536589980125427
    },
    "INDEX_FINGER_DIP": {
        "x": 0.6378226280212402,
        "y": 0.4366267919540405
    },
    "INDEX_FINGER_TIP": {
        "x": 0.6210959553718567,
        "y": 0.43339860439300537
    },
    "MIDDLE_FINGER_MCP": {
        "x": 0.7208768129348755,
        "y": 0.4861072897911072
    },
    "MIDDLE_FINGER_PIP": {
        "x": 0.7262672781944275,
        "y": 0.43721532821655273
    },
    "MIDDLE_FINGER_DIP": {
        "x": 0.7072399258613586,
        "y": 0.424144983291626
    },
    "MIDDLE_FINGER_TIP": {
        "x": 0.6894415616989136,
        "y": 0.43253326416015625
    },
    "RING_FINGER_MCP": {
        "x": 0.7598691582679749,
        "y": 0.49652838706970215
    },
    "RING_FINGER_PIP": {
        "x": 0.7724398374557495,
        "y": 0.44822657108306885
    },
    "RING_FINGER_DIP": {
        "x": 0.7497053742408752,
        "y": 0.4542349576950073
    },
    "RING_FINGER_TIP": {
        "x": 0.731583833694458,
        "y": 0.470772922039032
    },
    "PINKY_MCP": {
        "x": 0.7928802371025085,
        "y": 0.5153164267539978
    },
    "PINKY_PIP": {
        "x": 0.783669650554657,
        "y": 0.4859030544757843
    },
    "PINKY_DIP": {
        "x": 0.7560564279556274,
        "y": 0.4975692629814148
    },
    "PINKY_TIP": {
        "x": 0.7340296506881714,
        "y": 0.5162702202796936
    }
}