{
    "WRIST": {
        "x": 0.8157683610916138,
        "y": 0.5798744559288025
    },
    "THUMB_CMC": {
        "x": 0.7558271288871765,
        "y": 0.5892621874809265
    },
    "THUMB_MCP": {
        "x": 0.7300059199333191,
        "y": 0.5978659987449646
    },
    "THUMB_IP": {
        "x": 0.7376186847686768,
        "y": 0.60759037733078
    },
    "THUMB_TIP": {
        "x": 0.7538346648216248,
        "y": 0.6125332117080688
    },
    "INDEX_FINGER_MCP": {
        "x": 0.7630252242088318,
        "y": 0.5693594217300415
    },
    "INDEX_FINGER_PIP": {
        "x": 0.7376976609230042,
        "y": 0.6199716329574585
    },
    "INDEX_FINGER_DIP": {
        "x": 0.7257400155067444,
        "y": 0.6604506373405457
    },
    "INDEX_FINGER_TIP": {
        "x": 0.7243788242340088,
        "y": 0.6905961036682129
    },
    "MIDDLE_FINGER_MCP": {
        "x": 0.8159713745117188,
        "y": 0.5708285570144653
    },
    "MIDDLE_FINGER_PIP": {
        "x": 0.7914378046989441,
        "y": 0.6355761885643005
    },
    "MIDDLE_FINGER_DIP": {
        "x": 0.7682477831840515,
        "y": 0.6833197474479675
    },
    "MIDDLE_FINGER_TIP": {
        "x": 0.7525336742401123,
        "y": 0.7138034105300903
    },
    "RING_FINGER_MCP": {
        "x": 0.8569880723953247,
        "y": 0.5789563655853271
    },
    "RING_FINGER_PIP": {
        "x": 0.8397517204284668,
        "y": 0.6433891654014587
    },
    "RING_FINGER_DIP": {
        "x": 0.8065070509910583,
        "y": 0.6870479583740234
    },
    "RING_FINGER_TIP": {
        "x": 0.7847166657447815,
        "y": 0.7127605080604553
    },
    "PINKY_MCP": {
        "x": 0.8897297382354736,
        "y": 0.5889990925788879
    },
    "PINKY_PIP": {
        "x": 0.8826156854629517,
        "y": 0.6369665265083313
    },
    "PINKY_DIP": {
        "x": 0.8566356301307678,
        "y": 0.671450138092041
    },
    "PINKY_TIP": {
        "x": 0.8374729752540588,
        "y": 0.6961517333984375
    }
}