{
    "WRIST": {
        "x": 0.8021553158760071,
        "y": 0.5852178335189819
    },
    "THUMB_CMC": {
        "x": 0.8103997111320496,
        "y": 0.6024032235145569
    },
    "THUMB_MCP": {
        "x": 0.8031801581382751,
        "y": 0.611668050289154
    },
    "THUMB_IP": {
        "x": 0.7925733327865601,
        "y": 0.626937747001648
    },
    "THUMB_TIP": {
        "x": 0.7827523946762085,
        "y": 0.6432356834411621
    },
    "INDEX_FINGER_MCP": {
        "x": 0.8060208559036255,
        "y": 0.5870270133018494
    },
    "INDEX_FINGER_PIP": {
        "x": 0.7754808068275452,
        "y": 0.6278247833251953
    },
    "INDEX_FINGER_DIP": {
        "x": 0.7527135014533997,
        "y": 0.6711535453796387
    },
    "INDEX_FINGER_TIP": {
        "x": 0.738928496837616,
        "y": 0.7064909338951111
    },
    "MIDDLE_FINGER_MCP": {
        "x": 0.8085148930549622,
        "y": 0.580960750579834
    },
    "MIDDLE_FINGER_PIP": {
        "x": 0.7712634801864624,
        "y": 0.6304646730422974
    },
    "MIDDLE_FINGER_DIP": {
        "x": 0.7398156523704529,
        "y": 0.6803444027900696
    },
    "MIDDLE_FINGER_TIP": {
        "x": 0.7266588807106018,
        "y": 0.7186436653137207
    },
    "RING_FINGER_MCP": {
        "x": 0.8054665327072144,
        "y": 0.5821743011474609
    },
    "RING_FINGER_PIP": {
        "x": 0.7786517143249512,
        "y": 0.6329912543296814
    },
    "RING_FINGER_DIP": {
        "x": 0.7486697435379028,
        "y": 0.681597888469696
    },
    "RING_FINGER_TIP": {
        "x": 0.734274685382843,
        "y": 0.7149311304092407
    },
    "PINKY_MCP": {
        "x": 0.7960541844367981,
        "y": 0.5856197476387024
    },
    "PINKY_PIP": {
        "x": 0.7814412117004395,
        "y": 0.6291017532348633
    },
    "PINKY_DIP": {
        "x": 0.7663164138793945,
        "y": 0.663349986076355
    },
    "PINKY_TIP": {
        "x": 0.7610636949539185,
        "y": 0.6895169019699097
    }
}