{
    "WRIST": {
        "x": 0.7457863092422485,
        "y": 0.5881590843200684
    },
    "THUMB_CMC": {
        "x": 0.6916347742080688,
        "y": 0.5811232328414917
    },
    "THUMB_MCP": {
        "x": 0.6593586206436157,
        "y": 0.5481756925582886
    },
    "THUMB_IP": {
        "x": 0.6876681447029114,
        "y": 0.5192151665687561
    },
    "THUMB_TIP": {
        "x": 0.7299402952194214,
        "y": 0.5043752789497375
    },
    "INDEX_FINGER_MCP": {
        "x": 0.6740593910217285,
        "y": 0.4893268048763275
    },
    "INDEX_FINGER_PIP": {
        "x": 0.6589750051498413,
        "y": 0.44914811849594116
    },
    "INDEX_FINGER_DIP": {
        "x": 0.6412761807441711,
        "y": 0.437562495470047
    },
    "INDEX_FINGER_TIP": {
        "x": 0.6293570399284363,
        "y": 0.4425109028816223
    },
    "MIDDLE_FINGER_MCP": {
        "x": 0.7184500098228455,
        "y": 0.4841783940792084
    },
    "MIDDLE_FINGER_PIP": {
        "x": 0.7163563370704651,
        "y": 0.43426159024238586
    },
    "MIDDLE_FINGER_DIP": {
        "x": 0.6895329356193542,
        "y": 0.4242720901966095
    },
    "MIDDLE_FINGER_TIP": {
        "x": 0.6683512926101685,
        "y": 0.4326632022857666
    },
    "RING_FINGER_MCP": {
        "x": 0.7600336074829102,
        "y": 0.49522024393081665
    },
    "RING_FINGER_PIP": {
        "x": 0.7673801183700562,
        "y": 0.44726264476776123
    },
    "RING_FINGER_DIP": {
        "x": 0.7444104552268982,
        "y": 0.4459785521030426
    },
    "RING_FINGER_TIP": {
        "x": 0.7258762121200562,
        "y": 0.4553850293159485
    },
    "PINKY_MCP": {
        "x": 0.7972676157951355,
        "y": 0.5151661038398743
    },
    "PINKY_PIP": {
        "x": 0.781103789806366,
        "y": 0.490978479385376
    },
    "PINKY_DIP": {
        "x": 0.7491481304168701,
        "y": 0.5013746023178101
    },
    "PINKY_TIP": {
        "x": 0.7236016392707825,
        "y": 0.5174329876899719
    }
}