{
    "WRIST": {
        "x": 0.7483766674995422,
        "y": 0.552484929561615
    },
    "THUMB_CMC": {
        "x": 0.7998651266098022,
        "y": 0.5838052034378052
    },
    "THUMB_MCP": {
        "x": 0.8301746845245361,
        "y": 0.6114609837532043
    },
    "THUMB_IP": {
        "x": 0.8253535032272339,
        "y": 0.6364749670028687
    },
    "THUMB_TIP": {
        "x": 0.810122549533844,
        "y": 0.6574437618255615
    },
    "INDEX_FINGER_MCP": {
        "x": 0.8437446355819702,
        "y": 0.5923789739608765
    },
    "INDEX_FINGER_PIP": {
        "x": 0.8329800367355347,
        "y": 0.6494864225387573
    },
    "INDEX_FINGER_DIP": {
        "x": 0.8117513060569763,
        "y": 0.6914337873458862
    },
    "INDEX_FINGER_TIP": {
        "x": 0.7940086722373962,
        "y": 0.7252349853515625
    },
    "MIDDLE_FINGER_MCP": {
        "x": 0.807289183139801,
        "y": 0.5746141076087952
    },
    "MIDDLE_FINGER_PIP": {
        "x": 0.7818682789802551,
        "y": 0.6404645442962646
    },
    "MIDDLE_FINGER_DIP": {
        "x": 0.7618364691734314,
        "y": 0.6949781775474548
    },
    "MIDDLE_FINGER_TIP": {
        "x": 0.7510312795639038,
        "y": 0.7339350581169128
    },
    "RING_FINGER_MCP": {
        "x": 0.7622998356819153,
        "y": 0.5666681528091431
    },
    "RING_FINGER_PIP": {
        "x": 0.7326620817184448,
        "y": 0.6253384947776794
    },
    "RING_FINGER_DIP": {
        "x": 0.7208593487739563,
        "y": 0.6746105551719666
    },
    "RING_FINGER_TIP": {
        "x": 0.7185290455818176,
        "y": 0.7082093954086304
    },
    "PINKY_MCP": {
        "x": 0.7111627459526062,
        "y": 0.5636746287345886
    },
    "PINKY_PIP": {
        "x": 0.688330352306366,
        "y": 0.6122231483459473
    },
    "PINKY_DIP": {
        "x": 0.6843371391296387,
        "y": 0.6490707397460938
    },
    "PINKY_TIP": {
        "x": 0.6822797656059265,
        "y": 0.6800916790962219
    }
}