{
    "WRIST": {
        "x": 0.7601920962333679,
        "y": 0.6031013131141663
    },
    "THUMB_CMC": {
        "x": 0.6965632438659668,
        "y": 0.5928353071212769
    },
    "THUMB_MCP": {
        "x": 0.6646896004676819,
        "y": 0.5536831021308899
    },
    "THUMB_IP": {
        "x": 0.685863196849823,
        "y": 0.5248046517372131
    },
    "THUMB_TIP": {
        "x": 0.7214827537536621,
        "y": 0.5116973519325256
    },
    "INDEX_FINGER_MCP": {
        "x": 0.682811439037323,
        "y": 0.5038967728614807
    },
    "INDEX_FINGER_PIP": {
        "x": 0.6710025072097778,
        "y": 0.48710140585899353
    },
    "INDEX_FINGER_DIP": {
        "x": 0.6727721691131592,
        "y": 0.5133041739463806
    },
    "INDEX_FINGER_TIP": {
        "x": 0.6803797483444214,
        "y": 0.5295036435127258
    },
    "MIDDLE_FINGER_MCP": {
        "x": 0.7343143820762634,
        "y": 0.5046411752700806
    },
    "MIDDLE_FINGER_PIP": {
        "x": 0.723268985748291,
        "y": 0.46738165616989136
    },
    "MIDDLE_FINGER_DIP": {
        "x": 0.7157036066055298,
        "y": 0.4736139476299286
    },
    "MIDDLE_FINGER_TIP": {
        "x": 0.7143186926841736,
        "y": 0.47401830554008484
    },
    "RING_FINGER_MCP": {
        "x": 0.7836337685585022,
        "y": 0.5145148038864136
    },
    "RING_FINGER_PIP": {
        "x": 0.7701941728591919,
        "y": 0.49642959237098694
    },
    "RING_FINGER_DIP": {
        "x": 0.7530227303504944,
        "y": 0.5195097923278809
    },
    "RING_FINGER_TIP": {
        "x": 0.7481661438941956,
        "y": 0.5359896421432495
    },
    "PINKY_MCP": {
        "x": 0.829277753829956,
        "y": 0.530832827091217
    },
    "PINKY_PIP": {
        "x": 0.8247693181037903,
        "y": 0.5170930027961731
    },
    "PINKY_DIP": {
        "x": 0.8055540919303894,
        "y": 0.5295127034187317
    },
    "PINKY_TIP": {
        "x": 0.7983469367027283,
        "y": 0.5376384258270264
    }
}