{
    "WRIST": {
        "x": 0.8111157417297363,
        "y": 0.5888820290565491
    },
    "THUMB_CMC": {
        "x": 0.7811508178710938,
        "y": 0.6028499007225037
    },
    "THUMB_MCP": {
        "x": 0.7594238519668579,
        "y": 0.6100728511810303
    },
    "THUMB_IP": {
        "x": 0.7494218945503235,
        "y": 0.6211085915565491
    },
    "THUMB_TIP": {
        "x": 0.7400821447372437,
        "y": 0.6379597187042236
    },
    "INDEX_FINGER_MCP": {
        "x": 0.7788888216018677,
        "y": 0.5831868052482605
    },
    "INDEX_FINGER_PIP": {
        "x": 0.7494444847106934,
        "y": 0.6257767081260681
    },
    "INDEX_FINGER_DIP": {
        "x": 0.7305677533149719,
        "y": 0.6712355613708496
    },
    "INDEX_FINGER_TIP": {
        "x": 0.7235808372497559,
        "y": 0.7096654772758484
    },
    "MIDDLE_FINGER_MCP": {
        "x": 0.808785080909729,
        "y": 0.5789145231246948
    },
    "MIDDLE_FINGER_PIP": {
        "x": 0.7717323899269104,
        "y": 0.625575840473175
    },
    "MIDDLE_FINGER_DIP": {
        "x": 0.7410726547241211,
        "y": 0.6786012649536133
    },
    "MIDDLE_FINGER_TIP": {
        "x": 0.7287856936454773,
        "y": 0.7196442484855652
    },
    "RING_FINGER_MCP": {
        "x": 0.8284344673156738,
        "y": 0.5833078622817993
    },
    "RING_FINGER_PIP": {
        "x": 0.8002133369445801,
        "y": 0.6281170845031738
    },
    "RING_FINGER_DIP": {
        "x": 0.7693662643432617,
        "y": 0.6782365441322327
    },
    "RING_FINGER_TIP": {
        "x": 0.753343403339386,
        "y": 0.7137425541877747
    },
    "PINKY_MCP": {
        "x": 0.8393271565437317,
        "y": 0.5919030904769897
    },
    "PINKY_PIP": {
        "x": 0.8267557621002197,
        "y": 0.6323215961456299
    },
    "PINKY_DIP": {
        "x": 0.8127832412719727,
        "y": 0.6650576591491699
    },
    "PINKY_TIP": {
        "x": 0.8076351284980774,
        "y": 0.6899584531784058
    }
}