{
    "WRIST": {
        "x": 0.7412545680999756,
        "y": 0.5715639591217041
    },
    "THUMB_CMC": {
        "x": 0.6947420835494995,
        "y": 0.5616943836212158
    },
    "THUMB_MCP": {
        "x": 0.6674038767814636,
        "y": 0.5367223024368286
    },
    "THUMB_IP": {
        "x": 0.6914369463920593,
        "y": 0.5186877846717834
    },
    "THUMB_TIP": {
        "x": 0.7325100898742676,
        "y": 0.5117655396461487
    },
    "INDEX_FINGER_MCP": {
        "x": 0.6716034412384033,
        "y": 0.4827277958393097
    },
    "INDEX_FINGER_PIP": {
        "x": 0.6601862907409668,
        "y": 0.44655609130859375
    },
    "INDEX_FINGER_DIP": {
        "x": 0.6408717632293701,
        "y": 0.44858047366142273
    },
    "INDEX_FINGER_TIP": {
        "x": 0.6280044317245483,
        "y": 0.4620301127433777
    },
    "MIDDLE_FINGER_MCP": {
        "x": 0.7151691913604736,
        "y": 0.4791480600833893
    },
    "MIDDLE_FINGER_PIP": {
        "x": 0.7105371356010437,
        "y": 0.43426331877708435
    },
    "MIDDLE_FINGER_DIP": {
        "x": 0.6841403841972351,
        "y": 0.44033282995224
    },
    "MIDDLE_FINGER_TIP": {
        "x": 0.6644812822341919,
        "y": 0.4570087790489197
    },
    "RING_FINGER_MCP": {
        "x": 0.757538378238678,
        "y": 0.48997169733047485
    },
    "RING_FINGER_PIP": {
        "x": 0.7603402733802795,
        "y": 0.45182448625564575
    },
    "RING_FINGER_DIP": {
        "x": 0.7299123406410217,
        "y": 0.45792892575263977
    },
    "RING_FINGER_TIP": {
        "x": 0.7043856382369995,
        "y": 0.4699719548225403
    },
    "PINKY_MCP": {
        "x": 0.7959537506103516,
        "y": 0.5099708437919617
    },
    "PINKY_PIP": {
        "x": 0.7857348322868347,
        "y": 0.49740466475486755
    },
    "PINKY_DIP": {
        "x": 0.7536212205886841,
        "y": 0.5077390670776367
    },
    "PINKY_TIP": {
        "x": 0.7274296879768372,
        "y": 0.5207386612892151
    }
}