{
    "WRIST": {
        "x": 0.8126227259635925,
        "y": 0.6398259401321411
    },
    "THUMB_CMC": {
        "x": 0.8760418891906738,
        "y": 0.6517053246498108
    },
    "THUMB_MCP": {
        "x": 0.9038372039794922,
        "y": 0.6575796604156494
    },
    "THUMB_IP": {
        "x": 0.9041467308998108,
        "y": 0.6683866381645203
    },
    "THUMB_TIP": {
        "x": 0.8743230700492859,
        "y": 0.6752956509590149
    },
    "INDEX_FINGER_MCP": {
        "x": 0.847304105758667,
        "y": 0.5993892550468445
    },
    "INDEX_FINGER_PIP": {
        "x": 0.8403747081756592,
        "y": 0.6364367008209229
    },
    "INDEX_FINGER_DIP": {
        "x": 0.8157095313072205,
        "y": 0.675148606300354
    },
    "INDEX_FINGER_TIP": {
        "x": 0.7965537905693054,
        "y": 0.7070203423500061
    },
    "MIDDLE_FINGER_MCP": {
        "x": 0.796661376953125,
        "y": 0.5861466526985168
    },
    "MIDDLE_FINGER_PIP": {
        "x": 0.7933250069618225,
        "y": 0.6333010792732239
    },
    "MIDDLE_FINGER_DIP": {
        "x": 0.7750208377838135,
        "y": 0.6852389574050903
    },
    "MIDDLE_FINGER_TIP": {
        "x": 0.7608133554458618,
        "y": 0.7236678600311279
    },
    "RING_FINGER_MCP": {
        "x": 0.7521775960922241,
        "y": 0.5902851819992065
    },
    "RING_FINGER_PIP": {
        "x": 0.751318633556366,
        "y": 0.6374532580375671
    },
    "RING_FINGER_DIP": {
        "x": 0.7380404472351074,
        "y": 0.6887301206588745
    },
    "RING_FINGER_TIP": {
        "x": 0.7235301733016968,
        "y": 0.7271621227264404
    },
    "PINKY_MCP": {
        "x": 0.7126614451408386,
        "y": 0.6068877577781677
    },
    "PINKY_PIP": {
        "x": 0.710228681564331,
        "y": 0.6396021246910095
    },
    "PINKY_DIP": {
        "x": 0.7047531604766846,
        "y": 0.6757409572601318
    },
    "PINKY_TIP": {
        "x": 0.7008358836174011,
        "y": 0.7070438861846924
    }
}