{
    "WRIST": {
        "x": 0.7556639909744263,
        "y": 0.5980006456375122
    },
    "THUMB_CMC": {
        "x": 0.7014102339744568,
        "y": 0.5899531841278076
    },
    "THUMB_MCP": {
        "x": 0.6756201982498169,
        "y": 0.5528143048286438
    },
    "THUMB_IP": {
        "x": 0.6987934112548828,
        "y": 0.5217663645744324
    },
    "THUMB_TIP": {
        "x": 0.7278591394424438,
        "y": 0.4987815320491791
    },
    "INDEX_FINGER_MCP": {
        "x": 0.6884838342666626,
        "y": 0.4896189570426941
    },
    "INDEX_FINGER_PIP": {
        "x": 0.6714635491371155,
        "y": 0.453020304441452
    },
    "INDEX_FINGER_DIP": {
        "x": 0.6552579402923584,
        "y": 0.43350356817245483
    },
    "INDEX_FINGER_TIP": {
        "x": 0.6424436569213867,
        "y": 0.42587918043136597
    },
    "MIDDLE_FINGER_MCP": {
        "x": 0.7331894636154175,
        "y": 0.4869229793548584
    },
    "MIDDLE_FINGER_PIP": {
        "x": 0.7491958737373352,
        "y": 0.4371614456176758
    },
    "MIDDLE_FINGER_DIP": {
        "x": 0.7351225018501282,
        "y": 0.4322572648525238
    },
    "MIDDLE_FINGER_TIP": {
        "x": 0.7235068082809448,
        "y": 0.4448208808898926
    },
    "RING_FINGER_MCP": {
        "x": 0.7725187540054321,
        "y": 0.499814510345459
    },
    "RING_FINGER_PIP": {
        "x": 0.7918006181716919,
        "y": 0.4539526700973511
    },
    "RING_FINGER_DIP": {
        "x": 0.7677636742591858,
        "y": 0.4624357223510742
    },
    "RING_FINGER_TIP": {
        "x": 0.748973548412323,
        "y": 0.47852227091789246
    },
    "PINKY_MCP": {
        "x": 0.804231584072113,
        "y": 0.5194639563560486
    },
    "PINKY_PIP": {
        "x": 0.8007867336273193,
        "y": 0.49422264099121094
    },
    "PINKY_DIP": {
        "x": 0.7728222012519836,
        "y": 0.5049452781677246
    },
    "PINKY_TIP": {
        "x": 0.7500255107879639,
        "y": 0.5195816159248352
    }
}