{
    "WRIST": {
        "x": 0.7688690423965454,
        "y": 0.6026689410209656
    },
    "THUMB_CMC": {
        "x": 0.7159640192985535,
        "y": 0.5962743163108826
    },
    "THUMB_MCP": {
        "x": 0.6927215456962585,
        "y": 0.5624966621398926
    },
    "THUMB_IP": {
        "x": 0.7148935794830322,
        "y": 0.5334929823875427
    },
    "THUMB_TIP": {
        "x": 0.7447452545166016,
        "y": 0.5130877494812012
    },
    "INDEX_FINGER_MCP": {
        "x": 0.6991322040557861,
        "y": 0.49453669786453247
    },
    "INDEX_FINGER_PIP": {
        "x": 0.6853303909301758,
        "y": 0.455944299697876
    },
    "INDEX_FINGER_DIP": {
        "x": 0.6745350360870361,
        "y": 0.4361658990383148
    },
    "INDEX_FINGER_TIP": {
        "x": 0.6664531230926514,
        "y": 0.4299919605255127
    },
    "MIDDLE_FINGER_MCP": {
        "x": 0.7499101161956787,
        "y": 0.49285566806793213
    },
    "MIDDLE_FINGER_PIP": {
        "x": 0.7611514925956726,
        "y": 0.43993857502937317
    },
    "MIDDLE_FINGER_DIP": {
        "x": 0.7500891089439392,
        "y": 0.44370877742767334
    },
    "MIDDLE_FINGER_TIP": {
        "x": 0.7421202659606934,
        "y": 0.4607667028903961
    },
    "RING_FINGER_MCP": {
        "x": 0.7962676882743835,
        "y": 0.5066308975219727
    },
    "RING_FINGER_PIP": {
        "x": 0.8076492547988892,
        "y": 0.46434706449508667
    },
    "RING_FINGER_DIP": {
        "x": 0.7825566530227661,
        "y": 0.4831928014755249
    },
    "RING_FINGER_TIP": {
        "x": 0.7661502957344055,
        "y": 0.504142701625824
    },
    "PINKY_MCP": {
        "x": 0.8350517749786377,
        "y": 0.5284261703491211
    },
    "PINKY_PIP": {
        "x": 0.829495370388031,
        "y": 0.5097892880439758
    },
    "PINKY_DIP": {
        "x": 0.8018031716346741,
        "y": 0.5229308605194092
    },
    "PINKY_TIP": {
        "x": 0.7804030776023865,
        "y": 0.5370532870292664
    }
}