{
    "WRIST": {
        "x": 0.7488360404968262,
        "y": 0.5930159687995911
    },
    "THUMB_CMC": {
        "x": 0.6916871666908264,
        "y": 0.5849300026893616
    },
    "THUMB_MCP": {
        "x": 0.6633760333061218,
        "y": 0.5482202172279358
    },
    "THUMB_IP": {
        "x": 0.6974037885665894,
        "y": 0.5189571380615234
    },
    "THUMB_TIP": {
        "x": 0.74001544713974,
        "y": 0.5036179423332214
    },
    "INDEX_FINGER_MCP": {
        "x": 0.6905693411827087,
        "y": 0.4922076165676117
    },
    "INDEX_FINGER_PIP": {
        "x": 0.6709563732147217,
        "y": 0.454366534948349
    },
    "INDEX_FINGER_DIP": {
        "x": 0.651915967464447,
        "y": 0.43671715259552
    },
    "INDEX_FINGER_TIP": {
        "x": 0.6345134973526001,
        "y": 0.4304584860801697
    },
    "MIDDLE_FINGER_MCP": {
        "x": 0.7336116433143616,
        "y": 0.48809850215911865
    },
    "MIDDLE_FINGER_PIP": {
        "x": 0.7486891150474548,
        "y": 0.4367644190788269
    },
    "MIDDLE_FINGER_DIP": {
        "x": 0.7321698665618896,
        "y": 0.4279925525188446
    },
    "MIDDLE_FINGER_TIP": {
        "x": 0.7162548303604126,
        "y": 0.43872931599617004
    },
    "RING_FINGER_MCP": {
        "x": 0.7695488333702087,
        "y": 0.4996681213378906
    },
    "RING_FINGER_PIP": {
        "x": 0.7893247604370117,
        "y": 0.4509876072406769
    },
    "RING_FINGER_DIP": {
        "x": 0.7647683024406433,
        "y": 0.455993115901947
    },
    "RING_FINGER_TIP": {
        "x": 0.7440795302391052,
        "y": 0.47087278962135315
    },
    "PINKY_MCP": {
        "x": 0.7982926368713379,
        "y": 0.5194168090820312
    },
    "PINKY_PIP": {
        "x": 0.7979681491851807,
        "y": 0.4902399480342865
    },
    "PINKY_DIP": {
        "x": 0.7696940302848816,
        "y": 0.49941402673721313
    },
    "PINKY_TIP": {
        "x": 0.7448766231536865,
        "y": 0.5151371955871582
    }
}