{
    "WRIST": {
        "x": 0.8155034184455872,
        "y": 0.5804972052574158
    },
    "THUMB_CMC": {
        "x": 0.837763786315918,
        "y": 0.6021341681480408
    },
    "THUMB_MCP": {
        "x": 0.8563727736473083,
        "y": 0.616057276725769
    },
    "THUMB_IP": {
        "x": 0.8600350618362427,
        "y": 0.6344510912895203
    },
    "THUMB_TIP": {
        "x": 0.8505192995071411,
        "y": 0.649195671081543
    },
    "INDEX_FINGER_MCP": {
        "x": 0.8847754001617432,
        "y": 0.5862167477607727
    },
    "INDEX_FINGER_PIP": {
        "x": 0.8522769808769226,
        "y": 0.6370405554771423
    },
    "INDEX_FINGER_DIP": {
        "x": 0.8127919435501099,
        "y": 0.6735905408859253
    },
    "INDEX_FINGER_TIP": {
        "x": 0.7870806455612183,
        "y": 0.7014955282211304
    },
    "MIDDLE_FINGER_MCP": {
        "x": 0.8542304635047913,
        "y": 0.5738999843597412
    },
    "MIDDLE_FINGER_PIP": {
        "x": 0.812751293182373,
        "y": 0.6305185556411743
    },
    "MIDDLE_FINGER_DIP": {
        "x": 0.7723910808563232,
        "y": 0.6717899441719055
    },
    "MIDDLE_FINGER_TIP": {
        "x": 0.7519421577453613,
        "y": 0.6996473073959351
    },
    "RING_FINGER_MCP": {
        "x": 0.8181905746459961,
        "y": 0.5681260824203491
    },
    "RING_FINGER_PIP": {
        "x": 0.7751627564430237,
        "y": 0.6187431812286377
    },
    "RING_FINGER_DIP": {
        "x": 0.739197313785553,
        "y": 0.6586235165596008
    },
    "RING_FINGER_TIP": {
        "x": 0.7298274040222168,
        "y": 0.6860392093658447
    },
    "PINKY_MCP": {
        "x": 0.7836169600486755,
        "y": 0.5656577348709106
    },
    "PINKY_PIP": {
        "x": 0.7516405582427979,
        "y": 0.5933685898780823
    },
    "PINKY_DIP": {
        "x": 0.7215355038642883,
        "y": 0.6185963153839111
    },
    "PINKY_TIP": {
        "x": 0.706131100654602,
        "y": 0.6396106481552124
    }
}