{
    "WRIST": {
        "x": 0.8081727623939514,
        "y": 0.647932231426239
    },
    "THUMB_CMC": {
        "x": 0.8707758188247681,
        "y": 0.6571627855300903
    },
    "THUMB_MCP": {
        "x": 0.905450701713562,
        "y": 0.6607605218887329
    },
    "THUMB_IP": {
        "x": 0.8999052047729492,
        "y": 0.6717188954353333
    },
    "THUMB_TIP": {
        "x": 0.8524977564811707,
        "y": 0.6762487888336182
    },
    "INDEX_FINGER_MCP": {
        "x": 0.8559727072715759,
        "y": 0.5964069366455078
    },
    "INDEX_FINGER_PIP": {
        "x": 0.8499216437339783,
        "y": 0.6344210505485535
    },
    "INDEX_FINGER_DIP": {
        "x": 0.8196089267730713,
        "y": 0.6722847819328308
    },
    "INDEX_FINGER_TIP": {
        "x": 0.7944127321243286,
        "y": 0.7022256851196289
    },
    "MIDDLE_FINGER_MCP": {
        "x": 0.8048703670501709,
        "y": 0.5817336440086365
    },
    "MIDDLE_FINGER_PIP": {
        "x": 0.7971612215042114,
        "y": 0.6295536756515503
    },
    "MIDDLE_FINGER_DIP": {
        "x": 0.7789971232414246,
        "y": 0.6818011403083801
    },
    "MIDDLE_FINGER_TIP": {
        "x": 0.765885055065155,
        "y": 0.7196044325828552
    },
    "RING_FINGER_MCP": {
        "x": 0.7558634877204895,
        "y": 0.5869846940040588
    },
    "RING_FINGER_PIP": {
        "x": 0.7494792938232422,
        "y": 0.6370142102241516
    },
    "RING_FINGER_DIP": {
        "x": 0.7415274977684021,
        "y": 0.6862207651138306
    },
    "RING_FINGER_TIP": {
        "x": 0.735192060470581,
        "y": 0.7207808494567871
    },
    "PINKY_MCP": {
        "x": 0.7107108235359192,
        "y": 0.6033141613006592
    },
    "PINKY_PIP": {
        "x": 0.7132410407066345,
        "y": 0.6394778490066528
    },
    "PINKY_DIP": {
        "x": 0.709352970123291,
        "y": 0.6741811633110046
    },
    "PINKY_TIP": {
        "x": 0.7083454132080078,
        "y": 0.7019917368888855
    }
}