{
    "WRIST": {
        "x": 0.7628816366195679,
        "y": 0.5830612182617188
    },
    "THUMB_CMC": {
        "x": 0.7079522013664246,
        "y": 0.5791476964950562
    },
    "THUMB_MCP": {
        "x": 0.6883007287979126,
        "y": 0.5691861510276794
    },
    "THUMB_IP": {
        "x": 0.7084965705871582,
        "y": 0.5735108852386475
    },
    "THUMB_TIP": {
        "x": 0.7384946942329407,
        "y": 0.580106258392334
    },
    "INDEX_FINGER_MCP": {
        "x": 0.7131602168083191,
        "y": 0.5288085341453552
    },
    "INDEX_FINGER_PIP": {
        "x": 0.6958627700805664,
        "y": 0.5438265204429626
    },
    "INDEX_FINGER_DIP": {
        "x": 0.6881860494613647,
        "y": 0.5661871433258057
    },
    "INDEX_FINGER_TIP": {
        "x": 0.6823779940605164,
        "y": 0.5808417797088623
    },
    "MIDDLE_FINGER_MCP": {
        "x": 0.7720913290977478,
        "y": 0.5263821482658386
    },
    "MIDDLE_FINGER_PIP": {
        "x": 0.7597789168357849,
        "y": 0.528552234172821
    },
    "MIDDLE_FINGER_DIP": {
        "x": 0.7451309561729431,
        "y": 0.5104175209999084
    },
    "MIDDLE_FINGER_TIP": {
        "x": 0.7350441813468933,
        "y": 0.48693692684173584
    },
    "RING_FINGER_MCP": {
        "x": 0.8239238858222961,
        "y": 0.5384026169776917
    },
    "RING_FINGER_PIP": {
        "x": 0.8111996650695801,
        "y": 0.5724786520004272
    },
    "RING_FINGER_DIP": {
        "x": 0.7760648727416992,
        "y": 0.6024802923202515
    },
    "RING_FINGER_TIP": {
        "x": 0.7528033256530762,
        "y": 0.6149002909660339
    },
    "PINKY_MCP": {
        "x": 0.8637102246284485,
        "y": 0.5582907795906067
    },
    "PINKY_PIP": {
        "x": 0.8510100841522217,
        "y": 0.5960992574691772
    },
    "PINKY_DIP": {
        "x": 0.8160983920097351,
        "y": 0.6202497482299805
    },
    "PINKY_TIP": {
        "x": 0.7898191213607788,
        "y": 0.6329290866851807
    }
}