{
    "WRIST": {
        "x": 0.7548762559890747,
        "y": 0.65118008852005
    },
    "THUMB_CMC": {
        "x": 0.8084858059883118,
        "y": 0.6714441180229187
    },
    "THUMB_MCP": {
        "x": 0.8446674346923828,
        "y": 0.6901155114173889
    },
    "THUMB_IP": {
        "x": 0.8385329842567444,
        "y": 0.7110885381698608
    },
    "THUMB_TIP": {
        "x": 0.794524610042572,
        "y": 0.7184891104698181
    },
    "INDEX_FINGER_MCP": {
        "x": 0.8521223068237305,
        "y": 0.607133686542511
    },
    "INDEX_FINGER_PIP": {
        "x": 0.8386199474334717,
        "y": 0.6558244228363037
    },
    "INDEX_FINGER_DIP": {
        "x": 0.8027282357215881,
        "y": 0.6968721151351929
    },
    "INDEX_FINGER_TIP": {
        "x": 0.7722488641738892,
        "y": 0.7235935926437378
    },
    "MIDDLE_FINGER_MCP": {
        "x": 0.8101001977920532,
        "y": 0.5851746797561646
    },
    "MIDDLE_FINGER_PIP": {
        "x": 0.7920231223106384,
        "y": 0.6398208141326904
    },
    "MIDDLE_FINGER_DIP": {
        "x": 0.7640889286994934,
        "y": 0.6898975968360901
    },
    "MIDDLE_FINGER_TIP": {
        "x": 0.7443907260894775,
        "y": 0.7223625779151917
    },
    "RING_FINGER_MCP": {
        "x": 0.7600890398025513,
        "y": 0.5820814371109009
    },
    "RING_FINGER_PIP": {
        "x": 0.7423578500747681,
        "y": 0.6398884057998657
    },
    "RING_FINGER_DIP": {
        "x": 0.7322326898574829,
        "y": 0.6902980804443359
    },
    "RING_FINGER_TIP": {
        "x": 0.7293407917022705,
        "y": 0.7207472920417786
    },
    "PINKY_MCP": {
        "x": 0.7134423851966858,
        "y": 0.5901566743850708
    },
    "PINKY_PIP": {
        "x": 0.7112934589385986,
        "y": 0.6337947845458984
    },
    "PINKY_DIP": {
        "x": 0.7053362727165222,
        "y": 0.6674151420593262
    },
    "PINKY_TIP": {
        "x": 0.7036656737327576,
        "y": 0.6910943388938904
    }
}