{
    "WRIST": {
        "x": 0.7433299422264099,
        "y": 0.6040340065956116
    },
    "THUMB_CMC": {
        "x": 0.6910743117332458,
        "y": 0.5910519957542419
    },
    "THUMB_MCP": {
        "x": 0.6718581914901733,
        "y": 0.5579115152359009
    },
    "THUMB_IP": {
        "x": 0.6906909942626953,
        "y": 0.5397475957870483
    },
    "THUMB_TIP": {
        "x": 0.7179480791091919,
        "y": 0.5309373140335083
    },
    "INDEX_FINGER_MCP": {
        "x": 0.7011949419975281,
        "y": 0.49872907996177673
    },
    "INDEX_FINGER_PIP": {
        "x": 0.6973955035209656,
        "y": 0.45242875814437866
    },
    "INDEX_FINGER_DIP": {
        "x": 0.6940387487411499,
        "y": 0.430379718542099
    },
    "INDEX_FINGER_TIP": {
        "x": 0.6963025331497192,
        "y": 0.4132964611053467
    },
    "MIDDLE_FINGER_MCP": {
        "x": 0.7492040991783142,
        "y": 0.5013347268104553
    },
    "MIDDLE_FINGER_PIP": {
        "x": 0.7243797779083252,
        "y": 0.4697076082229614
    },
    "MIDDLE_FINGER_DIP": {
        "x": 0.7140803337097168,
        "y": 0.46737340092658997
    },
    "MIDDLE_FINGER_TIP": {
        "x": 0.7147094011306763,
        "y": 0.45995020866394043
    },
    "RING_FINGER_MCP": {
        "x": 0.7942527532577515,
        "y": 0.5174030065536499
    },
    "RING_FINGER_PIP": {
        "x": 0.7682210803031921,
        "y": 0.5113667845726013
    },
    "RING_FINGER_DIP": {
        "x": 0.7439424395561218,
        "y": 0.5357478857040405
    },
    "RING_FINGER_TIP": {
        "x": 0.7358843088150024,
        "y": 0.5497787594795227
    },
    "PINKY_MCP": {
        "x": 0.8333877921104431,
        "y": 0.5411074757575989
    },
    "PINKY_PIP": {
        "x": 0.8191436529159546,
        "y": 0.5360922813415527
    },
    "PINKY_DIP": {
        "x": 0.7943201065063477,
        "y": 0.551304817199707
    },
    "PINKY_TIP": {
        "x": 0.7794745564460754,
        "y": 0.5606006383895874
    }
}