{
    "WRIST": {
        "x": 0.7911357283592224,
        "y": 0.6025939583778381
    },
    "THUMB_CMC": {
        "x": 0.7393150925636292,
        "y": 0.6068548560142517
    },
    "THUMB_MCP": {
        "x": 0.7259117364883423,
        "y": 0.609163761138916
    },
    "THUMB_IP": {
        "x": 0.7425086498260498,
        "y": 0.6208023428916931
    },
    "THUMB_TIP": {
        "x": 0.7612643241882324,
        "y": 0.6260383725166321
    },
    "INDEX_FINGER_MCP": {
        "x": 0.7704473733901978,
        "y": 0.5715005993843079
    },
    "INDEX_FINGER_PIP": {
        "x": 0.7529065608978271,
        "y": 0.6349019408226013
    },
    "INDEX_FINGER_DIP": {
        "x": 0.7367457151412964,
        "y": 0.681922435760498
    },
    "INDEX_FINGER_TIP": {
        "x": 0.7297899723052979,
        "y": 0.7165855765342712
    },
    "MIDDLE_FINGER_MCP": {
        "x": 0.8089337944984436,
        "y": 0.5711910724639893
    },
    "MIDDLE_FINGER_PIP": {
        "x": 0.7810524702072144,
        "y": 0.6435724496841431
    },
    "MIDDLE_FINGER_DIP": {
        "x": 0.7548497915267944,
        "y": 0.6952437162399292
    },
    "MIDDLE_FINGER_TIP": {
        "x": 0.7346705794334412,
        "y": 0.7272878289222717
    },
    "RING_FINGER_MCP": {
        "x": 0.8339749574661255,
        "y": 0.579583466053009
    },
    "RING_FINGER_PIP": {
        "x": 0.8090915083885193,
        "y": 0.6456100940704346
    },
    "RING_FINGER_DIP": {
        "x": 0.7764984965324402,
        "y": 0.694972038269043
    },
    "RING_FINGER_TIP": {
        "x": 0.7548553943634033,
        "y": 0.7225185036659241
    },
    "PINKY_MCP": {
        "x": 0.8512809872627258,
        "y": 0.5907890200614929
    },
    "PINKY_PIP": {
        "x": 0.838611900806427,
        "y": 0.6373457312583923
    },
    "PINKY_DIP": {
        "x": 0.8128829598426819,
        "y": 0.6750665307044983
    },
    "PINKY_TIP": {
        "x": 0.7944298386573792,
        "y": 0.699428379535675
    }
}