{
    "WRIST": {
        "x": 0.7523242831230164,
        "y": 0.5898996591567993
    },
    "THUMB_CMC": {
        "x": 0.6960245370864868,
        "y": 0.5848820209503174
    },
    "THUMB_MCP": {
        "x": 0.6607188582420349,
        "y": 0.551326334476471
    },
    "THUMB_IP": {
        "x": 0.6952199339866638,
        "y": 0.5249966382980347
    },
    "THUMB_TIP": {
        "x": 0.7397297024726868,
        "y": 0.5122795104980469
    },
    "INDEX_FINGER_MCP": {
        "x": 0.6856051087379456,
        "y": 0.5046998858451843
    },
    "INDEX_FINGER_PIP": {
        "x": 0.6687964200973511,
        "y": 0.4761974811553955
    },
    "INDEX_FINGER_DIP": {
        "x": 0.6456803679466248,
        "y": 0.4774058163166046
    },
    "INDEX_FINGER_TIP": {
        "x": 0.6285638809204102,
        "y": 0.48666590452194214
    },
    "MIDDLE_FINGER_MCP": {
        "x": 0.7291915416717529,
        "y": 0.4992935359477997
    },
    "MIDDLE_FINGER_PIP": {
        "x": 0.7161967754364014,
        "y": 0.4648776054382324
    },
    "MIDDLE_FINGER_DIP": {
        "x": 0.6886763572692871,
        "y": 0.46550801396369934
    },
    "MIDDLE_FINGER_TIP": {
        "x": 0.6683632135391235,
        "y": 0.4770984649658203
    },
    "RING_FINGER_MCP": {
        "x": 0.7730414271354675,
        "y": 0.5052902698516846
    },
    "RING_FINGER_PIP": {
        "x": 0.757609486579895,
        "y": 0.4747481942176819
    },
    "RING_FINGER_DIP": {
        "x": 0.7253701090812683,
        "y": 0.48050519824028015
    },
    "RING_FINGER_TIP": {
        "x": 0.7018965482711792,
        "y": 0.4919581115245819
    },
    "PINKY_MCP": {
        "x": 0.8169142007827759,
        "y": 0.5192911624908447
    },
    "PINKY_PIP": {
        "x": 0.7989957332611084,
        "y": 0.5008096694946289
    },
    "PINKY_DIP": {
        "x": 0.7726898193359375,
        "y": 0.5136182904243469
    },
    "PINKY_TIP": {
        "x": 0.7559458613395691,
        "y": 0.5272338390350342
    }
}