{
    "WRIST": {
        "x": 0.7456907033920288,
        "y": 0.5890724062919617
    },
    "THUMB_CMC": {
        "x": 0.6940402984619141,
        "y": 0.5798320770263672
    },
    "THUMB_MCP": {
        "x": 0.6605429649353027,
        "y": 0.5473387241363525
    },
    "THUMB_IP": {
        "x": 0.6864610314369202,
        "y": 0.5197272896766663
    },
    "THUMB_TIP": {
        "x": 0.7268171310424805,
        "y": 0.5079177618026733
    },
    "INDEX_FINGER_MCP": {
        "x": 0.6652832627296448,
        "y": 0.485073447227478
    },
    "INDEX_FINGER_PIP": {
        "x": 0.6458773612976074,
        "y": 0.4474804103374481
    },
    "INDEX_FINGER_DIP": {
        "x": 0.6259806156158447,
        "y": 0.4416636824607849
    },
    "INDEX_FINGER_TIP": {
        "x": 0.6154899597167969,
        "y": 0.4501532018184662
    },
    "MIDDLE_FINGER_MCP": {
        "x": 0.7115335464477539,
        "y": 0.4788605868816376
    },
    "MIDDLE_FINGER_PIP": {
        "x": 0.7069745659828186,
        "y": 0.4290841519832611
    },
    "MIDDLE_FINGER_DIP": {
        "x": 0.681255578994751,
        "y": 0.42787042260169983
    },
    "MIDDLE_FINGER_TIP": {
        "x": 0.6644042730331421,
        "y": 0.4416434168815613
    },
    "RING_FINGER_MCP": {
        "x": 0.7560148239135742,
        "y": 0.4897298514842987
    },
    "RING_FINGER_PIP": {
        "x": 0.7608767151832581,
        "y": 0.4457719922065735
    },
    "RING_FINGER_DIP": {
        "x": 0.7326617240905762,
        "y": 0.4544666111469269
    },
    "RING_FINGER_TIP": {
        "x": 0.7105895280838013,
        "y": 0.4698058068752289
    },
    "PINKY_MCP": {
        "x": 0.7962032556533813,
        "y": 0.5099807977676392
    },
    "PINKY_PIP": {
        "x": 0.7818611264228821,
        "y": 0.49123451113700867
    },
    "PINKY_DIP": {
        "x": 0.7481816411018372,
        "y": 0.5057546496391296
    },
    "PINKY_TIP": {
        "x": 0.7211794853210449,
        "y": 0.5232958793640137
    }
}