{
    "WRIST": {
        "x": 0.7956671118736267,
        "y": 0.5850037336349487
    },
    "THUMB_CMC": {
        "x": 0.8026769757270813,
        "y": 0.5960948467254639
    },
    "THUMB_MCP": {
        "x": 0.8013891577720642,
        "y": 0.6022483110427856
    },
    "THUMB_IP": {
        "x": 0.8025900721549988,
        "y": 0.618344247341156
    },
    "THUMB_TIP": {
        "x": 0.8009583353996277,
        "y": 0.6277093291282654
    },
    "INDEX_FINGER_MCP": {
        "x": 0.8490236401557922,
        "y": 0.5697645545005798
    },
    "INDEX_FINGER_PIP": {
        "x": 0.8276737332344055,
        "y": 0.6337003707885742
    },
    "INDEX_FINGER_DIP": {
        "x": 0.7986432909965515,
        "y": 0.6736700534820557
    },
    "INDEX_FINGER_TIP": {
        "x": 0.783716082572937,
        "y": 0.7034388780593872
    },
    "MIDDLE_FINGER_MCP": {
        "x": 0.8331369757652283,
        "y": 0.5647686719894409
    },
    "MIDDLE_FINGER_PIP": {
        "x": 0.8053575754165649,
        "y": 0.6369301080703735
    },
    "MIDDLE_FINGER_DIP": {
        "x": 0.7675526142120361,
        "y": 0.6843920350074768
    },
    "MIDDLE_FINGER_TIP": {
        "x": 0.748417854309082,
        "y": 0.7146662473678589
    },
    "RING_FINGER_MCP": {
        "x": 0.8076676726341248,
        "y": 0.5682961940765381
    },
    "RING_FINGER_PIP": {
        "x": 0.7786290645599365,
        "y": 0.6340779662132263
    },
    "RING_FINGER_DIP": {
        "x": 0.7408657073974609,
        "y": 0.6781687140464783
    },
    "RING_FINGER_TIP": {
        "x": 0.7286797761917114,
        "y": 0.7044156193733215
    },
    "PINKY_MCP": {
        "x": 0.7763480544090271,
        "y": 0.5753944516181946
    },
    "PINKY_PIP": {
        "x": 0.7610220909118652,
        "y": 0.6216227412223816
    },
    "PINKY_DIP": {
        "x": 0.7370805740356445,
        "y": 0.6560184359550476
    },
    "PINKY_TIP": {
        "x": 0.7285528779029846,
        "y": 0.6799144148826599
    }
}