{
    "WRIST": {
        "x": 0.7268233895301819,
        "y": 0.602604866027832
    },
    "THUMB_CMC": {
        "x": 0.7667025327682495,
        "y": 0.622390866279602
    },
    "THUMB_MCP": {
        "x": 0.8014958500862122,
        "y": 0.6460955142974854
    },
    "THUMB_IP": {
        "x": 0.8147982358932495,
        "y": 0.6695349216461182
    },
    "THUMB_TIP": {
        "x": 0.8199174404144287,
        "y": 0.6858997344970703
    },
    "INDEX_FINGER_MCP": {
        "x": 0.8325751423835754,
        "y": 0.5806894898414612
    },
    "INDEX_FINGER_PIP": {
        "x": 0.8236136436462402,
        "y": 0.6317993402481079
    },
    "INDEX_FINGER_DIP": {
        "x": 0.800434947013855,
        "y": 0.6688435077667236
    },
    "INDEX_FINGER_TIP": {
        "x": 0.7841461896896362,
        "y": 0.6978914141654968
    },
    "MIDDLE_FINGER_MCP": {
        "x": 0.8048468232154846,
        "y": 0.5613464117050171
    },
    "MIDDLE_FINGER_PIP": {
        "x": 0.7827351093292236,
        "y": 0.6244423389434814
    },
    "MIDDLE_FINGER_DIP": {
        "x": 0.7594590187072754,
        "y": 0.6721769571304321
    },
    "MIDDLE_FINGER_TIP": {
        "x": 0.7457840442657471,
        "y": 0.7078356146812439
    },
    "RING_FINGER_MCP": {
        "x": 0.7668087482452393,
        "y": 0.5578283667564392
    },
    "RING_FINGER_PIP": {
        "x": 0.7482403516769409,
        "y": 0.6198793649673462
    },
    "RING_FINGER_DIP": {
        "x": 0.7301462292671204,
        "y": 0.6659805178642273
    },
    "RING_FINGER_TIP": {
        "x": 0.7186611294746399,
        "y": 0.7001317143440247
    },
    "PINKY_MCP": {
        "x": 0.7295137643814087,
        "y": 0.5630398392677307
    },
    "PINKY_PIP": {
        "x": 0.7224581837654114,
        "y": 0.6081377267837524
    },
    "PINKY_DIP": {
        "x": 0.7175991535186768,
        "y": 0.6390760540962219
    },
    "PINKY_TIP": {
        "x": 0.7176456451416016,
        "y": 0.6618884801864624
    }
}