{
    "WRIST": {
        "x": 0.763774037361145,
        "y": 0.5975795388221741
    },
    "THUMB_CMC": {
        "x": 0.7057857513427734,
        "y": 0.5904228687286377
    },
    "THUMB_MCP": {
        "x": 0.6797257661819458,
        "y": 0.5582472085952759
    },
    "THUMB_IP": {
        "x": 0.7066285014152527,
        "y": 0.5300207734107971
    },
    "THUMB_TIP": {
        "x": 0.7443268299102783,
        "y": 0.5131635069847107
    },
    "INDEX_FINGER_MCP": {
        "x": 0.6908504366874695,
        "y": 0.49184471368789673
    },
    "INDEX_FINGER_PIP": {
        "x": 0.6762692928314209,
        "y": 0.45095136761665344
    },
    "INDEX_FINGER_DIP": {
        "x": 0.6649408340454102,
        "y": 0.43300682306289673
    },
    "INDEX_FINGER_TIP": {
        "x": 0.6556030511856079,
        "y": 0.42971014976501465
    },
    "MIDDLE_FINGER_MCP": {
        "x": 0.7360449433326721,
        "y": 0.48938634991645813
    },
    "MIDDLE_FINGER_PIP": {
        "x": 0.7517542243003845,
        "y": 0.4368646740913391
    },
    "MIDDLE_FINGER_DIP": {
        "x": 0.7403624653816223,
        "y": 0.4352121949195862
    },
    "MIDDLE_FINGER_TIP": {
        "x": 0.7304970026016235,
        "y": 0.45017051696777344
    },
    "RING_FINGER_MCP": {
        "x": 0.7772652506828308,
        "y": 0.5021522045135498
    },
    "RING_FINGER_PIP": {
        "x": 0.7962071299552917,
        "y": 0.45882463455200195
    },
    "RING_FINGER_DIP": {
        "x": 0.7745961546897888,
        "y": 0.4699811041355133
    },
    "RING_FINGER_TIP": {
        "x": 0.755823016166687,
        "y": 0.4867320954799652
    },
    "PINKY_MCP": {
        "x": 0.8124034404754639,
        "y": 0.5229405164718628
    },
    "PINKY_PIP": {
        "x": 0.8182666897773743,
        "y": 0.4996648132801056
    },
    "PINKY_DIP": {
        "x": 0.7921335697174072,
        "y": 0.5077022314071655
    },
    "PINKY_TIP": {
        "x": 0.7660855054855347,
        "y": 0.5202417373657227
    }
}