{
    "WRIST": {
        "x": 0.7699875831604004,
        "y": 0.6896895170211792
    },
    "THUMB_CMC": {
        "x": 0.7015882730484009,
        "y": 0.6636890172958374
    },
    "THUMB_MCP": {
        "x": 0.659182608127594,
        "y": 0.6149200797080994
    },
    "THUMB_IP": {
        "x": 0.6423075795173645,
        "y": 0.5759443044662476
    },
    "THUMB_TIP": {
        "x": 0.631855309009552,
        "y": 0.5462942719459534
    },
    "INDEX_FINGER_MCP": {
        "x": 0.708098292350769,
        "y": 0.5709743499755859
    },
    "INDEX_FINGER_PIP": {
        "x": 0.7070546746253967,
        "y": 0.5356027483940125
    },
    "INDEX_FINGER_DIP": {
        "x": 0.7018901109695435,
        "y": 0.5649523735046387
    },
    "INDEX_FINGER_TIP": {
        "x": 0.6981889009475708,
        "y": 0.5911415219306946
    },
    "MIDDLE_FINGER_MCP": {
        "x": 0.7664268016815186,
        "y": 0.5761657357215881
    },
    "MIDDLE_FINGER_PIP": {
        "x": 0.7611081600189209,
        "y": 0.5461927056312561
    },
    "MIDDLE_FINGER_DIP": {
        "x": 0.7472829818725586,
        "y": 0.5859639644622803
    },
    "MIDDLE_FINGER_TIP": {
        "x": 0.745881199836731,
        "y": 0.610605776309967
    },
    "RING_FINGER_MCP": {
        "x": 0.8185552954673767,
        "y": 0.5897482633590698
    },
    "RING_FINGER_PIP": {
        "x": 0.816001296043396,
        "y": 0.5635893940925598
    },
    "RING_FINGER_DIP": {
        "x": 0.7945501804351807,
        "y": 0.5993512272834778
    },
    "RING_FINGER_TIP": {
        "x": 0.7904751300811768,
        "y": 0.6209014654159546
    },
    "PINKY_MCP": {
        "x": 0.8662694692611694,
        "y": 0.610029399394989
    },
    "PINKY_PIP": {
        "x": 0.8670653104782104,
        "y": 0.5923290252685547
    },
    "PINKY_DIP": {
        "x": 0.8434275388717651,
        "y": 0.6130266785621643
    },
    "PINKY_TIP": {
        "x": 0.8328559398651123,
        "y": 0.6266732215881348
    }
}