{
    "WRIST": {
        "x": 0.7218982577323914,
        "y": 0.6437787413597107
    },
    "THUMB_CMC": {
        "x": 0.6485509872436523,
        "y": 0.6202728152275085
    },
    "THUMB_MCP": {
        "x": 0.6201609373092651,
        "y": 0.5688221454620361
    },
    "THUMB_IP": {
        "x": 0.6137317419052124,
        "y": 0.5299742817878723
    },
    "THUMB_TIP": {
        "x": 0.5953236818313599,
        "y": 0.5075106620788574
    },
    "INDEX_FINGER_MCP": {
        "x": 0.68021559715271,
        "y": 0.5378649234771729
    },
    "INDEX_FINGER_PIP": {
        "x": 0.6586501598358154,
        "y": 0.5369985699653625
    },
    "INDEX_FINGER_DIP": {
        "x": 0.6538853049278259,
        "y": 0.5682671666145325
    },
    "INDEX_FINGER_TIP": {
        "x": 0.6603416800498962,
        "y": 0.577984631061554
    },
    "MIDDLE_FINGER_MCP": {
        "x": 0.7325430512428284,
        "y": 0.5460967421531677
    },
    "MIDDLE_FINGER_PIP": {
        "x": 0.6989727020263672,
        "y": 0.5525431632995605
    },
    "MIDDLE_FINGER_DIP": {
        "x": 0.6848925948143005,
        "y": 0.5838309526443481
    },
    "MIDDLE_FINGER_TIP": {
        "x": 0.695141613483429,
        "y": 0.5840335488319397
    },
    "RING_FINGER_MCP": {
        "x": 0.7778334617614746,
        "y": 0.5616490244865417
    },
    "RING_FINGER_PIP": {
        "x": 0.74080491065979,
        "y": 0.5677631497383118
    },
    "RING_FINGER_DIP": {
        "x": 0.719727098941803,
        "y": 0.5955337285995483
    },
    "RING_FINGER_TIP": {
        "x": 0.7307486534118652,
        "y": 0.5973256230354309
    },
    "PINKY_MCP": {
        "x": 0.8181719779968262,
        "y": 0.5810669660568237
    },
    "PINKY_PIP": {
        "x": 0.788816511631012,
        "y": 0.5884210467338562
    },
    "PINKY_DIP": {
        "x": 0.76380854845047,
        "y": 0.605120837688446
    },
    "PINKY_TIP": {
        "x": 0.7686586380004883,
        "y": 0.6054718494415283
    }
}