{
    "WRIST": {
        "x": 0.7274128794670105,
        "y": 0.6436409950256348
    },
    "THUMB_CMC": {
        "x": 0.6525313854217529,
        "y": 0.61691814661026
    },
    "THUMB_MCP": {
        "x": 0.621759295463562,
        "y": 0.567253589630127
    },
    "THUMB_IP": {
        "x": 0.6118771433830261,
        "y": 0.5305643081665039
    },
    "THUMB_TIP": {
        "x": 0.5970334410667419,
        "y": 0.5100166201591492
    },
    "INDEX_FINGER_MCP": {
        "x": 0.6818166971206665,
        "y": 0.5402841567993164
    },
    "INDEX_FINGER_PIP": {
        "x": 0.6524807810783386,
        "y": 0.5400368571281433
    },
    "INDEX_FINGER_DIP": {
        "x": 0.6539349555969238,
        "y": 0.5679119229316711
    },
    "INDEX_FINGER_TIP": {
        "x": 0.6648712754249573,
        "y": 0.5769386291503906
    },
    "MIDDLE_FINGER_MCP": {
        "x": 0.7326410412788391,
        "y": 0.547866940498352
    },
    "MIDDLE_FINGER_PIP": {
        "x": 0.686057984828949,
        "y": 0.5560004711151123
    },
    "MIDDLE_FINGER_DIP": {
        "x": 0.6805046796798706,
        "y": 0.5858601927757263
    },
    "MIDDLE_FINGER_TIP": {
        "x": 0.6969865560531616,
        "y": 0.5854958295822144
    },
    "RING_FINGER_MCP": {
        "x": 0.776644766330719,
        "y": 0.5621171593666077
    },
    "RING_FINGER_PIP": {
        "x": 0.725432813167572,
        "y": 0.5708094239234924
    },
    "RING_FINGER_DIP": {
        "x": 0.7125513553619385,
        "y": 0.5981240272521973
    },
    "RING_FINGER_TIP": {
        "x": 0.7302553653717041,
        "y": 0.5993778705596924
    },
    "PINKY_MCP": {
        "x": 0.8162943720817566,
        "y": 0.5799161195755005
    },
    "PINKY_PIP": {
        "x": 0.7757891416549683,
        "y": 0.5865362882614136
    },
    "PINKY_DIP": {
        "x": 0.755875825881958,
        "y": 0.6031861305236816
    },
    "PINKY_TIP": {
        "x": 0.7668759226799011,
        "y": 0.6049891114234924
    }
}