{
    "WRIST": {
        "x": 0.7304401993751526,
        "y": 0.6332389116287231
    },
    "THUMB_CMC": {
        "x": 0.6662550568580627,
        "y": 0.6189899444580078
    },
    "THUMB_MCP": {
        "x": 0.6301575303077698,
        "y": 0.5737658739089966
    },
    "THUMB_IP": {
        "x": 0.6228765845298767,
        "y": 0.5370609164237976
    },
    "THUMB_TIP": {
        "x": 0.6151760816574097,
        "y": 0.5125828981399536
    },
    "INDEX_FINGER_MCP": {
        "x": 0.6793637275695801,
        "y": 0.5319426655769348
    },
    "INDEX_FINGER_PIP": {
        "x": 0.6560824513435364,
        "y": 0.5158382654190063
    },
    "INDEX_FINGER_DIP": {
        "x": 0.6517635583877563,
        "y": 0.5476829409599304
    },
    "INDEX_FINGER_TIP": {
        "x": 0.6554678678512573,
        "y": 0.5671491622924805
    },
    "MIDDLE_FINGER_MCP": {
        "x": 0.7287418842315674,
        "y": 0.5347504615783691
    },
    "MIDDLE_FINGER_PIP": {
        "x": 0.6990670561790466,
        "y": 0.5338020920753479
    },
    "MIDDLE_FINGER_DIP": {
        "x": 0.6911789774894714,
        "y": 0.5688534379005432
    },
    "MIDDLE_FINGER_TIP": {
        "x": 0.7024542689323425,
        "y": 0.5757995247840881
    },
    "RING_FINGER_MCP": {
        "x": 0.7732790112495422,
        "y": 0.546497106552124
    },
    "RING_FINGER_PIP": {
        "x": 0.743960976600647,
        "y": 0.5497071146965027
    },
    "RING_FINGER_DIP": {
        "x": 0.7274264097213745,
        "y": 0.5816134810447693
    },
    "RING_FINGER_TIP": {
        "x": 0.7400044798851013,
        "y": 0.5886989831924438
    },
    "PINKY_MCP": {
        "x": 0.8136196732521057,
        "y": 0.5631579160690308
    },
    "PINKY_PIP": {
        "x": 0.7863254547119141,
        "y": 0.5709741711616516
    },
    "PINKY_DIP": {
        "x": 0.7666839361190796,
        "y": 0.5921272039413452
    },
    "PINKY_TIP": {
        "x": 0.7749722003936768,
        "y": 0.5959161520004272
    }
}