{
    "WRIST": {
        "x": 0.7732700705528259,
        "y": 0.715381920337677
    },
    "THUMB_CMC": {
        "x": 0.7101832032203674,
        "y": 0.6982117891311646
    },
    "THUMB_MCP": {
        "x": 0.6735154986381531,
        "y": 0.6530462503433228
    },
    "THUMB_IP": {
        "x": 0.6676150560379028,
        "y": 0.6169517040252686
    },
    "THUMB_TIP": {
        "x": 0.6570738554000854,
        "y": 0.5893450379371643
    },
    "INDEX_FINGER_MCP": {
        "x": 0.731280505657196,
        "y": 0.6015395522117615
    },
    "INDEX_FINGER_PIP": {
        "x": 0.7294507622718811,
        "y": 0.5582743883132935
    },
    "INDEX_FINGER_DIP": {
        "x": 0.7243407964706421,
        "y": 0.5390819311141968
    },
    "INDEX_FINGER_TIP": {
        "x": 0.7165940403938293,
        "y": 0.5275710821151733
    },
    "MIDDLE_FINGER_MCP": {
        "x": 0.7859805226325989,
        "y": 0.6053804755210876
    },
    "MIDDLE_FINGER_PIP": {
        "x": 0.7908959984779358,
        "y": 0.5519957542419434
    },
    "MIDDLE_FINGER_DIP": {
        "x": 0.785044252872467,
        "y": 0.5168672204017639
    },
    "MIDDLE_FINGER_TIP": {
        "x": 0.7814130783081055,
        "y": 0.48571962118148804
    },
    "RING_FINGER_MCP": {
        "x": 0.8357475996017456,
        "y": 0.6235034465789795
    },
    "RING_FINGER_PIP": {
        "x": 0.813724160194397,
        "y": 0.6094024181365967
    },
    "RING_FINGER_DIP": {
        "x": 0.7841075658798218,
        "y": 0.6371507048606873
    },
    "RING_FINGER_TIP": {
        "x": 0.7695506811141968,
        "y": 0.6553094983100891
    },
    "PINKY_MCP": {
        "x": 0.8772960305213928,
        "y": 0.6472285389900208
    },
    "PINKY_PIP": {
        "x": 0.8542942404747009,
        "y": 0.637157678604126
    },
    "PINKY_DIP": {
        "x": 0.8308164477348328,
        "y": 0.6573928594589233
    },
    "PINKY_TIP": {
        "x": 0.8188378214836121,
        "y": 0.672827959060669
    }
}