{
    "WRIST": {
        "x": 0.7230073809623718,
        "y": 0.6441638469696045
    },
    "THUMB_CMC": {
        "x": 0.6488535404205322,
        "y": 0.6201083660125732
    },
    "THUMB_MCP": {
        "x": 0.6185257434844971,
        "y": 0.5683612823486328
    },
    "THUMB_IP": {
        "x": 0.6111964583396912,
        "y": 0.5295549035072327
    },
    "THUMB_TIP": {
        "x": 0.5976879596710205,
        "y": 0.5081680417060852
    },
    "INDEX_FINGER_MCP": {
        "x": 0.6813345551490784,
        "y": 0.5365110635757446
    },
    "INDEX_FINGER_PIP": {
        "x": 0.6539765000343323,
        "y": 0.5421135425567627
    },
    "INDEX_FINGER_DIP": {
        "x": 0.6527113914489746,
        "y": 0.5710639357566833
    },
    "INDEX_FINGER_TIP": {
        "x": 0.6627310514450073,
        "y": 0.5785541534423828
    },
    "MIDDLE_FINGER_MCP": {
        "x": 0.7358877658843994,
        "y": 0.5433757305145264
    },
    "MIDDLE_FINGER_PIP": {
        "x": 0.6910764575004578,
        "y": 0.5583460330963135
    },
    "MIDDLE_FINGER_DIP": {
        "x": 0.6815826296806335,
        "y": 0.5881856083869934
    },
    "MIDDLE_FINGER_TIP": {
        "x": 0.6963199973106384,
        "y": 0.5861519575119019
    },
    "RING_FINGER_MCP": {
        "x": 0.7817717790603638,
        "y": 0.559094250202179
    },
    "RING_FINGER_PIP": {
        "x": 0.7344527840614319,
        "y": 0.5737794041633606
    },
    "RING_FINGER_DIP": {
        "x": 0.7192427515983582,
        "y": 0.6003501415252686
    },
    "RING_FINGER_TIP": {
        "x": 0.7357651591300964,
        "y": 0.5999964475631714
    },
    "PINKY_MCP": {
        "x": 0.8228722810745239,
        "y": 0.5799033045768738
    },
    "PINKY_PIP": {
        "x": 0.7839372158050537,
        "y": 0.5942872166633606
    },
    "PINKY_DIP": {
        "x": 0.7620070576667786,
        "y": 0.6107410192489624
    },
    "PINKY_TIP": {
        "x": 0.7714893817901611,
        "y": 0.6100661158561707
    }
}