{
    "WRIST": {
        "x": 0.7362149357795715,
        "y": 0.6457874178886414
    },
    "THUMB_CMC": {
        "x": 0.66241055727005,
        "y": 0.6200193166732788
    },
    "THUMB_MCP": {
        "x": 0.6298486590385437,
        "y": 0.5690099000930786
    },
    "THUMB_IP": {
        "x": 0.6173070669174194,
        "y": 0.5303553938865662
    },
    "THUMB_TIP": {
        "x": 0.5938245058059692,
        "y": 0.5097976326942444
    },
    "INDEX_FINGER_MCP": {
        "x": 0.6912436485290527,
        "y": 0.5388866066932678
    },
    "INDEX_FINGER_PIP": {
        "x": 0.659066379070282,
        "y": 0.5410073399543762
    },
    "INDEX_FINGER_DIP": {
        "x": 0.6598001718521118,
        "y": 0.5683905482292175
    },
    "INDEX_FINGER_TIP": {
        "x": 0.6697509288787842,
        "y": 0.575442910194397
    },
    "MIDDLE_FINGER_MCP": {
        "x": 0.7442414164543152,
        "y": 0.5466310977935791
    },
    "MIDDLE_FINGER_PIP": {
        "x": 0.6972676515579224,
        "y": 0.5572757124900818
    },
    "MIDDLE_FINGER_DIP": {
        "x": 0.6925384402275085,
        "y": 0.5870317816734314
    },
    "MIDDLE_FINGER_TIP": {
        "x": 0.7071048021316528,
        "y": 0.5846173763275146
    },
    "RING_FINGER_MCP": {
        "x": 0.7891647219657898,
        "y": 0.5622273087501526
    },
    "RING_FINGER_PIP": {
        "x": 0.7412657737731934,
        "y": 0.5735412836074829
    },
    "RING_FINGER_DIP": {
        "x": 0.7286184430122375,
        "y": 0.601421058177948
    },
    "RING_FINGER_TIP": {
        "x": 0.74448162317276,
        "y": 0.6011295914649963
    },
    "PINKY_MCP": {
        "x": 0.8284966945648193,
        "y": 0.5817156434059143
    },
    "PINKY_PIP": {
        "x": 0.7911229133605957,
        "y": 0.5921381711959839
    },
    "PINKY_DIP": {
        "x": 0.7723985910415649,
        "y": 0.6086922287940979
    },
    "PINKY_TIP": {
        "x": 0.7822244763374329,
        "y": 0.6079063415527344
    }
}