{
    "WRIST": {
        "x": 0.8038147687911987,
        "y": 0.7913436889648438
    },
    "THUMB_CMC": {
        "x": 0.7314642667770386,
        "y": 0.7781867980957031
    },
    "THUMB_MCP": {
        "x": 0.6915109753608704,
        "y": 0.758209228515625
    },
    "THUMB_IP": {
        "x": 0.6757574677467346,
        "y": 0.7448458671569824
    },
    "THUMB_TIP": {
        "x": 0.6781646609306335,
        "y": 0.7382314205169678
    },
    "INDEX_FINGER_MCP": {
        "x": 0.7829107642173767,
        "y": 0.6984487771987915
    },
    "INDEX_FINGER_PIP": {
        "x": 0.7395238280296326,
        "y": 0.7535228133201599
    },
    "INDEX_FINGER_DIP": {
        "x": 0.7212563753128052,
        "y": 0.7810613512992859
    },
    "INDEX_FINGER_TIP": {
        "x": 0.7187461853027344,
        "y": 0.7879147529602051
    },
    "MIDDLE_FINGER_MCP": {
        "x": 0.8490768671035767,
        "y": 0.7154877781867981
    },
    "MIDDLE_FINGER_PIP": {
        "x": 0.7998396754264832,
        "y": 0.7828832864761353
    },
    "MIDDLE_FINGER_DIP": {
        "x": 0.771403968334198,
        "y": 0.8052847981452942
    },
    "MIDDLE_FINGER_TIP": {
        "x": 0.7690381407737732,
        "y": 0.7997228503227234
    },
    "RING_FINGER_MCP": {
        "x": 0.893123209476471,
        "y": 0.7448440194129944
    },
    "RING_FINGER_PIP": {
        "x": 0.8555432558059692,
        "y": 0.805772066116333
    },
    "RING_FINGER_DIP": {
        "x": 0.824688196182251,
        "y": 0.8171074986457825
    },
    "RING_FINGER_TIP": {
        "x": 0.8188289999961853,
        "y": 0.8070888519287109
    },
    "PINKY_MCP": {
        "x": 0.9197049140930176,
        "y": 0.7776917815208435
    },
    "PINKY_PIP": {
        "x": 0.89545077085495,
        "y": 0.8249296545982361
    },
    "PINKY_DIP": {
        "x": 0.8615360856056213,
        "y": 0.8309813141822815
    },
    "PINKY_TIP": {
        "x": 0.8469913005828857,
        "y": 0.8216223120689392
    }
}