{
    "WRIST": {
        "x": 0.7322789430618286,
        "y": 0.6383681297302246
    },
    "THUMB_CMC": {
        "x": 0.6718397736549377,
        "y": 0.6155160069465637
    },
    "THUMB_MCP": {
        "x": 0.6423419713973999,
        "y": 0.5654374361038208
    },
    "THUMB_IP": {
        "x": 0.6271621584892273,
        "y": 0.5288380980491638
    },
    "THUMB_TIP": {
        "x": 0.5931445956230164,
        "y": 0.5046365857124329
    },
    "INDEX_FINGER_MCP": {
        "x": 0.7177034616470337,
        "y": 0.5417131781578064
    },
    "INDEX_FINGER_PIP": {
        "x": 0.7216589450836182,
        "y": 0.5169692635536194
    },
    "INDEX_FINGER_DIP": {
        "x": 0.7016189098358154,
        "y": 0.5439115762710571
    },
    "INDEX_FINGER_TIP": {
        "x": 0.6961691975593567,
        "y": 0.5613823533058167
    },
    "MIDDLE_FINGER_MCP": {
        "x": 0.7636898756027222,
        "y": 0.5506385564804077
    },
    "MIDDLE_FINGER_PIP": {
        "x": 0.7631700038909912,
        "y": 0.5297861695289612
    },
    "MIDDLE_FINGER_DIP": {
        "x": 0.7331935167312622,
        "y": 0.5618520379066467
    },
    "MIDDLE_FINGER_TIP": {
        "x": 0.7287407517433167,
        "y": 0.5753946304321289
    },
    "RING_FINGER_MCP": {
        "x": 0.8034366369247437,
        "y": 0.5648664236068726
    },
    "RING_FINGER_PIP": {
        "x": 0.806452751159668,
        "y": 0.5448984503746033
    },
    "RING_FINGER_DIP": {
        "x": 0.7725617289543152,
        "y": 0.5750898122787476
    },
    "RING_FINGER_TIP": {
        "x": 0.7693024277687073,
        "y": 0.587755560874939
    },
    "PINKY_MCP": {
        "x": 0.8369488716125488,
        "y": 0.5830470323562622
    },
    "PINKY_PIP": {
        "x": 0.8425681591033936,
        "y": 0.5711696743965149
    },
    "PINKY_DIP": {
        "x": 0.8124158382415771,
        "y": 0.587924063205719
    },
    "PINKY_TIP": {
        "x": 0.8031299710273743,
        "y": 0.5945149660110474
    }
}