{
    "WRIST": {
        "x": 0.7265369296073914,
        "y": 0.6500072479248047
    },
    "THUMB_CMC": {
        "x": 0.653999924659729,
        "y": 0.6251946091651917
    },
    "THUMB_MCP": {
        "x": 0.622859537601471,
        "y": 0.5719590187072754
    },
    "THUMB_IP": {
        "x": 0.612716019153595,
        "y": 0.5321035385131836
    },
    "THUMB_TIP": {
        "x": 0.5948125720024109,
        "y": 0.5102936625480652
    },
    "INDEX_FINGER_MCP": {
        "x": 0.684708833694458,
        "y": 0.5357393622398376
    },
    "INDEX_FINGER_PIP": {
        "x": 0.64790940284729,
        "y": 0.5362370610237122
    },
    "INDEX_FINGER_DIP": {
        "x": 0.6493556499481201,
        "y": 0.5675989389419556
    },
    "INDEX_FINGER_TIP": {
        "x": 0.6626651883125305,
        "y": 0.5768532156944275
    },
    "MIDDLE_FINGER_MCP": {
        "x": 0.7394840717315674,
        "y": 0.5419657230377197
    },
    "MIDDLE_FINGER_PIP": {
        "x": 0.6868427395820618,
        "y": 0.5541139841079712
    },
    "MIDDLE_FINGER_DIP": {
        "x": 0.6807418465614319,
        "y": 0.5863258838653564
    },
    "MIDDLE_FINGER_TIP": {
        "x": 0.6971046924591064,
        "y": 0.5829053521156311
    },
    "RING_FINGER_MCP": {
        "x": 0.7846775650978088,
        "y": 0.5571120977401733
    },
    "RING_FINGER_PIP": {
        "x": 0.7340396642684937,
        "y": 0.5717365145683289
    },
    "RING_FINGER_DIP": {
        "x": 0.7193819284439087,
        "y": 0.601876974105835
    },
    "RING_FINGER_TIP": {
        "x": 0.737182080745697,
        "y": 0.6013407111167908
    },
    "PINKY_MCP": {
        "x": 0.823439359664917,
        "y": 0.5774244666099548
    },
    "PINKY_PIP": {
        "x": 0.7829893827438354,
        "y": 0.5918945074081421
    },
    "PINKY_DIP": {
        "x": 0.7624574899673462,
        "y": 0.6108582615852356
    },
    "PINKY_TIP": {
        "x": 0.7740711569786072,
        "y": 0.6100174784660339
    }
}