{
    "WRIST": {
        "x": 0.7866072058677673,
        "y": 0.7576291561126709
    },
    "THUMB_CMC": {
        "x": 0.7212773561477661,
        "y": 0.7384545207023621
    },
    "THUMB_MCP": {
        "x": 0.6881357431411743,
        "y": 0.7042459845542908
    },
    "THUMB_IP": {
        "x": 0.678128719329834,
        "y": 0.6789978742599487
    },
    "THUMB_TIP": {
        "x": 0.681750476360321,
        "y": 0.6654085516929626
    },
    "INDEX_FINGER_MCP": {
        "x": 0.7835540771484375,
        "y": 0.6475448608398438
    },
    "INDEX_FINGER_PIP": {
        "x": 0.7539703845977783,
        "y": 0.6642435193061829
    },
    "INDEX_FINGER_DIP": {
        "x": 0.7323958873748779,
        "y": 0.6967654824256897
    },
    "INDEX_FINGER_TIP": {
        "x": 0.7261536121368408,
        "y": 0.7167470455169678
    },
    "MIDDLE_FINGER_MCP": {
        "x": 0.8403629660606384,
        "y": 0.6617207527160645
    },
    "MIDDLE_FINGER_PIP": {
        "x": 0.7949969172477722,
        "y": 0.689568281173706
    },
    "MIDDLE_FINGER_DIP": {
        "x": 0.7660032510757446,
        "y": 0.7193867564201355
    },
    "MIDDLE_FINGER_TIP": {
        "x": 0.7572118639945984,
        "y": 0.7335181832313538
    },
    "RING_FINGER_MCP": {
        "x": 0.8783168196678162,
        "y": 0.6866822242736816
    },
    "RING_FINGER_PIP": {
        "x": 0.8321520686149597,
        "y": 0.7140384912490845
    },
    "RING_FINGER_DIP": {
        "x": 0.7992038726806641,
        "y": 0.7370602488517761
    },
    "RING_FINGER_TIP": {
        "x": 0.788390040397644,
        "y": 0.7463945150375366
    },
    "PINKY_MCP": {
        "x": 0.9002025127410889,
        "y": 0.7160196900367737
    },
    "PINKY_PIP": {
        "x": 0.8607316017150879,
        "y": 0.738159716129303
    },
    "PINKY_DIP": {
        "x": 0.8272802829742432,
        "y": 0.7522294521331787
    },
    "PINKY_TIP": {
        "x": 0.8118683099746704,
        "y": 0.7586683034896851
    }
}