{
    "WRIST": {
        "x": 0.7160957455635071,
        "y": 0.636229395866394
    },
    "THUMB_CMC": {
        "x": 0.646970272064209,
        "y": 0.6135920286178589
    },
    "THUMB_MCP": {
        "x": 0.6175139546394348,
        "y": 0.5613845586776733
    },
    "THUMB_IP": {
        "x": 0.6098303198814392,
        "y": 0.5211408138275146
    },
    "THUMB_TIP": {
        "x": 0.5900649428367615,
        "y": 0.49863529205322266
    },
    "INDEX_FINGER_MCP": {
        "x": 0.6776497960090637,
        "y": 0.5364216566085815
    },
    "INDEX_FINGER_PIP": {
        "x": 0.6582375764846802,
        "y": 0.5345994234085083
    },
    "INDEX_FINGER_DIP": {
        "x": 0.6532528400421143,
        "y": 0.5621198415756226
    },
    "INDEX_FINGER_TIP": {
        "x": 0.6567679643630981,
        "y": 0.5730883479118347
    },
    "MIDDLE_FINGER_MCP": {
        "x": 0.7296239137649536,
        "y": 0.5434126853942871
    },
    "MIDDLE_FINGER_PIP": {
        "x": 0.6996709704399109,
        "y": 0.547084391117096
    },
    "MIDDLE_FINGER_DIP": {
        "x": 0.6890663504600525,
        "y": 0.5774911642074585
    },
    "MIDDLE_FINGER_TIP": {
        "x": 0.6956885457038879,
        "y": 0.5827888250350952
    },
    "RING_FINGER_MCP": {
        "x": 0.7746738195419312,
        "y": 0.5580258369445801
    },
    "RING_FINGER_PIP": {
        "x": 0.7428506016731262,
        "y": 0.5604179501533508
    },
    "RING_FINGER_DIP": {
        "x": 0.7258948683738708,
        "y": 0.588354766368866
    },
    "RING_FINGER_TIP": {
        "x": 0.7339537739753723,
        "y": 0.5940257906913757
    },
    "PINKY_MCP": {
        "x": 0.8154012560844421,
        "y": 0.5772577524185181
    },
    "PINKY_PIP": {
        "x": 0.7904499769210815,
        "y": 0.5811464190483093
    },
    "PINKY_DIP": {
        "x": 0.7667460441589355,
        "y": 0.597992479801178
    },
    "PINKY_TIP": {
        "x": 0.7672379016876221,
        "y": 0.6012805700302124
    }
}