{
    "WRIST": {
        "x": 0.8514060974121094,
        "y": 0.876898467540741
    },
    "THUMB_CMC": {
        "x": 0.7686893939971924,
        "y": 0.8559610247612
    },
    "THUMB_MCP": {
        "x": 0.7229623198509216,
        "y": 0.8281610012054443
    },
    "THUMB_IP": {
        "x": 0.6993427276611328,
        "y": 0.8146693706512451
    },
    "THUMB_TIP": {
        "x": 0.6848433613777161,
        "y": 0.8141416907310486
    },
    "INDEX_FINGER_MCP": {
        "x": 0.8208891749382019,
        "y": 0.7636549472808838
    },
    "INDEX_FINGER_PIP": {
        "x": 0.7674234509468079,
        "y": 0.786707878112793
    },
    "INDEX_FINGER_DIP": {
        "x": 0.7368414402008057,
        "y": 0.8238621950149536
    },
    "INDEX_FINGER_TIP": {
        "x": 0.7232027053833008,
        "y": 0.8502095937728882
    },
    "MIDDLE_FINGER_MCP": {
        "x": 0.8814443349838257,
        "y": 0.7878009676933289
    },
    "MIDDLE_FINGER_PIP": {
        "x": 0.8333316445350647,
        "y": 0.8195614218711853
    },
    "MIDDLE_FINGER_DIP": {
        "x": 0.7913370132446289,
        "y": 0.8534324765205383
    },
    "MIDDLE_FINGER_TIP": {
        "x": 0.7710322141647339,
        "y": 0.8682218194007874
    },
    "RING_FINGER_MCP": {
        "x": 0.9225686192512512,
        "y": 0.8233062624931335
    },
    "RING_FINGER_PIP": {
        "x": 0.8823286890983582,
        "y": 0.8589480519294739
    },
    "RING_FINGER_DIP": {
        "x": 0.8377951383590698,
        "y": 0.8846510648727417
    },
    "RING_FINGER_TIP": {
        "x": 0.8167867064476013,
        "y": 0.8896840214729309
    },
    "PINKY_MCP": {
        "x": 0.9488320350646973,
        "y": 0.8649910092353821
    },
    "PINKY_PIP": {
        "x": 0.9260586500167847,
        "y": 0.895791232585907
    },
    "PINKY_DIP": {
        "x": 0.8823091983795166,
        "y": 0.9114787578582764
    },
    "PINKY_TIP": {
        "x": 0.8560866713523865,
        "y": 0.9123528003692627
    }
}