{
    "WRIST": {
        "x": 0.737708568572998,
        "y": 0.6288214921951294
    },
    "THUMB_CMC": {
        "x": 0.6712177395820618,
        "y": 0.6127435564994812
    },
    "THUMB_MCP": {
        "x": 0.637721061706543,
        "y": 0.565768837928772
    },
    "THUMB_IP": {
        "x": 0.622613787651062,
        "y": 0.5293022990226746
    },
    "THUMB_TIP": {
        "x": 0.6094924807548523,
        "y": 0.5088379383087158
    },
    "INDEX_FINGER_MCP": {
        "x": 0.6924375295639038,
        "y": 0.5384837985038757
    },
    "INDEX_FINGER_PIP": {
        "x": 0.6852561235427856,
        "y": 0.5167985558509827
    },
    "INDEX_FINGER_DIP": {
        "x": 0.6773984432220459,
        "y": 0.5438256859779358
    },
    "INDEX_FINGER_TIP": {
        "x": 0.6768320798873901,
        "y": 0.5594955086708069
    },
    "MIDDLE_FINGER_MCP": {
        "x": 0.739450216293335,
        "y": 0.5443187355995178
    },
    "MIDDLE_FINGER_PIP": {
        "x": 0.7366423606872559,
        "y": 0.5261160135269165
    },
    "MIDDLE_FINGER_DIP": {
        "x": 0.7190788984298706,
        "y": 0.5590595602989197
    },
    "MIDDLE_FINGER_TIP": {
        "x": 0.719723641872406,
        "y": 0.5692477822303772
    },
    "RING_FINGER_MCP": {
        "x": 0.7815377116203308,
        "y": 0.5561448335647583
    },
    "RING_FINGER_PIP": {
        "x": 0.7789274454116821,
        "y": 0.5418186187744141
    },
    "RING_FINGER_DIP": {
        "x": 0.7515910267829895,
        "y": 0.5727303624153137
    },
    "RING_FINGER_TIP": {
        "x": 0.7527345418930054,
        "y": 0.5837690830230713
    },
    "PINKY_MCP": {
        "x": 0.8190053105354309,
        "y": 0.5719045400619507
    },
    "PINKY_PIP": {
        "x": 0.8156150579452515,
        "y": 0.5674143433570862
    },
    "PINKY_DIP": {
        "x": 0.7881066799163818,
        "y": 0.5867099165916443
    },
    "PINKY_TIP": {
        "x": 0.7841596603393555,
        "y": 0.5927363038063049
    }
}