{
    "WRIST": {
        "x": 0.8471307754516602,
        "y": 0.8782791495323181
    },
    "THUMB_CMC": {
        "x": 0.890746533870697,
        "y": 0.9230641722679138
    },
    "THUMB_MCP": {
        "x": 0.9214725494384766,
        "y": 0.9523813724517822
    },
    "THUMB_IP": {
        "x": 0.9265269041061401,
        "y": 0.9852951765060425
    },
    "THUMB_TIP": {
        "x": 0.9105265736579895,
        "y": 1.0074580907821655
    },
    "INDEX_FINGER_MCP": {
        "x": 0.9183736443519592,
        "y": 0.8812965154647827
    },
    "INDEX_FINGER_PIP": {
        "x": 0.8868078589439392,
        "y": 0.9122052788734436
    },
    "INDEX_FINGER_DIP": {
        "x": 0.8447524905204773,
        "y": 0.9434382319450378
    },
    "INDEX_FINGER_TIP": {
        "x": 0.8143770098686218,
        "y": 0.9659590721130371
    },
    "MIDDLE_FINGER_MCP": {
        "x": 0.8820850849151611,
        "y": 0.8568243384361267
    },
    "MIDDLE_FINGER_PIP": {
        "x": 0.8527107238769531,
        "y": 0.89278644323349
    },
    "MIDDLE_FINGER_DIP": {
        "x": 0.8086531758308411,
        "y": 0.9288811683654785
    },
    "MIDDLE_FINGER_TIP": {
        "x": 0.7804117202758789,
        "y": 0.949570894241333
    },
    "RING_FINGER_MCP": {
        "x": 0.839311420917511,
        "y": 0.8414503335952759
    },
    "RING_FINGER_PIP": {
        "x": 0.814479649066925,
        "y": 0.8763226270675659
    },
    "RING_FINGER_DIP": {
        "x": 0.7688212990760803,
        "y": 0.9135928153991699
    },
    "RING_FINGER_TIP": {
        "x": 0.7440137267112732,
        "y": 0.9371435642242432
    },
    "PINKY_MCP": {
        "x": 0.7984689474105835,
        "y": 0.8340175747871399
    },
    "PINKY_PIP": {
        "x": 0.7733204364776611,
        "y": 0.8609310388565063
    },
    "PINKY_DIP": {
        "x": 0.7388267517089844,
        "y": 0.8916875123977661
    },
    "PINKY_TIP": {
        "x": 0.7192904949188232,
        "y": 0.9129306674003601
    }
}