{
    "WRIST": {
        "x": 0.7325171828269958,
        "y": 0.6473610997200012
    },
    "THUMB_CMC": {
        "x": 0.6578226685523987,
        "y": 0.6227123141288757
    },
    "THUMB_MCP": {
        "x": 0.6256585717201233,
        "y": 0.569991946220398
    },
    "THUMB_IP": {
        "x": 0.6148425340652466,
        "y": 0.5313966274261475
    },
    "THUMB_TIP": {
        "x": 0.5947009921073914,
        "y": 0.5097193717956543
    },
    "INDEX_FINGER_MCP": {
        "x": 0.6901394724845886,
        "y": 0.5379562973976135
    },
    "INDEX_FINGER_PIP": {
        "x": 0.6580537557601929,
        "y": 0.5381872057914734
    },
    "INDEX_FINGER_DIP": {
        "x": 0.6575625538825989,
        "y": 0.5681542754173279
    },
    "INDEX_FINGER_TIP": {
        "x": 0.6675331592559814,
        "y": 0.5762225389480591
    },
    "MIDDLE_FINGER_MCP": {
        "x": 0.74354088306427,
        "y": 0.5468782186508179
    },
    "MIDDLE_FINGER_PIP": {
        "x": 0.6998311281204224,
        "y": 0.5544135570526123
    },
    "MIDDLE_FINGER_DIP": {
        "x": 0.6919040083885193,
        "y": 0.5861750841140747
    },
    "MIDDLE_FINGER_TIP": {
        "x": 0.7056108713150024,
        "y": 0.5839855074882507
    },
    "RING_FINGER_MCP": {
        "x": 0.7887465953826904,
        "y": 0.562760591506958
    },
    "RING_FINGER_PIP": {
        "x": 0.7455779314041138,
        "y": 0.5692652463912964
    },
    "RING_FINGER_DIP": {
        "x": 0.7283843159675598,
        "y": 0.5991490483283997
    },
    "RING_FINGER_TIP": {
        "x": 0.7428024411201477,
        "y": 0.6007493138313293
    },
    "PINKY_MCP": {
        "x": 0.8287594318389893,
        "y": 0.5823862552642822
    },
    "PINKY_PIP": {
        "x": 0.7952855229377747,
        "y": 0.5893375277519226
    },
    "PINKY_DIP": {
        "x": 0.7723467350006104,
        "y": 0.6073843240737915
    },
    "PINKY_TIP": {
        "x": 0.7805830240249634,
        "y": 0.6076940298080444
    }
}