{
    "WRIST": {
        "x": 0.7415788769721985,
        "y": 0.6506559252738953
    },
    "THUMB_CMC": {
        "x": 0.6643622517585754,
        "y": 0.6212363243103027
    },
    "THUMB_MCP": {
        "x": 0.6292650699615479,
        "y": 0.56843101978302
    },
    "THUMB_IP": {
        "x": 0.6148033738136292,
        "y": 0.5294705629348755
    },
    "THUMB_TIP": {
        "x": 0.593142032623291,
        "y": 0.5084044933319092
    },
    "INDEX_FINGER_MCP": {
        "x": 0.6997582912445068,
        "y": 0.5396862030029297
    },
    "INDEX_FINGER_PIP": {
        "x": 0.6604307889938354,
        "y": 0.5410974621772766
    },
    "INDEX_FINGER_DIP": {
        "x": 0.6592041850090027,
        "y": 0.5688372850418091
    },
    "INDEX_FINGER_TIP": {
        "x": 0.6699326038360596,
        "y": 0.5762094855308533
    },
    "MIDDLE_FINGER_MCP": {
        "x": 0.7523478865623474,
        "y": 0.5474846959114075
    },
    "MIDDLE_FINGER_PIP": {
        "x": 0.6924320459365845,
        "y": 0.5597847104072571
    },
    "MIDDLE_FINGER_DIP": {
        "x": 0.6893343329429626,
        "y": 0.5886450409889221
    },
    "MIDDLE_FINGER_TIP": {
        "x": 0.707980215549469,
        "y": 0.5844953656196594
    },
    "RING_FINGER_MCP": {
        "x": 0.7940287590026855,
        "y": 0.5624237060546875
    },
    "RING_FINGER_PIP": {
        "x": 0.7341791391372681,
        "y": 0.5733090043067932
    },
    "RING_FINGER_DIP": {
        "x": 0.7219394445419312,
        "y": 0.6017084121704102
    },
    "RING_FINGER_TIP": {
        "x": 0.7392957806587219,
        "y": 0.6016041040420532
    },
    "PINKY_MCP": {
        "x": 0.8304070234298706,
        "y": 0.5812934637069702
    },
    "PINKY_PIP": {
        "x": 0.7839098572731018,
        "y": 0.5873172879219055
    },
    "PINKY_DIP": {
        "x": 0.7622892260551453,
        "y": 0.6021454930305481
    },
    "PINKY_TIP": {
        "x": 0.770078182220459,
        "y": 0.6006131172180176
    }
}