{
    "WRIST": {
        "x": 0.7469576001167297,
        "y": 0.6541363000869751
    },
    "THUMB_CMC": {
        "x": 0.682115375995636,
        "y": 0.6298383474349976
    },
    "THUMB_MCP": {
        "x": 0.6468133926391602,
        "y": 0.5776580572128296
    },
    "THUMB_IP": {
        "x": 0.6279183626174927,
        "y": 0.5374228954315186
    },
    "THUMB_TIP": {
        "x": 0.5935835242271423,
        "y": 0.5092692375183105
    },
    "INDEX_FINGER_MCP": {
        "x": 0.7189059257507324,
        "y": 0.549268901348114
    },
    "INDEX_FINGER_PIP": {
        "x": 0.7230232954025269,
        "y": 0.5212026238441467
    },
    "INDEX_FINGER_DIP": {
        "x": 0.7126914858818054,
        "y": 0.5478274822235107
    },
    "INDEX_FINGER_TIP": {
        "x": 0.7063644528388977,
        "y": 0.5684377551078796
    },
    "MIDDLE_FINGER_MCP": {
        "x": 0.7683948874473572,
        "y": 0.5569273233413696
    },
    "MIDDLE_FINGER_PIP": {
        "x": 0.7643842697143555,
        "y": 0.5357597470283508
    },
    "MIDDLE_FINGER_DIP": {
        "x": 0.742919385433197,
        "y": 0.5723843574523926
    },
    "MIDDLE_FINGER_TIP": {
        "x": 0.7418991327285767,
        "y": 0.5894376039505005
    },
    "RING_FINGER_MCP": {
        "x": 0.8112313747406006,
        "y": 0.5710386633872986
    },
    "RING_FINGER_PIP": {
        "x": 0.8092771768569946,
        "y": 0.5492556095123291
    },
    "RING_FINGER_DIP": {
        "x": 0.7820205092430115,
        "y": 0.5807482004165649
    },
    "RING_FINGER_TIP": {
        "x": 0.7800947427749634,
        "y": 0.5944869518280029
    },
    "PINKY_MCP": {
        "x": 0.8468882441520691,
        "y": 0.5898067355155945
    },
    "PINKY_PIP": {
        "x": 0.8473529815673828,
        "y": 0.576478123664856
    },
    "PINKY_DIP": {
        "x": 0.8223175406455994,
        "y": 0.5942453742027283
    },
    "PINKY_TIP": {
        "x": 0.8147998452186584,
        "y": 0.6005232930183411
    }
}