{
    "WRIST": {
        "x": 0.7659057378768921,
        "y": 0.6095857620239258
    },
    "THUMB_CMC": {
        "x": 0.7051328420639038,
        "y": 0.5964193940162659
    },
    "THUMB_MCP": {
        "x": 0.6601529121398926,
        "y": 0.5574166178703308
    },
    "THUMB_IP": {
        "x": 0.6597638726234436,
        "y": 0.5217381119728088
    },
    "THUMB_TIP": {
        "x": 0.6887728571891785,
        "y": 0.4951121509075165
    },
    "INDEX_FINGER_MCP": {
        "x": 0.6939997673034668,
        "y": 0.5047348737716675
    },
    "INDEX_FINGER_PIP": {
        "x": 0.6805225610733032,
        "y": 0.4482789635658264
    },
    "INDEX_FINGER_DIP": {
        "x": 0.6626618504524231,
        "y": 0.4229476749897003
    },
    "INDEX_FINGER_TIP": {
        "x": 0.6475128531455994,
        "y": 0.4015231132507324
    },
    "MIDDLE_FINGER_MCP": {
        "x": 0.73929363489151,
        "y": 0.503384530544281
    },
    "MIDDLE_FINGER_PIP": {
        "x": 0.7030795216560364,
        "y": 0.4772137999534607
    },
    "MIDDLE_FINGER_DIP": {
        "x": 0.6918739676475525,
        "y": 0.511492133140564
    },
    "MIDDLE_FINGER_TIP": {
        "x": 0.6975442171096802,
        "y": 0.5332388877868652
    },
    "RING_FINGER_MCP": {
        "x": 0.7818714380264282,
        "y": 0.5093614459037781
    },
    "RING_FINGER_PIP": {
        "x": 0.7422927021980286,
        "y": 0.48828747868537903
    },
    "RING_FINGER_DIP": {
        "x": 0.7282379269599915,
        "y": 0.5218219757080078
    },
    "RING_FINGER_TIP": {
        "x": 0.7320242524147034,
        "y": 0.5442314147949219
    },
    "PINKY_MCP": {
        "x": 0.8277227878570557,
        "y": 0.5212690830230713
    },
    "PINKY_PIP": {
        "x": 0.7955214977264404,
        "y": 0.49747905135154724
    },
    "PINKY_DIP": {
        "x": 0.7657697200775146,
        "y": 0.5136449337005615
    },
    "PINKY_TIP": {
        "x": 0.7528614401817322,
        "y": 0.5291420817375183
    }
}