{
    "WRIST": {
        "x": 0.7867796421051025,
        "y": 0.6672666072845459
    },
    "THUMB_CMC": {
        "x": 0.7159812450408936,
        "y": 0.6584029793739319
    },
    "THUMB_MCP": {
        "x": 0.6716984510421753,
        "y": 0.6250061988830566
    },
    "THUMB_IP": {
        "x": 0.6922869682312012,
        "y": 0.588678777217865
    },
    "THUMB_TIP": {
        "x": 0.7453421950340271,
        "y": 0.5687333345413208
    },
    "INDEX_FINGER_MCP": {
        "x": 0.6610719561576843,
        "y": 0.5578877925872803
    },
    "INDEX_FINGER_PIP": {
        "x": 0.6386609077453613,
        "y": 0.489942342042923
    },
    "INDEX_FINGER_DIP": {
        "x": 0.625571072101593,
        "y": 0.45549196004867554
    },
    "INDEX_FINGER_TIP": {
        "x": 0.6172336935997009,
        "y": 0.4207211434841156
    },
    "MIDDLE_FINGER_MCP": {
        "x": 0.718160092830658,
        "y": 0.550944447517395
    },
    "MIDDLE_FINGER_PIP": {
        "x": 0.6985883712768555,
        "y": 0.5289618968963623
    },
    "MIDDLE_FINGER_DIP": {
        "x": 0.6978988647460938,
        "y": 0.5718896389007568
    },
    "MIDDLE_FINGER_TIP": {
        "x": 0.6996356248855591,
        "y": 0.5992951989173889
    },
    "RING_FINGER_MCP": {
        "x": 0.773831307888031,
        "y": 0.5501176714897156
    },
    "RING_FINGER_PIP": {
        "x": 0.7569197416305542,
        "y": 0.5341126918792725
    },
    "RING_FINGER_DIP": {
        "x": 0.749115526676178,
        "y": 0.5758433938026428
    },
    "RING_FINGER_TIP": {
        "x": 0.7452645897865295,
        "y": 0.5999830961227417
    },
    "PINKY_MCP": {
        "x": 0.8318922519683838,
        "y": 0.5524501800537109
    },
    "PINKY_PIP": {
        "x": 0.8423264622688293,
        "y": 0.5061191320419312
    },
    "PINKY_DIP": {
        "x": 0.8403412103652954,
        "y": 0.47575345635414124
    },
    "PINKY_TIP": {
        "x": 0.8357845544815063,
        "y": 0.442240834236145
    }
}