{
    "WRIST": {
        "x": 0.8067055344581604,
        "y": 0.6659958958625793
    },
    "THUMB_CMC": {
        "x": 0.7323099970817566,
        "y": 0.6541037559509277
    },
    "THUMB_MCP": {
        "x": 0.6766682863235474,
        "y": 0.6165964007377625
    },
    "THUMB_IP": {
        "x": 0.6858044862747192,
        "y": 0.5756862759590149
    },
    "THUMB_TIP": {
        "x": 0.729238748550415,
        "y": 0.5501217246055603
    },
    "INDEX_FINGER_MCP": {
        "x": 0.6669988036155701,
        "y": 0.5508090853691101
    },
    "INDEX_FINGER_PIP": {
        "x": 0.6473621129989624,
        "y": 0.4808734357357025
    },
    "INDEX_FINGER_DIP": {
        "x": 0.6333358287811279,
        "y": 0.4480171799659729
    },
    "INDEX_FINGER_TIP": {
        "x": 0.6245865821838379,
        "y": 0.4129152297973633
    },
    "MIDDLE_FINGER_MCP": {
        "x": 0.7275078892707825,
        "y": 0.5438413023948669
    },
    "MIDDLE_FINGER_PIP": {
        "x": 0.699436366558075,
        "y": 0.5249064564704895
    },
    "MIDDLE_FINGER_DIP": {
        "x": 0.7045758366584778,
        "y": 0.5692513585090637
    },
    "MIDDLE_FINGER_TIP": {
        "x": 0.718591034412384,
        "y": 0.5958404541015625
    },
    "RING_FINGER_MCP": {
        "x": 0.7838823795318604,
        "y": 0.542658269405365
    },
    "RING_FINGER_PIP": {
        "x": 0.7618275284767151,
        "y": 0.5284199118614197
    },
    "RING_FINGER_DIP": {
        "x": 0.7613891959190369,
        "y": 0.5725695490837097
    },
    "RING_FINGER_TIP": {
        "x": 0.7650581002235413,
        "y": 0.5982473492622375
    },
    "PINKY_MCP": {
        "x": 0.8421590924263,
        "y": 0.5439369678497314
    },
    "PINKY_PIP": {
        "x": 0.8443302512168884,
        "y": 0.49786949157714844
    },
    "PINKY_DIP": {
        "x": 0.8407946825027466,
        "y": 0.46787142753601074
    },
    "PINKY_TIP": {
        "x": 0.8354166746139526,
        "y": 0.4347483813762665
    }
}