{
    "WRIST": {
        "x": 0.7884274125099182,
        "y": 0.658292293548584
    },
    "THUMB_CMC": {
        "x": 0.718927800655365,
        "y": 0.6534008383750916
    },
    "THUMB_MCP": {
        "x": 0.6712282299995422,
        "y": 0.6226389408111572
    },
    "THUMB_IP": {
        "x": 0.690697968006134,
        "y": 0.5872340798377991
    },
    "THUMB_TIP": {
        "x": 0.7483472228050232,
        "y": 0.5670385956764221
    },
    "INDEX_FINGER_MCP": {
        "x": 0.6586799621582031,
        "y": 0.5550100803375244
    },
    "INDEX_FINGER_PIP": {
        "x": 0.6366831064224243,
        "y": 0.4889667332172394
    },
    "INDEX_FINGER_DIP": {
        "x": 0.6243723034858704,
        "y": 0.4552534818649292
    },
    "INDEX_FINGER_TIP": {
        "x": 0.6173927783966064,
        "y": 0.41994771361351013
    },
    "MIDDLE_FINGER_MCP": {
        "x": 0.7178913950920105,
        "y": 0.5484038591384888
    },
    "MIDDLE_FINGER_PIP": {
        "x": 0.6985654830932617,
        "y": 0.529214084148407
    },
    "MIDDLE_FINGER_DIP": {
        "x": 0.6982210874557495,
        "y": 0.5727711915969849
    },
    "MIDDLE_FINGER_TIP": {
        "x": 0.701734721660614,
        "y": 0.5987542271614075
    },
    "RING_FINGER_MCP": {
        "x": 0.7762188911437988,
        "y": 0.5482050776481628
    },
    "RING_FINGER_PIP": {
        "x": 0.7563906908035278,
        "y": 0.533614993095398
    },
    "RING_FINGER_DIP": {
        "x": 0.7488683462142944,
        "y": 0.5753218531608582
    },
    "RING_FINGER_TIP": {
        "x": 0.7475888133049011,
        "y": 0.5981835722923279
    },
    "PINKY_MCP": {
        "x": 0.8370227813720703,
        "y": 0.5507946014404297
    },
    "PINKY_PIP": {
        "x": 0.8422104716300964,
        "y": 0.5052410960197449
    },
    "PINKY_DIP": {
        "x": 0.838001012802124,
        "y": 0.47619879245758057
    },
    "PINKY_TIP": {
        "x": 0.835178017616272,
        "y": 0.4441514015197754
    }
}