{
    "WRIST": {
        "x": 0.7497530579566956,
        "y": 0.6099063158035278
    },
    "THUMB_CMC": {
        "x": 0.6891621947288513,
        "y": 0.6002117395401001
    },
    "THUMB_MCP": {
        "x": 0.6422266364097595,
        "y": 0.5609243512153625
    },
    "THUMB_IP": {
        "x": 0.6432904601097107,
        "y": 0.5254810452461243
    },
    "THUMB_TIP": {
        "x": 0.6815515756607056,
        "y": 0.5052081942558289
    },
    "INDEX_FINGER_MCP": {
        "x": 0.6707274913787842,
        "y": 0.5116992592811584
    },
    "INDEX_FINGER_PIP": {
        "x": 0.6498863697052002,
        "y": 0.4594900906085968
    },
    "INDEX_FINGER_DIP": {
        "x": 0.6367579698562622,
        "y": 0.4312632083892822
    },
    "INDEX_FINGER_TIP": {
        "x": 0.6244223117828369,
        "y": 0.40559905767440796
    },
    "MIDDLE_FINGER_MCP": {
        "x": 0.7149001955986023,
        "y": 0.5079530477523804
    },
    "MIDDLE_FINGER_PIP": {
        "x": 0.6963342428207397,
        "y": 0.47829362750053406
    },
    "MIDDLE_FINGER_DIP": {
        "x": 0.6876446604728699,
        "y": 0.5025825500488281
    },
    "MIDDLE_FINGER_TIP": {
        "x": 0.6870699524879456,
        "y": 0.5227770209312439
    },
    "RING_FINGER_MCP": {
        "x": 0.7569265365600586,
        "y": 0.5095841884613037
    },
    "RING_FINGER_PIP": {
        "x": 0.7380302548408508,
        "y": 0.4830990731716156
    },
    "RING_FINGER_DIP": {
        "x": 0.7215867638587952,
        "y": 0.5118424892425537
    },
    "RING_FINGER_TIP": {
        "x": 0.7164115309715271,
        "y": 0.5379003882408142
    },
    "PINKY_MCP": {
        "x": 0.8029293417930603,
        "y": 0.516043484210968
    },
    "PINKY_PIP": {
        "x": 0.7864962816238403,
        "y": 0.48295924067497253
    },
    "PINKY_DIP": {
        "x": 0.7631375789642334,
        "y": 0.48067766427993774
    },
    "PINKY_TIP": {
        "x": 0.748735785484314,
        "y": 0.4850749671459198
    }
}