{
    "WRIST": {
        "x": 0.7932950258255005,
        "y": 0.6671962141990662
    },
    "THUMB_CMC": {
        "x": 0.7205012440681458,
        "y": 0.6572138071060181
    },
    "THUMB_MCP": {
        "x": 0.664077877998352,
        "y": 0.6216931939125061
    },
    "THUMB_IP": {
        "x": 0.6805397272109985,
        "y": 0.5831584930419922
    },
    "THUMB_TIP": {
        "x": 0.7343952655792236,
        "y": 0.5624656081199646
    },
    "INDEX_FINGER_MCP": {
        "x": 0.655410647392273,
        "y": 0.5575149655342102
    },
    "INDEX_FINGER_PIP": {
        "x": 0.6350154876708984,
        "y": 0.4887990355491638
    },
    "INDEX_FINGER_DIP": {
        "x": 0.6223208904266357,
        "y": 0.45380252599716187
    },
    "INDEX_FINGER_TIP": {
        "x": 0.615939199924469,
        "y": 0.41809743642807007
    },
    "MIDDLE_FINGER_MCP": {
        "x": 0.7153417468070984,
        "y": 0.5503814816474915
    },
    "MIDDLE_FINGER_PIP": {
        "x": 0.6880326867103577,
        "y": 0.5278050899505615
    },
    "MIDDLE_FINGER_DIP": {
        "x": 0.6931545734405518,
        "y": 0.5712288618087769
    },
    "MIDDLE_FINGER_TIP": {
        "x": 0.7067384123802185,
        "y": 0.6003610491752625
    },
    "RING_FINGER_MCP": {
        "x": 0.7728943228721619,
        "y": 0.5488430857658386
    },
    "RING_FINGER_PIP": {
        "x": 0.7518211603164673,
        "y": 0.5307413339614868
    },
    "RING_FINGER_DIP": {
        "x": 0.750450611114502,
        "y": 0.5718086957931519
    },
    "RING_FINGER_TIP": {
        "x": 0.7545248866081238,
        "y": 0.5975813865661621
    },
    "PINKY_MCP": {
        "x": 0.8330462574958801,
        "y": 0.5506636500358582
    },
    "PINKY_PIP": {
        "x": 0.8327826857566833,
        "y": 0.5045503973960876
    },
    "PINKY_DIP": {
        "x": 0.8267974853515625,
        "y": 0.4753352999687195
    },
    "PINKY_TIP": {
        "x": 0.8204479813575745,
        "y": 0.44377103447914124
    }
}