{
    "WRIST": {
        "x": 0.7417703866958618,
        "y": 0.6205218434333801
    },
    "THUMB_CMC": {
        "x": 0.6767687201499939,
        "y": 0.6083037853240967
    },
    "THUMB_MCP": {
        "x": 0.6252070665359497,
        "y": 0.5682722926139832
    },
    "THUMB_IP": {
        "x": 0.6196696758270264,
        "y": 0.5300968289375305
    },
    "THUMB_TIP": {
        "x": 0.6588364839553833,
        "y": 0.5082547664642334
    },
    "INDEX_FINGER_MCP": {
        "x": 0.6447733640670776,
        "y": 0.521108090877533
    },
    "INDEX_FINGER_PIP": {
        "x": 0.6230312585830688,
        "y": 0.4653380513191223
    },
    "INDEX_FINGER_DIP": {
        "x": 0.6117545366287231,
        "y": 0.4395366907119751
    },
    "INDEX_FINGER_TIP": {
        "x": 0.6053057312965393,
        "y": 0.41437625885009766
    },
    "MIDDLE_FINGER_MCP": {
        "x": 0.688817024230957,
        "y": 0.515642523765564
    },
    "MIDDLE_FINGER_PIP": {
        "x": 0.6578552722930908,
        "y": 0.4939689636230469
    },
    "MIDDLE_FINGER_DIP": {
        "x": 0.6546035408973694,
        "y": 0.5268375277519226
    },
    "MIDDLE_FINGER_TIP": {
        "x": 0.6599869728088379,
        "y": 0.5518729090690613
    },
    "RING_FINGER_MCP": {
        "x": 0.7310318350791931,
        "y": 0.5145800113677979
    },
    "RING_FINGER_PIP": {
        "x": 0.7053101062774658,
        "y": 0.49469396471977234
    },
    "RING_FINGER_DIP": {
        "x": 0.6872310638427734,
        "y": 0.5271203517913818
    },
    "RING_FINGER_TIP": {
        "x": 0.677825927734375,
        "y": 0.5503678917884827
    },
    "PINKY_MCP": {
        "x": 0.7755550146102905,
        "y": 0.5152727365493774
    },
    "PINKY_PIP": {
        "x": 0.781581461429596,
        "y": 0.4770413041114807
    },
    "PINKY_DIP": {
        "x": 0.7801879048347473,
        "y": 0.4521915316581726
    },
    "PINKY_TIP": {
        "x": 0.7777349352836609,
        "y": 0.4259401857852936
    }
}