{
    "WRIST": {
        "x": 0.7479904294013977,
        "y": 0.6248067617416382
    },
    "THUMB_CMC": {
        "x": 0.6807854175567627,
        "y": 0.6135371327400208
    },
    "THUMB_MCP": {
        "x": 0.6315882205963135,
        "y": 0.5771845579147339
    },
    "THUMB_IP": {
        "x": 0.6343854069709778,
        "y": 0.5394819378852844
    },
    "THUMB_TIP": {
        "x": 0.6739479899406433,
        "y": 0.516360342502594
    },
    "INDEX_FINGER_MCP": {
        "x": 0.6377114057540894,
        "y": 0.523147463798523
    },
    "INDEX_FINGER_PIP": {
        "x": 0.6189068555831909,
        "y": 0.46460655331611633
    },
    "INDEX_FINGER_DIP": {
        "x": 0.6096128821372986,
        "y": 0.43836814165115356
    },
    "INDEX_FINGER_TIP": {
        "x": 0.6049257516860962,
        "y": 0.4113715887069702
    },
    "MIDDLE_FINGER_MCP": {
        "x": 0.6871448755264282,
        "y": 0.5176058411598206
    },
    "MIDDLE_FINGER_PIP": {
        "x": 0.6607969999313354,
        "y": 0.49616217613220215
    },
    "MIDDLE_FINGER_DIP": {
        "x": 0.6637388467788696,
        "y": 0.5273242592811584
    },
    "MIDDLE_FINGER_TIP": {
        "x": 0.6717519760131836,
        "y": 0.5482635498046875
    },
    "RING_FINGER_MCP": {
        "x": 0.7334131598472595,
        "y": 0.5167233347892761
    },
    "RING_FINGER_PIP": {
        "x": 0.7129390835762024,
        "y": 0.5084179043769836
    },
    "RING_FINGER_DIP": {
        "x": 0.7036808133125305,
        "y": 0.5458419919013977
    },
    "RING_FINGER_TIP": {
        "x": 0.7005088925361633,
        "y": 0.5691230297088623
    },
    "PINKY_MCP": {
        "x": 0.7814972400665283,
        "y": 0.5182763934135437
    },
    "PINKY_PIP": {
        "x": 0.7881733179092407,
        "y": 0.48034176230430603
    },
    "PINKY_DIP": {
        "x": 0.786439836025238,
        "y": 0.45567208528518677
    },
    "PINKY_TIP": {
        "x": 0.7839249968528748,
        "y": 0.4295710027217865
    }
}