{
    "WRIST": {
        "x": 0.7926379442214966,
        "y": 0.6680952310562134
    },
    "THUMB_CMC": {
        "x": 0.721609890460968,
        "y": 0.6594524383544922
    },
    "THUMB_MCP": {
        "x": 0.67027348279953,
        "y": 0.6267245411872864
    },
    "THUMB_IP": {
        "x": 0.6857406497001648,
        "y": 0.589698851108551
    },
    "THUMB_TIP": {
        "x": 0.7362270355224609,
        "y": 0.5690805912017822
    },
    "INDEX_FINGER_MCP": {
        "x": 0.6627110242843628,
        "y": 0.5570997595787048
    },
    "INDEX_FINGER_PIP": {
        "x": 0.640841543674469,
        "y": 0.4900432825088501
    },
    "INDEX_FINGER_DIP": {
        "x": 0.6270995140075684,
        "y": 0.4546419382095337
    },
    "INDEX_FINGER_TIP": {
        "x": 0.6174498796463013,
        "y": 0.41894063353538513
    },
    "MIDDLE_FINGER_MCP": {
        "x": 0.7199230790138245,
        "y": 0.5512335896492004
    },
    "MIDDLE_FINGER_PIP": {
        "x": 0.6989656686782837,
        "y": 0.5270082354545593
    },
    "MIDDLE_FINGER_DIP": {
        "x": 0.6994253396987915,
        "y": 0.5691385269165039
    },
    "MIDDLE_FINGER_TIP": {
        "x": 0.7038758993148804,
        "y": 0.5965999960899353
    },
    "RING_FINGER_MCP": {
        "x": 0.7746026515960693,
        "y": 0.5500194430351257
    },
    "RING_FINGER_PIP": {
        "x": 0.7558843493461609,
        "y": 0.5367785096168518
    },
    "RING_FINGER_DIP": {
        "x": 0.7503804564476013,
        "y": 0.5799253582954407
    },
    "RING_FINGER_TIP": {
        "x": 0.7494049668312073,
        "y": 0.6049078702926636
    },
    "PINKY_MCP": {
        "x": 0.8307387828826904,
        "y": 0.5516758561134338
    },
    "PINKY_PIP": {
        "x": 0.8391637206077576,
        "y": 0.5062901973724365
    },
    "PINKY_DIP": {
        "x": 0.8359867334365845,
        "y": 0.4766242802143097
    },
    "PINKY_TIP": {
        "x": 0.8306844234466553,
        "y": 0.4438915252685547
    }
}