{
    "WRIST": {
        "x": 0.7461935877799988,
        "y": 0.6095415949821472
    },
    "THUMB_CMC": {
        "x": 0.6815944910049438,
        "y": 0.5957512259483337
    },
    "THUMB_MCP": {
        "x": 0.6314989328384399,
        "y": 0.5586877465248108
    },
    "THUMB_IP": {
        "x": 0.626987099647522,
        "y": 0.5217602252960205
    },
    "THUMB_TIP": {
        "x": 0.6631491184234619,
        "y": 0.49958327412605286
    },
    "INDEX_FINGER_MCP": {
        "x": 0.6416648030281067,
        "y": 0.5134050846099854
    },
    "INDEX_FINGER_PIP": {
        "x": 0.6212328672409058,
        "y": 0.4553414583206177
    },
    "INDEX_FINGER_DIP": {
        "x": 0.6095048785209656,
        "y": 0.42979946732521057
    },
    "INDEX_FINGER_TIP": {
        "x": 0.6028380990028381,
        "y": 0.4054264426231384
    },
    "MIDDLE_FINGER_MCP": {
        "x": 0.6882597804069519,
        "y": 0.5071223974227905
    },
    "MIDDLE_FINGER_PIP": {
        "x": 0.6590457558631897,
        "y": 0.49026796221733093
    },
    "MIDDLE_FINGER_DIP": {
        "x": 0.6583004593849182,
        "y": 0.5235575437545776
    },
    "MIDDLE_FINGER_TIP": {
        "x": 0.6631618142127991,
        "y": 0.5462071895599365
    },
    "RING_FINGER_MCP": {
        "x": 0.7312853336334229,
        "y": 0.5071383714675903
    },
    "RING_FINGER_PIP": {
        "x": 0.7074655890464783,
        "y": 0.49246838688850403
    },
    "RING_FINGER_DIP": {
        "x": 0.6957947015762329,
        "y": 0.5262581706047058
    },
    "RING_FINGER_TIP": {
        "x": 0.6909940242767334,
        "y": 0.5482258796691895
    },
    "PINKY_MCP": {
        "x": 0.7765657901763916,
        "y": 0.5093705654144287
    },
    "PINKY_PIP": {
        "x": 0.7830695509910583,
        "y": 0.4732435345649719
    },
    "PINKY_DIP": {
        "x": 0.7804827690124512,
        "y": 0.4486325979232788
    },
    "PINKY_TIP": {
        "x": 0.7754762172698975,
        "y": 0.4222427308559418
    }
}