{
    "WRIST": {
        "x": 0.7666469812393188,
        "y": 0.631923258304596
    },
    "THUMB_CMC": {
        "x": 0.699069082736969,
        "y": 0.623634397983551
    },
    "THUMB_MCP": {
        "x": 0.6553246974945068,
        "y": 0.589955747127533
    },
    "THUMB_IP": {
        "x": 0.6637166142463684,
        "y": 0.5546372532844543
    },
    "THUMB_TIP": {
        "x": 0.6942427754402161,
        "y": 0.5303308963775635
    },
    "INDEX_FINGER_MCP": {
        "x": 0.6395736336708069,
        "y": 0.5239147543907166
    },
    "INDEX_FINGER_PIP": {
        "x": 0.6232467293739319,
        "y": 0.4587955176830292
    },
    "INDEX_FINGER_DIP": {
        "x": 0.6104402542114258,
        "y": 0.4352250099182129
    },
    "INDEX_FINGER_TIP": {
        "x": 0.6010582447052002,
        "y": 0.41253724694252014
    },
    "MIDDLE_FINGER_MCP": {
        "x": 0.6929510235786438,
        "y": 0.5162891745567322
    },
    "MIDDLE_FINGER_PIP": {
        "x": 0.6778263449668884,
        "y": 0.49982449412345886
    },
    "MIDDLE_FINGER_DIP": {
        "x": 0.6876343488693237,
        "y": 0.5367498397827148
    },
    "MIDDLE_FINGER_TIP": {
        "x": 0.6948755383491516,
        "y": 0.5579818487167358
    },
    "RING_FINGER_MCP": {
        "x": 0.7448372840881348,
        "y": 0.5158278942108154
    },
    "RING_FINGER_PIP": {
        "x": 0.7325981855392456,
        "y": 0.5112075805664062
    },
    "RING_FINGER_DIP": {
        "x": 0.7384798526763916,
        "y": 0.5478702187538147
    },
    "RING_FINGER_TIP": {
        "x": 0.7429882287979126,
        "y": 0.5693327784538269
    },
    "PINKY_MCP": {
        "x": 0.7992557287216187,
        "y": 0.5179399847984314
    },
    "PINKY_PIP": {
        "x": 0.808639407157898,
        "y": 0.47711458802223206
    },
    "PINKY_DIP": {
        "x": 0.8093817234039307,
        "y": 0.4506538212299347
    },
    "PINKY_TIP": {
        "x": 0.804637610912323,
        "y": 0.4243670403957367
    }
}