{
    "WRIST": {
        "x": 0.7562832832336426,
        "y": 0.6085271835327148
    },
    "THUMB_CMC": {
        "x": 0.6926009058952332,
        "y": 0.5965741872787476
    },
    "THUMB_MCP": {
        "x": 0.645656943321228,
        "y": 0.5582138895988464
    },
    "THUMB_IP": {
        "x": 0.6475521922111511,
        "y": 0.5235816836357117
    },
    "THUMB_TIP": {
        "x": 0.6847929358482361,
        "y": 0.49959269165992737
    },
    "INDEX_FINGER_MCP": {
        "x": 0.6869363784790039,
        "y": 0.5077245235443115
    },
    "INDEX_FINGER_PIP": {
        "x": 0.6673393845558167,
        "y": 0.4507169723510742
    },
    "INDEX_FINGER_DIP": {
        "x": 0.650869607925415,
        "y": 0.42460447549819946
    },
    "INDEX_FINGER_TIP": {
        "x": 0.6321719884872437,
        "y": 0.4012843072414398
    },
    "MIDDLE_FINGER_MCP": {
        "x": 0.7318592071533203,
        "y": 0.5038214325904846
    },
    "MIDDLE_FINGER_PIP": {
        "x": 0.7108425498008728,
        "y": 0.47207456827163696
    },
    "MIDDLE_FINGER_DIP": {
        "x": 0.7075117230415344,
        "y": 0.47585535049438477
    },
    "MIDDLE_FINGER_TIP": {
        "x": 0.7064949870109558,
        "y": 0.4732295572757721
    },
    "RING_FINGER_MCP": {
        "x": 0.7742500901222229,
        "y": 0.5087310075759888
    },
    "RING_FINGER_PIP": {
        "x": 0.7397292256355286,
        "y": 0.48957231640815735
    },
    "RING_FINGER_DIP": {
        "x": 0.7158315181732178,
        "y": 0.517366349697113
    },
    "RING_FINGER_TIP": {
        "x": 0.701089084148407,
        "y": 0.5392756462097168
    },
    "PINKY_MCP": {
        "x": 0.8204482793807983,
        "y": 0.5190552473068237
    },
    "PINKY_PIP": {
        "x": 0.7909974455833435,
        "y": 0.49375778436660767
    },
    "PINKY_DIP": {
        "x": 0.7544984817504883,
        "y": 0.49702033400535583
    },
    "PINKY_TIP": {
        "x": 0.7237710356712341,
        "y": 0.503226101398468
    }
}