{
    "WRIST": {
        "x": 0.7885133624076843,
        "y": 0.6602234840393066
    },
    "THUMB_CMC": {
        "x": 0.7184266448020935,
        "y": 0.6550085544586182
    },
    "THUMB_MCP": {
        "x": 0.6699943542480469,
        "y": 0.6228393316268921
    },
    "THUMB_IP": {
        "x": 0.6893744468688965,
        "y": 0.58731609582901
    },
    "THUMB_TIP": {
        "x": 0.7408134937286377,
        "y": 0.5660379528999329
    },
    "INDEX_FINGER_MCP": {
        "x": 0.6585904955863953,
        "y": 0.5566266179084778
    },
    "INDEX_FINGER_PIP": {
        "x": 0.6365681886672974,
        "y": 0.49129217863082886
    },
    "INDEX_FINGER_DIP": {
        "x": 0.6257719993591309,
        "y": 0.4558115005493164
    },
    "INDEX_FINGER_TIP": {
        "x": 0.618995189666748,
        "y": 0.41946378350257874
    },
    "MIDDLE_FINGER_MCP": {
        "x": 0.7156484127044678,
        "y": 0.5497370362281799
    },
    "MIDDLE_FINGER_PIP": {
        "x": 0.6904808282852173,
        "y": 0.5258208513259888
    },
    "MIDDLE_FINGER_DIP": {
        "x": 0.6916821599006653,
        "y": 0.5653707981109619
    },
    "MIDDLE_FINGER_TIP": {
        "x": 0.6968433260917664,
        "y": 0.591480553150177
    },
    "RING_FINGER_MCP": {
        "x": 0.7730154991149902,
        "y": 0.5477365851402283
    },
    "RING_FINGER_PIP": {
        "x": 0.7515808939933777,
        "y": 0.5341832041740417
    },
    "RING_FINGER_DIP": {
        "x": 0.7448416948318481,
        "y": 0.5739054083824158
    },
    "RING_FINGER_TIP": {
        "x": 0.7415359020233154,
        "y": 0.5976163744926453
    },
    "PINKY_MCP": {
        "x": 0.8330267071723938,
        "y": 0.5485614538192749
    },
    "PINKY_PIP": {
        "x": 0.8366235494613647,
        "y": 0.5033546686172485
    },
    "PINKY_DIP": {
        "x": 0.8346135020256042,
        "y": 0.4738590121269226
    },
    "PINKY_TIP": {
        "x": 0.831496000289917,
        "y": 0.441555917263031
    }
}