{
    "WRIST": {
        "x": 0.7895252704620361,
        "y": 0.660014271736145
    },
    "THUMB_CMC": {
        "x": 0.720974862575531,
        "y": 0.6487419605255127
    },
    "THUMB_MCP": {
        "x": 0.6662766933441162,
        "y": 0.6124019622802734
    },
    "THUMB_IP": {
        "x": 0.6834064722061157,
        "y": 0.5753655433654785
    },
    "THUMB_TIP": {
        "x": 0.7366756796836853,
        "y": 0.5573379993438721
    },
    "INDEX_FINGER_MCP": {
        "x": 0.6593465805053711,
        "y": 0.5496562123298645
    },
    "INDEX_FINGER_PIP": {
        "x": 0.6414716243743896,
        "y": 0.4818675220012665
    },
    "INDEX_FINGER_DIP": {
        "x": 0.6294916272163391,
        "y": 0.44836726784706116
    },
    "INDEX_FINGER_TIP": {
        "x": 0.6233407855033875,
        "y": 0.4144689738750458
    },
    "MIDDLE_FINGER_MCP": {
        "x": 0.7189972996711731,
        "y": 0.5430911779403687
    },
    "MIDDLE_FINGER_PIP": {
        "x": 0.6923331022262573,
        "y": 0.5253897309303284
    },
    "MIDDLE_FINGER_DIP": {
        "x": 0.6950654983520508,
        "y": 0.5687585473060608
    },
    "MIDDLE_FINGER_TIP": {
        "x": 0.7068707942962646,
        "y": 0.5976829528808594
    },
    "RING_FINGER_MCP": {
        "x": 0.7760829925537109,
        "y": 0.5429705381393433
    },
    "RING_FINGER_PIP": {
        "x": 0.754798948764801,
        "y": 0.5262313485145569
    },
    "RING_FINGER_DIP": {
        "x": 0.7516699433326721,
        "y": 0.5655210018157959
    },
    "RING_FINGER_TIP": {
        "x": 0.7555363178253174,
        "y": 0.5905739665031433
    },
    "PINKY_MCP": {
        "x": 0.8353283405303955,
        "y": 0.5461392998695374
    },
    "PINKY_PIP": {
        "x": 0.8369418382644653,
        "y": 0.5002723932266235
    },
    "PINKY_DIP": {
        "x": 0.8316629528999329,
        "y": 0.4700743556022644
    },
    "PINKY_TIP": {
        "x": 0.8274399042129517,
        "y": 0.4377565085887909
    }
}