{
    "WRIST": {
        "x": 0.7885708212852478,
        "y": 0.6666727066040039
    },
    "THUMB_CMC": {
        "x": 0.7146335244178772,
        "y": 0.6571047902107239
    },
    "THUMB_MCP": {
        "x": 0.6644822359085083,
        "y": 0.6217193603515625
    },
    "THUMB_IP": {
        "x": 0.6864410638809204,
        "y": 0.5847689509391785
    },
    "THUMB_TIP": {
        "x": 0.7409377098083496,
        "y": 0.5645845532417297
    },
    "INDEX_FINGER_MCP": {
        "x": 0.655729353427887,
        "y": 0.556672990322113
    },
    "INDEX_FINGER_PIP": {
        "x": 0.635094404220581,
        "y": 0.49036431312561035
    },
    "INDEX_FINGER_DIP": {
        "x": 0.6226061582565308,
        "y": 0.45554113388061523
    },
    "INDEX_FINGER_TIP": {
        "x": 0.6147802472114563,
        "y": 0.41939443349838257
    },
    "MIDDLE_FINGER_MCP": {
        "x": 0.7138252854347229,
        "y": 0.550250768661499
    },
    "MIDDLE_FINGER_PIP": {
        "x": 0.6898428797721863,
        "y": 0.524783194065094
    },
    "MIDDLE_FINGER_DIP": {
        "x": 0.6902765035629272,
        "y": 0.5651005506515503
    },
    "MIDDLE_FINGER_TIP": {
        "x": 0.6967417597770691,
        "y": 0.5911604762077332
    },
    "RING_FINGER_MCP": {
        "x": 0.7701576352119446,
        "y": 0.54783695936203
    },
    "RING_FINGER_PIP": {
        "x": 0.7499946355819702,
        "y": 0.5342283248901367
    },
    "RING_FINGER_DIP": {
        "x": 0.7440522909164429,
        "y": 0.5753245949745178
    },
    "RING_FINGER_TIP": {
        "x": 0.7426576018333435,
        "y": 0.5993642210960388
    },
    "PINKY_MCP": {
        "x": 0.8290647268295288,
        "y": 0.5479567050933838
    },
    "PINKY_PIP": {
        "x": 0.8334208130836487,
        "y": 0.5029649138450623
    },
    "PINKY_DIP": {
        "x": 0.8314139246940613,
        "y": 0.47270143032073975
    },
    "PINKY_TIP": {
        "x": 0.82815021276474,
        "y": 0.43879327178001404
    }
}