{
    "WRIST": {
        "x": 0.742797315120697,
        "y": 0.6230888366699219
    },
    "THUMB_CMC": {
        "x": 0.6756566166877747,
        "y": 0.6108649373054504
    },
    "THUMB_MCP": {
        "x": 0.6246187686920166,
        "y": 0.5710423588752747
    },
    "THUMB_IP": {
        "x": 0.6263116598129272,
        "y": 0.5317474603652954
    },
    "THUMB_TIP": {
        "x": 0.6693665385246277,
        "y": 0.5096873641014099
    },
    "INDEX_FINGER_MCP": {
        "x": 0.6382098197937012,
        "y": 0.5219147801399231
    },
    "INDEX_FINGER_PIP": {
        "x": 0.6183615326881409,
        "y": 0.46493735909461975
    },
    "INDEX_FINGER_DIP": {
        "x": 0.6085364818572998,
        "y": 0.4392499029636383
    },
    "INDEX_FINGER_TIP": {
        "x": 0.602720320224762,
        "y": 0.41332802176475525
    },
    "MIDDLE_FINGER_MCP": {
        "x": 0.6857842206954956,
        "y": 0.5164486765861511
    },
    "MIDDLE_FINGER_PIP": {
        "x": 0.6561455726623535,
        "y": 0.49645495414733887
    },
    "MIDDLE_FINGER_DIP": {
        "x": 0.6583960652351379,
        "y": 0.5290058851242065
    },
    "MIDDLE_FINGER_TIP": {
        "x": 0.6669319868087769,
        "y": 0.552150309085846
    },
    "RING_FINGER_MCP": {
        "x": 0.7296604514122009,
        "y": 0.5152455568313599
    },
    "RING_FINGER_PIP": {
        "x": 0.7058283090591431,
        "y": 0.5012773275375366
    },
    "RING_FINGER_DIP": {
        "x": 0.6903221607208252,
        "y": 0.5362661480903625
    },
    "RING_FINGER_TIP": {
        "x": 0.6828325390815735,
        "y": 0.5597368478775024
    },
    "PINKY_MCP": {
        "x": 0.7756112813949585,
        "y": 0.516468346118927
    },
    "PINKY_PIP": {
        "x": 0.7810322046279907,
        "y": 0.47864869236946106
    },
    "PINKY_DIP": {
        "x": 0.7801487445831299,
        "y": 0.4536401033401489
    },
    "PINKY_TIP": {
        "x": 0.7779070734977722,
        "y": 0.4277469515800476
    }
}