{
    "WRIST": {
        "x": 0.7480103969573975,
        "y": 0.6079755425453186
    },
    "THUMB_CMC": {
        "x": 0.6829802989959717,
        "y": 0.596311628818512
    },
    "THUMB_MCP": {
        "x": 0.6306766867637634,
        "y": 0.5568978786468506
    },
    "THUMB_IP": {
        "x": 0.6310752034187317,
        "y": 0.5192238688468933
    },
    "THUMB_TIP": {
        "x": 0.6769402027130127,
        "y": 0.49940693378448486
    },
    "INDEX_FINGER_MCP": {
        "x": 0.6545864939689636,
        "y": 0.5130755305290222
    },
    "INDEX_FINGER_PIP": {
        "x": 0.6340124607086182,
        "y": 0.4567279517650604
    },
    "INDEX_FINGER_DIP": {
        "x": 0.6205606460571289,
        "y": 0.4304596781730652
    },
    "INDEX_FINGER_TIP": {
        "x": 0.6106533408164978,
        "y": 0.40548861026763916
    },
    "MIDDLE_FINGER_MCP": {
        "x": 0.6988453269004822,
        "y": 0.5075539350509644
    },
    "MIDDLE_FINGER_PIP": {
        "x": 0.6697180867195129,
        "y": 0.48574963212013245
    },
    "MIDDLE_FINGER_DIP": {
        "x": 0.6721317768096924,
        "y": 0.5148851871490479
    },
    "MIDDLE_FINGER_TIP": {
        "x": 0.681981086730957,
        "y": 0.5358574390411377
    },
    "RING_FINGER_MCP": {
        "x": 0.7398830056190491,
        "y": 0.5067888498306274
    },
    "RING_FINGER_PIP": {
        "x": 0.712037980556488,
        "y": 0.49369117617607117
    },
    "RING_FINGER_DIP": {
        "x": 0.6972975730895996,
        "y": 0.526969313621521
    },
    "RING_FINGER_TIP": {
        "x": 0.6928014755249023,
        "y": 0.5491428971290588
    },
    "PINKY_MCP": {
        "x": 0.7844473123550415,
        "y": 0.5082907676696777
    },
    "PINKY_PIP": {
        "x": 0.7838940620422363,
        "y": 0.47398295998573303
    },
    "PINKY_DIP": {
        "x": 0.7767770290374756,
        "y": 0.45140397548675537
    },
    "PINKY_TIP": {
        "x": 0.7690200209617615,
        "y": 0.4274188280105591
    }
}