{
    "WRIST": {
        "x": 0.8055064082145691,
        "y": 0.6643385887145996
    },
    "THUMB_CMC": {
        "x": 0.7300796508789062,
        "y": 0.6503549218177795
    },
    "THUMB_MCP": {
        "x": 0.6756632924079895,
        "y": 0.6149805188179016
    },
    "THUMB_IP": {
        "x": 0.6850764751434326,
        "y": 0.5742201209068298
    },
    "THUMB_TIP": {
        "x": 0.7252220511436462,
        "y": 0.5475912690162659
    },
    "INDEX_FINGER_MCP": {
        "x": 0.6663975715637207,
        "y": 0.5393019914627075
    },
    "INDEX_FINGER_PIP": {
        "x": 0.6459305286407471,
        "y": 0.4704307019710541
    },
    "INDEX_FINGER_DIP": {
        "x": 0.6307284235954285,
        "y": 0.440483033657074
    },
    "INDEX_FINGER_TIP": {
        "x": 0.6187482476234436,
        "y": 0.4076327383518219
    },
    "MIDDLE_FINGER_MCP": {
        "x": 0.7262393832206726,
        "y": 0.5320690274238586
    },
    "MIDDLE_FINGER_PIP": {
        "x": 0.7032651901245117,
        "y": 0.5110838413238525
    },
    "MIDDLE_FINGER_DIP": {
        "x": 0.7099728584289551,
        "y": 0.5475308299064636
    },
    "MIDDLE_FINGER_TIP": {
        "x": 0.7208393812179565,
        "y": 0.5679067373275757
    },
    "RING_FINGER_MCP": {
        "x": 0.780778706073761,
        "y": 0.5308223366737366
    },
    "RING_FINGER_PIP": {
        "x": 0.7643052339553833,
        "y": 0.5300186276435852
    },
    "RING_FINGER_DIP": {
        "x": 0.7644240856170654,
        "y": 0.5764732956886292
    },
    "RING_FINGER_TIP": {
        "x": 0.7681761980056763,
        "y": 0.6027083992958069
    },
    "PINKY_MCP": {
        "x": 0.8379353880882263,
        "y": 0.5327894687652588
    },
    "PINKY_PIP": {
        "x": 0.8423115015029907,
        "y": 0.4875037372112274
    },
    "PINKY_DIP": {
        "x": 0.839300811290741,
        "y": 0.45731791853904724
    },
    "PINKY_TIP": {
        "x": 0.8332533240318298,
        "y": 0.42525234818458557
    }
}