{
    "WRIST": {
        "x": 0.7417938113212585,
        "y": 0.617907702922821
    },
    "THUMB_CMC": {
        "x": 0.6765009164810181,
        "y": 0.6048063635826111
    },
    "THUMB_MCP": {
        "x": 0.6237068176269531,
        "y": 0.5652939081192017
    },
    "THUMB_IP": {
        "x": 0.6201014518737793,
        "y": 0.5268681645393372
    },
    "THUMB_TIP": {
        "x": 0.6603018045425415,
        "y": 0.5048528909683228
    },
    "INDEX_FINGER_MCP": {
        "x": 0.6472917199134827,
        "y": 0.5163688659667969
    },
    "INDEX_FINGER_PIP": {
        "x": 0.6265379190444946,
        "y": 0.4611382782459259
    },
    "INDEX_FINGER_DIP": {
        "x": 0.6153172850608826,
        "y": 0.435458242893219
    },
    "INDEX_FINGER_TIP": {
        "x": 0.6072908639907837,
        "y": 0.41057097911834717
    },
    "MIDDLE_FINGER_MCP": {
        "x": 0.691731333732605,
        "y": 0.5111042857170105
    },
    "MIDDLE_FINGER_PIP": {
        "x": 0.6613296270370483,
        "y": 0.4915992319583893
    },
    "MIDDLE_FINGER_DIP": {
        "x": 0.6560471653938293,
        "y": 0.5239821076393127
    },
    "MIDDLE_FINGER_TIP": {
        "x": 0.6588758826255798,
        "y": 0.548725962638855
    },
    "RING_FINGER_MCP": {
        "x": 0.7330952286720276,
        "y": 0.5105459094047546
    },
    "RING_FINGER_PIP": {
        "x": 0.7086626887321472,
        "y": 0.4901127517223358
    },
    "RING_FINGER_DIP": {
        "x": 0.6899052262306213,
        "y": 0.5203925967216492
    },
    "RING_FINGER_TIP": {
        "x": 0.6786619424819946,
        "y": 0.5430472493171692
    },
    "PINKY_MCP": {
        "x": 0.7761626243591309,
        "y": 0.5122164487838745
    },
    "PINKY_PIP": {
        "x": 0.7815133333206177,
        "y": 0.4751785695552826
    },
    "PINKY_DIP": {
        "x": 0.7800136208534241,
        "y": 0.45054444670677185
    },
    "PINKY_TIP": {
        "x": 0.7763981223106384,
        "y": 0.4252026081085205
    }
}