{
    "WRIST": {
        "x": 0.7938345074653625,
        "y": 0.6694395542144775
    },
    "THUMB_CMC": {
        "x": 0.7223803997039795,
        "y": 0.6588699817657471
    },
    "THUMB_MCP": {
        "x": 0.666073739528656,
        "y": 0.6228440403938293
    },
    "THUMB_IP": {
        "x": 0.6826354265213013,
        "y": 0.5833211541175842
    },
    "THUMB_TIP": {
        "x": 0.7376312017440796,
        "y": 0.5617335438728333
    },
    "INDEX_FINGER_MCP": {
        "x": 0.6616716384887695,
        "y": 0.5567415356636047
    },
    "INDEX_FINGER_PIP": {
        "x": 0.6399977207183838,
        "y": 0.4898727536201477
    },
    "INDEX_FINGER_DIP": {
        "x": 0.6274083852767944,
        "y": 0.4550459384918213
    },
    "INDEX_FINGER_TIP": {
        "x": 0.6200640797615051,
        "y": 0.41909798979759216
    },
    "MIDDLE_FINGER_MCP": {
        "x": 0.7187535166740417,
        "y": 0.5507172346115112
    },
    "MIDDLE_FINGER_PIP": {
        "x": 0.6939598321914673,
        "y": 0.5257644057273865
    },
    "MIDDLE_FINGER_DIP": {
        "x": 0.6979185342788696,
        "y": 0.5690591931343079
    },
    "MIDDLE_FINGER_TIP": {
        "x": 0.7084733247756958,
        "y": 0.5964199304580688
    },
    "RING_FINGER_MCP": {
        "x": 0.7728267908096313,
        "y": 0.5487235188484192
    },
    "RING_FINGER_PIP": {
        "x": 0.7531477212905884,
        "y": 0.533342719078064
    },
    "RING_FINGER_DIP": {
        "x": 0.7492550015449524,
        "y": 0.5763614773750305
    },
    "RING_FINGER_TIP": {
        "x": 0.7497552633285522,
        "y": 0.6010926961898804
    },
    "PINKY_MCP": {
        "x": 0.8281136155128479,
        "y": 0.549981415271759
    },
    "PINKY_PIP": {
        "x": 0.8349095582962036,
        "y": 0.5050848722457886
    },
    "PINKY_DIP": {
        "x": 0.8349869251251221,
        "y": 0.4757867157459259
    },
    "PINKY_TIP": {
        "x": 0.8324759006500244,
        "y": 0.44307005405426025
    }
}