{
    "WRIST": {
        "x": 0.7514926195144653,
        "y": 0.6310815811157227
    },
    "THUMB_CMC": {
        "x": 0.6830847859382629,
        "y": 0.6165732145309448
    },
    "THUMB_MCP": {
        "x": 0.6338212490081787,
        "y": 0.5799540281295776
    },
    "THUMB_IP": {
        "x": 0.6382967233657837,
        "y": 0.5422124862670898
    },
    "THUMB_TIP": {
        "x": 0.6787780523300171,
        "y": 0.520750880241394
    },
    "INDEX_FINGER_MCP": {
        "x": 0.6366101503372192,
        "y": 0.5236597061157227
    },
    "INDEX_FINGER_PIP": {
        "x": 0.6195213794708252,
        "y": 0.4609554708003998
    },
    "INDEX_FINGER_DIP": {
        "x": 0.6082163453102112,
        "y": 0.4349573254585266
    },
    "INDEX_FINGER_TIP": {
        "x": 0.603135883808136,
        "y": 0.40787941217422485
    },
    "MIDDLE_FINGER_MCP": {
        "x": 0.689098596572876,
        "y": 0.5183632373809814
    },
    "MIDDLE_FINGER_PIP": {
        "x": 0.6613553166389465,
        "y": 0.49777859449386597
    },
    "MIDDLE_FINGER_DIP": {
        "x": 0.6634369492530823,
        "y": 0.5354562997817993
    },
    "MIDDLE_FINGER_TIP": {
        "x": 0.6719385385513306,
        "y": 0.558959424495697
    },
    "RING_FINGER_MCP": {
        "x": 0.736887514591217,
        "y": 0.5180169343948364
    },
    "RING_FINGER_PIP": {
        "x": 0.7150964736938477,
        "y": 0.5066434741020203
    },
    "RING_FINGER_DIP": {
        "x": 0.708901584148407,
        "y": 0.5451846122741699
    },
    "RING_FINGER_TIP": {
        "x": 0.7088714838027954,
        "y": 0.5687482357025146
    },
    "PINKY_MCP": {
        "x": 0.7864080667495728,
        "y": 0.5197793841362
    },
    "PINKY_PIP": {
        "x": 0.795460045337677,
        "y": 0.47934579849243164
    },
    "PINKY_DIP": {
        "x": 0.793226420879364,
        "y": 0.4527769386768341
    },
    "PINKY_TIP": {
        "x": 0.7897936105728149,
        "y": 0.4254287779331207
    }
}