{
    "WRIST": {
        "x": 0.6385722756385803,
        "y": 0.6299901604652405
    },
    "THUMB_CMC": {
        "x": 0.5908564329147339,
        "y": 0.6543654203414917
    },
    "THUMB_MCP": {
        "x": 0.5922493934631348,
        "y": 0.6549400091171265
    },
    "THUMB_IP": {
        "x": 0.644220232963562,
        "y": 0.6542841792106628
    },
    "THUMB_TIP": {
        "x": 0.7121813297271729,
        "y": 0.6525777578353882
    },
    "INDEX_FINGER_MCP": {
        "x": 0.5617176294326782,
        "y": 0.5684954524040222
    },
    "INDEX_FINGER_PIP": {
        "x": 0.656863808631897,
        "y": 0.6039634943008423
    },
    "INDEX_FINGER_DIP": {
        "x": 0.7048529386520386,
        "y": 0.6379899978637695
    },
    "INDEX_FINGER_TIP": {
        "x": 0.732211172580719,
        "y": 0.6586328148841858
    },
    "MIDDLE_FINGER_MCP": {
        "x": 0.6210458874702454,
        "y": 0.53867506980896
    },
    "MIDDLE_FINGER_PIP": {
        "x": 0.7308126091957092,
        "y": 0.5839961767196655
    },
    "MIDDLE_FINGER_DIP": {
        "x": 0.7605481743812561,
        "y": 0.6337945461273193
    },
    "MIDDLE_FINGER_TIP": {
        "x": 0.7644737362861633,
        "y": 0.6649678945541382
    },
    "RING_FINGER_MCP": {
        "x": 0.6796793937683105,
        "y": 0.5296923518180847
    },
    "RING_FINGER_PIP": {
        "x": 0.78548264503479,
        "y": 0.5721376538276672
    },
    "RING_FINGER_DIP": {
        "x": 0.8093594312667847,
        "y": 0.6183306574821472
    },
    "RING_FINGER_TIP": {
        "x": 0.8125569820404053,
        "y": 0.6483424305915833
    },
    "PINKY_MCP": {
        "x": 0.7261967062950134,
        "y": 0.534116804599762
    },
    "PINKY_PIP": {
        "x": 0.7870182394981384,
        "y": 0.5440098643302917
    },
    "PINKY_DIP": {
        "x": 0.8173789978027344,
        "y": 0.5699000358581543
    },
    "PINKY_TIP": {
        "x": 0.8308808207511902,
        "y": 0.5891582369804382
    }
}