{
    "WRIST": {
        "x": 0.664699375629425,
        "y": 0.6418581604957581
    },
    "THUMB_CMC": {
        "x": 0.583246111869812,
        "y": 0.6521835923194885
    },
    "THUMB_MCP": {
        "x": 0.490705281496048,
        "y": 0.6318104863166809
    },
    "THUMB_IP": {
        "x": 0.43681517243385315,
        "y": 0.5977702140808105
    },
    "THUMB_TIP": {
        "x": 0.45900222659111023,
        "y": 0.5613634586334229
    },
    "INDEX_FINGER_MCP": {
        "x": 0.5138726830482483,
        "y": 0.5762331485748291
    },
    "INDEX_FINGER_PIP": {
        "x": 0.4633913040161133,
        "y": 0.5400206446647644
    },
    "INDEX_FINGER_DIP": {
        "x": 0.47490963339805603,
        "y": 0.5629570484161377
    },
    "INDEX_FINGER_TIP": {
        "x": 0.49738961458206177,
        "y": 0.5842342376708984
    },
    "MIDDLE_FINGER_MCP": {
        "x": 0.5507664084434509,
        "y": 0.5583222508430481
    },
    "MIDDLE_FINGER_PIP": {
        "x": 0.5027791261672974,
        "y": 0.5301818251609802
    },
    "MIDDLE_FINGER_DIP": {
        "x": 0.5209928750991821,
        "y": 0.5599492788314819
    },
    "MIDDLE_FINGER_TIP": {
        "x": 0.5480847954750061,
        "y": 0.5798323750495911
    },
    "RING_FINGER_MCP": {
        "x": 0.5924736857414246,
        "y": 0.5459120273590088
    },
    "RING_FINGER_PIP": {
        "x": 0.5434103608131409,
        "y": 0.5190462470054626
    },
    "RING_FINGER_DIP": {
        "x": 0.5532329678535461,
        "y": 0.5506684184074402
    },
    "RING_FINGER_TIP": {
        "x": 0.5777555108070374,
        "y": 0.5743187665939331
    },
    "PINKY_MCP": {
        "x": 0.6390915513038635,
        "y": 0.5364679098129272
    },
    "PINKY_PIP": {
        "x": 0.6003047823905945,
        "y": 0.49563121795654297
    },
    "PINKY_DIP": {
        "x": 0.5653799176216125,
        "y": 0.4749067425727844
    },
    "PINKY_TIP": {
        "x": 0.5387783646583557,
        "y": 0.4577672481536865
    }
}