{
    "WRIST": {
        "x": 0.8500023484230042,
        "y": 0.7328568696975708
    },
    "THUMB_CMC": {
        "x": 0.7767003774642944,
        "y": 0.7407164573669434
    },
    "THUMB_MCP": {
        "x": 0.6758583784103394,
        "y": 0.7534141540527344
    },
    "THUMB_IP": {
        "x": 0.5921108722686768,
        "y": 0.788981020450592
    },
    "THUMB_TIP": {
        "x": 0.5330191254615784,
        "y": 0.8255956768989563
    },
    "INDEX_FINGER_MCP": {
        "x": 0.6666455864906311,
        "y": 0.6871500611305237
    },
    "INDEX_FINGER_PIP": {
        "x": 0.5475490689277649,
        "y": 0.7108307480812073
    },
    "INDEX_FINGER_DIP": {
        "x": 0.5434888005256653,
        "y": 0.7593446373939514
    },
    "INDEX_FINGER_TIP": {
        "x": 0.564420223236084,
        "y": 0.787300705909729
    },
    "MIDDLE_FINGER_MCP": {
        "x": 0.7002459764480591,
        "y": 0.7004387378692627
    },
    "MIDDLE_FINGER_PIP": {
        "x": 0.5579329133033752,
        "y": 0.7381015419960022
    },
    "MIDDLE_FINGER_DIP": {
        "x": 0.5555596351623535,
        "y": 0.7742629051208496
    },
    "MIDDLE_FINGER_TIP": {
        "x": 0.5887046456336975,
        "y": 0.7907918691635132
    },
    "RING_FINGER_MCP": {
        "x": 0.7323278784751892,
        "y": 0.7294356226921082
    },
    "RING_FINGER_PIP": {
        "x": 0.5953038930892944,
        "y": 0.7701175212860107
    },
    "RING_FINGER_DIP": {
        "x": 0.6030662655830383,
        "y": 0.7967153191566467
    },
    "RING_FINGER_TIP": {
        "x": 0.6334537863731384,
        "y": 0.80340576171875
    },
    "PINKY_MCP": {
        "x": 0.7604520916938782,
        "y": 0.7658356428146362
    },
    "PINKY_PIP": {
        "x": 0.6733763217926025,
        "y": 0.8097798228263855
    },
    "PINKY_DIP": {
        "x": 0.6458700895309448,
        "y": 0.8317273855209351
    },
    "PINKY_TIP": {
        "x": 0.6391679048538208,
        "y": 0.8387197256088257
    }
}