{
    "WRIST": {
        "x": 0.8465613126754761,
        "y": 0.7134666442871094
    },
    "THUMB_CMC": {
        "x": 0.7598153352737427,
        "y": 0.699268102645874
    },
    "THUMB_MCP": {
        "x": 0.6488610506057739,
        "y": 0.726378321647644
    },
    "THUMB_IP": {
        "x": 0.583329439163208,
        "y": 0.786576509475708
    },
    "THUMB_TIP": {
        "x": 0.5586180090904236,
        "y": 0.8354730010032654
    },
    "INDEX_FINGER_MCP": {
        "x": 0.6416062712669373,
        "y": 0.6989948749542236
    },
    "INDEX_FINGER_PIP": {
        "x": 0.5172092318534851,
        "y": 0.7658933997154236
    },
    "INDEX_FINGER_DIP": {
        "x": 0.5564294457435608,
        "y": 0.7870012521743774
    },
    "INDEX_FINGER_TIP": {
        "x": 0.5980016589164734,
        "y": 0.7815862894058228
    },
    "MIDDLE_FINGER_MCP": {
        "x": 0.6887780427932739,
        "y": 0.7270516157150269
    },
    "MIDDLE_FINGER_PIP": {
        "x": 0.5667932033538818,
        "y": 0.8117541670799255
    },
    "MIDDLE_FINGER_DIP": {
        "x": 0.6113361120223999,
        "y": 0.8254087567329407
    },
    "MIDDLE_FINGER_TIP": {
        "x": 0.6561697125434875,
        "y": 0.811392605304718
    },
    "RING_FINGER_MCP": {
        "x": 0.7358960509300232,
        "y": 0.76263427734375
    },
    "RING_FINGER_PIP": {
        "x": 0.6259399056434631,
        "y": 0.8406957387924194
    },
    "RING_FINGER_DIP": {
        "x": 0.6596477031707764,
        "y": 0.8507664799690247
    },
    "RING_FINGER_TIP": {
        "x": 0.6904487013816833,
        "y": 0.8386036157608032
    },
    "PINKY_MCP": {
        "x": 0.7831498384475708,
        "y": 0.8019440174102783
    },
    "PINKY_PIP": {
        "x": 0.6987191438674927,
        "y": 0.8600007891654968
    },
    "PINKY_DIP": {
        "x": 0.668951153755188,
        "y": 0.8917922973632812
    },
    "PINKY_TIP": {
        "x": 0.6496239900588989,
        "y": 0.9099558591842651
    }
}