{
    "WRIST": {
        "x": 0.7056313753128052,
        "y": 0.6274932026863098
    },
    "THUMB_CMC": {
        "x": 0.7192098498344421,
        "y": 0.6012803912162781
    },
    "THUMB_MCP": {
        "x": 0.6838647723197937,
        "y": 0.5653451085090637
    },
    "THUMB_IP": {
        "x": 0.6413074135780334,
        "y": 0.5526846051216125
    },
    "THUMB_TIP": {
        "x": 0.6206100583076477,
        "y": 0.5416492819786072
    },
    "INDEX_FINGER_MCP": {
        "x": 0.587166965007782,
        "y": 0.5132075548171997
    },
    "INDEX_FINGER_PIP": {
        "x": 0.5605378746986389,
        "y": 0.46488940715789795
    },
    "INDEX_FINGER_DIP": {
        "x": 0.5544909834861755,
        "y": 0.4306151270866394
    },
    "INDEX_FINGER_TIP": {
        "x": 0.5477460622787476,
        "y": 0.3963054418563843
    },
    "MIDDLE_FINGER_MCP": {
        "x": 0.5459496378898621,
        "y": 0.5268545150756836
    },
    "MIDDLE_FINGER_PIP": {
        "x": 0.5133146047592163,
        "y": 0.5077506899833679
    },
    "MIDDLE_FINGER_DIP": {
        "x": 0.5514923930168152,
        "y": 0.5249394178390503
    },
    "MIDDLE_FINGER_TIP": {
        "x": 0.584300696849823,
        "y": 0.5340034365653992
    },
    "RING_FINGER_MCP": {
        "x": 0.5249339938163757,
        "y": 0.5482671856880188
    },
    "RING_FINGER_PIP": {
        "x": 0.496705561876297,
        "y": 0.5361888408660889
    },
    "RING_FINGER_DIP": {
        "x": 0.5524357557296753,
        "y": 0.5532446503639221
    },
    "RING_FINGER_TIP": {
        "x": 0.6047195792198181,
        "y": 0.5645396709442139
    },
    "PINKY_MCP": {
        "x": 0.5175399780273438,
        "y": 0.573104739189148
    },
    "PINKY_PIP": {
        "x": 0.4834321141242981,
        "y": 0.5614122748374939
    },
    "PINKY_DIP": {
        "x": 0.5049460530281067,
        "y": 0.5601881742477417
    },
    "PINKY_TIP": {
        "x": 0.5321603417396545,
        "y": 0.5576098561286926
    }
}