{
    "WRIST": {
        "x": 0.6668154001235962,
        "y": 0.6945919990539551
    },
    "THUMB_CMC": {
        "x": 0.5869352221488953,
        "y": 0.6887810230255127
    },
    "THUMB_MCP": {
        "x": 0.5060158371925354,
        "y": 0.6489810943603516
    },
    "THUMB_IP": {
        "x": 0.46575474739074707,
        "y": 0.6080390810966492
    },
    "THUMB_TIP": {
        "x": 0.47076916694641113,
        "y": 0.5767055749893188
    },
    "INDEX_FINGER_MCP": {
        "x": 0.5326690077781677,
        "y": 0.5939610600471497
    },
    "INDEX_FINGER_PIP": {
        "x": 0.5039843916893005,
        "y": 0.5477628111839294
    },
    "INDEX_FINGER_DIP": {
        "x": 0.50316321849823,
        "y": 0.567417323589325
    },
    "INDEX_FINGER_TIP": {
        "x": 0.5137103796005249,
        "y": 0.5897188186645508
    },
    "MIDDLE_FINGER_MCP": {
        "x": 0.5795145034790039,
        "y": 0.5823663473129272
    },
    "MIDDLE_FINGER_PIP": {
        "x": 0.5498789548873901,
        "y": 0.5439679622650146
    },
    "MIDDLE_FINGER_DIP": {
        "x": 0.5506290197372437,
        "y": 0.5755524635314941
    },
    "MIDDLE_FINGER_TIP": {
        "x": 0.5607104301452637,
        "y": 0.600834310054779
    },
    "RING_FINGER_MCP": {
        "x": 0.6309370994567871,
        "y": 0.5762681365013123
    },
    "RING_FINGER_PIP": {
        "x": 0.5973862409591675,
        "y": 0.5387448072433472
    },
    "RING_FINGER_DIP": {
        "x": 0.5887396931648254,
        "y": 0.5689006447792053
    },
    "RING_FINGER_TIP": {
        "x": 0.5908997058868408,
        "y": 0.5959377288818359
    },
    "PINKY_MCP": {
        "x": 0.6862565875053406,
        "y": 0.5740653872489929
    },
    "PINKY_PIP": {
        "x": 0.6669079065322876,
        "y": 0.5280534625053406
    },
    "PINKY_DIP": {
        "x": 0.6477798819541931,
        "y": 0.5011061429977417
    },
    "PINKY_TIP": {
        "x": 0.6290534734725952,
        "y": 0.47724902629852295
    }
}