{
    "WRIST": {
        "x": 0.6770224571228027,
        "y": 0.5919065475463867
    },
    "THUMB_CMC": {
        "x": 0.6130309104919434,
        "y": 0.6220458745956421
    },
    "THUMB_MCP": {
        "x": 0.5014962553977966,
        "y": 0.6305750012397766
    },
    "THUMB_IP": {
        "x": 0.4170442223548889,
        "y": 0.6086634397506714
    },
    "THUMB_TIP": {
        "x": 0.40794116258621216,
        "y": 0.5699338316917419
    },
    "INDEX_FINGER_MCP": {
        "x": 0.4497830271720886,
        "y": 0.5825878977775574
    },
    "INDEX_FINGER_PIP": {
        "x": 0.3873554468154907,
        "y": 0.5598557591438293
    },
    "INDEX_FINGER_DIP": {
        "x": 0.42531123757362366,
        "y": 0.5660860538482666
    },
    "INDEX_FINGER_TIP": {
        "x": 0.4611128270626068,
        "y": 0.5740956664085388
    },
    "MIDDLE_FINGER_MCP": {
        "x": 0.46714353561401367,
        "y": 0.5546852350234985
    },
    "MIDDLE_FINGER_PIP": {
        "x": 0.4138336479663849,
        "y": 0.5339847207069397
    },
    "MIDDLE_FINGER_DIP": {
        "x": 0.47540438175201416,
        "y": 0.5496259927749634
    },
    "MIDDLE_FINGER_TIP": {
        "x": 0.5198057889938354,
        "y": 0.5617128610610962
    },
    "RING_FINGER_MCP": {
        "x": 0.4949171245098114,
        "y": 0.5298038721084595
    },
    "RING_FINGER_PIP": {
        "x": 0.44371095299720764,
        "y": 0.5093578696250916
    },
    "RING_FINGER_DIP": {
        "x": 0.4980045258998871,
        "y": 0.5283105969429016
    },
    "RING_FINGER_TIP": {
        "x": 0.5402711629867554,
        "y": 0.5445088744163513
    },
    "PINKY_MCP": {
        "x": 0.5299381017684937,
        "y": 0.5085097551345825
    },
    "PINKY_PIP": {
        "x": 0.46575307846069336,
        "y": 0.4838104248046875
    },
    "PINKY_DIP": {
        "x": 0.42162585258483887,
        "y": 0.46940550208091736
    },
    "PINKY_TIP": {
        "x": 0.3773916959762573,
        "y": 0.45825427770614624
    }
}