{
    "WRIST": {
        "x": 0.7230439186096191,
        "y": 0.604480504989624
    },
    "THUMB_CMC": {
        "x": 0.653090238571167,
        "y": 0.6282006502151489
    },
    "THUMB_MCP": {
        "x": 0.5461600422859192,
        "y": 0.6115179061889648
    },
    "THUMB_IP": {
        "x": 0.47775107622146606,
        "y": 0.5867191553115845
    },
    "THUMB_TIP": {
        "x": 0.4378078579902649,
        "y": 0.5606124997138977
    },
    "INDEX_FINGER_MCP": {
        "x": 0.49886029958724976,
        "y": 0.5536814332008362
    },
    "INDEX_FINGER_PIP": {
        "x": 0.4576619863510132,
        "y": 0.5340443253517151
    },
    "INDEX_FINGER_DIP": {
        "x": 0.4559992551803589,
        "y": 0.5207986235618591
    },
    "INDEX_FINGER_TIP": {
        "x": 0.4476976990699768,
        "y": 0.508876383304596
    },
    "MIDDLE_FINGER_MCP": {
        "x": 0.5148620009422302,
        "y": 0.5260432362556458
    },
    "MIDDLE_FINGER_PIP": {
        "x": 0.46892380714416504,
        "y": 0.5028318762779236
    },
    "MIDDLE_FINGER_DIP": {
        "x": 0.4727265238761902,
        "y": 0.5012104511260986
    },
    "MIDDLE_FINGER_TIP": {
        "x": 0.4738016128540039,
        "y": 0.5004090070724487
    },
    "RING_FINGER_MCP": {
        "x": 0.5419958233833313,
        "y": 0.5060352087020874
    },
    "RING_FINGER_PIP": {
        "x": 0.5135777592658997,
        "y": 0.4842987060546875
    },
    "RING_FINGER_DIP": {
        "x": 0.5373254418373108,
        "y": 0.5008997917175293
    },
    "RING_FINGER_TIP": {
        "x": 0.5501406788825989,
        "y": 0.5136104822158813
    },
    "PINKY_MCP": {
        "x": 0.5741278529167175,
        "y": 0.4922693967819214
    },
    "PINKY_PIP": {
        "x": 0.5272912979125977,
        "y": 0.45405882596969604
    },
    "PINKY_DIP": {
        "x": 0.49609798192977905,
        "y": 0.427123486995697
    },
    "PINKY_TIP": {
        "x": 0.4630352258682251,
        "y": 0.4028489291667938
    }
}