{
    "WRIST": {
        "x": 0.7716895937919617,
        "y": 0.7505459189414978
    },
    "THUMB_CMC": {
        "x": 0.808240532875061,
        "y": 0.7062583565711975
    },
    "THUMB_MCP": {
        "x": 0.7906621694564819,
        "y": 0.6470610499382019
    },
    "THUMB_IP": {
        "x": 0.7292110919952393,
        "y": 0.6079924702644348
    },
    "THUMB_TIP": {
        "x": 0.6784287691116333,
        "y": 0.6036821007728577
    },
    "INDEX_FINGER_MCP": {
        "x": 0.8291423320770264,
        "y": 0.6375120282173157
    },
    "INDEX_FINGER_PIP": {
        "x": 0.7141352295875549,
        "y": 0.5780614614486694
    },
    "INDEX_FINGER_DIP": {
        "x": 0.7009640336036682,
        "y": 0.6012210249900818
    },
    "INDEX_FINGER_TIP": {
        "x": 0.7237139940261841,
        "y": 0.6213309168815613
    },
    "MIDDLE_FINGER_MCP": {
        "x": 0.7778730988502502,
        "y": 0.6591081619262695
    },
    "MIDDLE_FINGER_PIP": {
        "x": 0.660321831703186,
        "y": 0.6003479957580566
    },
    "MIDDLE_FINGER_DIP": {
        "x": 0.6603977084159851,
        "y": 0.629012942314148
    },
    "MIDDLE_FINGER_TIP": {
        "x": 0.6930813789367676,
        "y": 0.6475197076797485
    },
    "RING_FINGER_MCP": {
        "x": 0.718696653842926,
        "y": 0.6788507699966431
    },
    "RING_FINGER_PIP": {
        "x": 0.6164560914039612,
        "y": 0.6177469491958618
    },
    "RING_FINGER_DIP": {
        "x": 0.6267581582069397,
        "y": 0.644815981388092
    },
    "RING_FINGER_TIP": {
        "x": 0.6606696248054504,
        "y": 0.6651806235313416
    },
    "PINKY_MCP": {
        "x": 0.663995087146759,
        "y": 0.6931251883506775
    },
    "PINKY_PIP": {
        "x": 0.5912442207336426,
        "y": 0.6331345438957214
    },
    "PINKY_DIP": {
        "x": 0.5523651838302612,
        "y": 0.6059730648994446
    },
    "PINKY_TIP": {
        "x": 0.5278865098953247,
        "y": 0.5791249871253967
    }
}