{
    "WRIST": {
        "x": 0.7629826068878174,
        "y": 0.7472788095474243
    },
    "THUMB_CMC": {
        "x": 0.7799792289733887,
        "y": 0.6910473704338074
    },
    "THUMB_MCP": {
        "x": 0.7621628046035767,
        "y": 0.6319431066513062
    },
    "THUMB_IP": {
        "x": 0.7104687690734863,
        "y": 0.5933211445808411
    },
    "THUMB_TIP": {
        "x": 0.6741621494293213,
        "y": 0.5907625555992126
    },
    "INDEX_FINGER_MCP": {
        "x": 0.8015234470367432,
        "y": 0.6349175572395325
    },
    "INDEX_FINGER_PIP": {
        "x": 0.6941007971763611,
        "y": 0.579169750213623
    },
    "INDEX_FINGER_DIP": {
        "x": 0.6805189251899719,
        "y": 0.6033911108970642
    },
    "INDEX_FINGER_TIP": {
        "x": 0.6955596804618835,
        "y": 0.6217494010925293
    },
    "MIDDLE_FINGER_MCP": {
        "x": 0.7652544975280762,
        "y": 0.6582728624343872
    },
    "MIDDLE_FINGER_PIP": {
        "x": 0.6529281139373779,
        "y": 0.5969278812408447
    },
    "MIDDLE_FINGER_DIP": {
        "x": 0.6508461833000183,
        "y": 0.6300129890441895
    },
    "MIDDLE_FINGER_TIP": {
        "x": 0.6745700240135193,
        "y": 0.6554021835327148
    },
    "RING_FINGER_MCP": {
        "x": 0.7164381742477417,
        "y": 0.6800256371498108
    },
    "RING_FINGER_PIP": {
        "x": 0.6110406517982483,
        "y": 0.6141000390052795
    },
    "RING_FINGER_DIP": {
        "x": 0.6178325414657593,
        "y": 0.6448217034339905
    },
    "RING_FINGER_TIP": {
        "x": 0.6465315222740173,
        "y": 0.6690330505371094
    },
    "PINKY_MCP": {
        "x": 0.6640313267707825,
        "y": 0.6972355842590332
    },
    "PINKY_PIP": {
        "x": 0.5752852559089661,
        "y": 0.639689564704895
    },
    "PINKY_DIP": {
        "x": 0.5166156888008118,
        "y": 0.6161777973175049
    },
    "PINKY_TIP": {
        "x": 0.474933385848999,
        "y": 0.5968412756919861
    }
}