{
    "WRIST": {
        "x": 0.6482252478599548,
        "y": 0.6086466312408447
    },
    "THUMB_CMC": {
        "x": 0.5760166049003601,
        "y": 0.6326532363891602
    },
    "THUMB_MCP": {
        "x": 0.48232749104499817,
        "y": 0.6225170493125916
    },
    "THUMB_IP": {
        "x": 0.42369240522384644,
        "y": 0.5923088192939758
    },
    "THUMB_TIP": {
        "x": 0.42457064986228943,
        "y": 0.5583574175834656
    },
    "INDEX_FINGER_MCP": {
        "x": 0.482804536819458,
        "y": 0.5654895305633545
    },
    "INDEX_FINGER_PIP": {
        "x": 0.4289909601211548,
        "y": 0.527817964553833
    },
    "INDEX_FINGER_DIP": {
        "x": 0.4096631407737732,
        "y": 0.5177191495895386
    },
    "INDEX_FINGER_TIP": {
        "x": 0.4071084260940552,
        "y": 0.5176789164543152
    },
    "MIDDLE_FINGER_MCP": {
        "x": 0.5114427804946899,
        "y": 0.5466928482055664
    },
    "MIDDLE_FINGER_PIP": {
        "x": 0.456316202878952,
        "y": 0.516542911529541
    },
    "MIDDLE_FINGER_DIP": {
        "x": 0.46682149171829224,
        "y": 0.5297514200210571
    },
    "MIDDLE_FINGER_TIP": {
        "x": 0.4890589714050293,
        "y": 0.5458835363388062
    },
    "RING_FINGER_MCP": {
        "x": 0.5479657649993896,
        "y": 0.5322074294090271
    },
    "RING_FINGER_PIP": {
        "x": 0.4954284429550171,
        "y": 0.5106189250946045
    },
    "RING_FINGER_DIP": {
        "x": 0.5224777460098267,
        "y": 0.5359799861907959
    },
    "RING_FINGER_TIP": {
        "x": 0.5571157336235046,
        "y": 0.558207631111145
    },
    "PINKY_MCP": {
        "x": 0.5891642570495605,
        "y": 0.5193542242050171
    },
    "PINKY_PIP": {
        "x": 0.5344401597976685,
        "y": 0.4866011142730713
    },
    "PINKY_DIP": {
        "x": 0.49848639965057373,
        "y": 0.47045519948005676
    },
    "PINKY_TIP": {
        "x": 0.47073185443878174,
        "y": 0.4568820297718048
    }
}