{
    "WRIST": {
        "x": 0.7025156021118164,
        "y": 0.6368107795715332
    },
    "THUMB_CMC": {
        "x": 0.7333770990371704,
        "y": 0.6132878065109253
    },
    "THUMB_MCP": {
        "x": 0.7027208805084229,
        "y": 0.5777122974395752
    },
    "THUMB_IP": {
        "x": 0.6653288006782532,
        "y": 0.5642353296279907
    },
    "THUMB_TIP": {
        "x": 0.6460762023925781,
        "y": 0.5577535629272461
    },
    "INDEX_FINGER_MCP": {
        "x": 0.6116998791694641,
        "y": 0.5185922980308533
    },
    "INDEX_FINGER_PIP": {
        "x": 0.6180346012115479,
        "y": 0.46806588768959045
    },
    "INDEX_FINGER_DIP": {
        "x": 0.6257591247558594,
        "y": 0.434680700302124
    },
    "INDEX_FINGER_TIP": {
        "x": 0.6290675401687622,
        "y": 0.40359005331993103
    },
    "MIDDLE_FINGER_MCP": {
        "x": 0.5692744851112366,
        "y": 0.5312849879264832
    },
    "MIDDLE_FINGER_PIP": {
        "x": 0.5615571141242981,
        "y": 0.5089826583862305
    },
    "MIDDLE_FINGER_DIP": {
        "x": 0.6297658681869507,
        "y": 0.5419724583625793
    },
    "MIDDLE_FINGER_TIP": {
        "x": 0.6810720562934875,
        "y": 0.5672504901885986
    },
    "RING_FINGER_MCP": {
        "x": 0.5398409366607666,
        "y": 0.5517289042472839
    },
    "RING_FINGER_PIP": {
        "x": 0.5202616453170776,
        "y": 0.5287055969238281
    },
    "RING_FINGER_DIP": {
        "x": 0.593428909778595,
        "y": 0.5561070442199707
    },
    "RING_FINGER_TIP": {
        "x": 0.645922064781189,
        "y": 0.5793153643608093
    },
    "PINKY_MCP": {
        "x": 0.5261333584785461,
        "y": 0.5766276717185974
    },
    "PINKY_PIP": {
        "x": 0.5009627342224121,
        "y": 0.5521168112754822
    },
    "PINKY_DIP": {
        "x": 0.5467500686645508,
        "y": 0.5470905303955078
    },
    "PINKY_TIP": {
        "x": 0.588525652885437,
        "y": 0.5435872673988342
    }
}