{
    "WRIST": {
        "x": 0.6626669764518738,
        "y": 0.6733089685440063
    },
    "THUMB_CMC": {
        "x": 0.5819966197013855,
        "y": 0.672817051410675
    },
    "THUMB_MCP": {
        "x": 0.4931015372276306,
        "y": 0.6371967792510986
    },
    "THUMB_IP": {
        "x": 0.4498973488807678,
        "y": 0.5985645055770874
    },
    "THUMB_TIP": {
        "x": 0.46964311599731445,
        "y": 0.5669928193092346
    },
    "INDEX_FINGER_MCP": {
        "x": 0.5296076536178589,
        "y": 0.5828388929367065
    },
    "INDEX_FINGER_PIP": {
        "x": 0.49792519211769104,
        "y": 0.5418901443481445
    },
    "INDEX_FINGER_DIP": {
        "x": 0.4951463043689728,
        "y": 0.5585886240005493
    },
    "INDEX_FINGER_TIP": {
        "x": 0.5069460272789001,
        "y": 0.5799744129180908
    },
    "MIDDLE_FINGER_MCP": {
        "x": 0.5711820721626282,
        "y": 0.5694412589073181
    },
    "MIDDLE_FINGER_PIP": {
        "x": 0.542121410369873,
        "y": 0.535358190536499
    },
    "MIDDLE_FINGER_DIP": {
        "x": 0.5435702800750732,
        "y": 0.5666519403457642
    },
    "MIDDLE_FINGER_TIP": {
        "x": 0.5582070350646973,
        "y": 0.5923845171928406
    },
    "RING_FINGER_MCP": {
        "x": 0.6186482310295105,
        "y": 0.5626090168952942
    },
    "RING_FINGER_PIP": {
        "x": 0.5855435132980347,
        "y": 0.5265935063362122
    },
    "RING_FINGER_DIP": {
        "x": 0.5758805871009827,
        "y": 0.5564456582069397
    },
    "RING_FINGER_TIP": {
        "x": 0.5795866250991821,
        "y": 0.582901120185852
    },
    "PINKY_MCP": {
        "x": 0.6697213649749756,
        "y": 0.5596194863319397
    },
    "PINKY_PIP": {
        "x": 0.6463932394981384,
        "y": 0.5157702565193176
    },
    "PINKY_DIP": {
        "x": 0.6214039921760559,
        "y": 0.491545170545578
    },
    "PINKY_TIP": {
        "x": 0.5983007550239563,
        "y": 0.4709794223308563
    }
}