{
    "WRIST": {
        "x": 0.7562741041183472,
        "y": 0.7583532929420471
    },
    "THUMB_CMC": {
        "x": 0.7975309491157532,
        "y": 0.7149534225463867
    },
    "THUMB_MCP": {
        "x": 0.7812304496765137,
        "y": 0.659340500831604
    },
    "THUMB_IP": {
        "x": 0.7154790759086609,
        "y": 0.6201081871986389
    },
    "THUMB_TIP": {
        "x": 0.658481776714325,
        "y": 0.6141115427017212
    },
    "INDEX_FINGER_MCP": {
        "x": 0.815301775932312,
        "y": 0.6597103476524353
    },
    "INDEX_FINGER_PIP": {
        "x": 0.7255862951278687,
        "y": 0.5917779207229614
    },
    "INDEX_FINGER_DIP": {
        "x": 0.710069477558136,
        "y": 0.6084862351417542
    },
    "INDEX_FINGER_TIP": {
        "x": 0.7268875241279602,
        "y": 0.6295544505119324
    },
    "MIDDLE_FINGER_MCP": {
        "x": 0.7577879428863525,
        "y": 0.6791164875030518
    },
    "MIDDLE_FINGER_PIP": {
        "x": 0.6601437330245972,
        "y": 0.6066421866416931
    },
    "MIDDLE_FINGER_DIP": {
        "x": 0.6616030335426331,
        "y": 0.6302137970924377
    },
    "MIDDLE_FINGER_TIP": {
        "x": 0.6893163323402405,
        "y": 0.652800440788269
    },
    "RING_FINGER_MCP": {
        "x": 0.6967830061912537,
        "y": 0.6942524909973145
    },
    "RING_FINGER_PIP": {
        "x": 0.6104056239128113,
        "y": 0.6256449222564697
    },
    "RING_FINGER_DIP": {
        "x": 0.618726372718811,
        "y": 0.6425231099128723
    },
    "RING_FINGER_TIP": {
        "x": 0.6416647434234619,
        "y": 0.6584271192550659
    },
    "PINKY_MCP": {
        "x": 0.642608106136322,
        "y": 0.7031823992729187
    },
    "PINKY_PIP": {
        "x": 0.5786077976226807,
        "y": 0.6434194445610046
    },
    "PINKY_DIP": {
        "x": 0.5555543899536133,
        "y": 0.6153371930122375
    },
    "PINKY_TIP": {
        "x": 0.5439926385879517,
        "y": 0.5918262600898743
    }
}