{
    "WRIST": {
        "x": 0.6681168079376221,
        "y": 0.6560327410697937
    },
    "THUMB_CMC": {
        "x": 0.5877884030342102,
        "y": 0.6608076095581055
    },
    "THUMB_MCP": {
        "x": 0.49779483675956726,
        "y": 0.6360250115394592
    },
    "THUMB_IP": {
        "x": 0.4496987462043762,
        "y": 0.5999987125396729
    },
    "THUMB_TIP": {
        "x": 0.4743455648422241,
        "y": 0.5637257099151611
    },
    "INDEX_FINGER_MCP": {
        "x": 0.5188344120979309,
        "y": 0.5797584056854248
    },
    "INDEX_FINGER_PIP": {
        "x": 0.4807973802089691,
        "y": 0.5378605127334595
    },
    "INDEX_FINGER_DIP": {
        "x": 0.48780035972595215,
        "y": 0.5571165680885315
    },
    "INDEX_FINGER_TIP": {
        "x": 0.5060360431671143,
        "y": 0.5771299004554749
    },
    "MIDDLE_FINGER_MCP": {
        "x": 0.5596969723701477,
        "y": 0.5631636381149292
    },
    "MIDDLE_FINGER_PIP": {
        "x": 0.5245631337165833,
        "y": 0.5293249487876892
    },
    "MIDDLE_FINGER_DIP": {
        "x": 0.5362750291824341,
        "y": 0.558252215385437
    },
    "MIDDLE_FINGER_TIP": {
        "x": 0.5570971369743347,
        "y": 0.5805231928825378
    },
    "RING_FINGER_MCP": {
        "x": 0.6057306528091431,
        "y": 0.5532307028770447
    },
    "RING_FINGER_PIP": {
        "x": 0.5676395297050476,
        "y": 0.5222618579864502
    },
    "RING_FINGER_DIP": {
        "x": 0.5699815154075623,
        "y": 0.5508968234062195
    },
    "RING_FINGER_TIP": {
        "x": 0.5851494669914246,
        "y": 0.5745896100997925
    },
    "PINKY_MCP": {
        "x": 0.6566008925437927,
        "y": 0.5469125509262085
    },
    "PINKY_PIP": {
        "x": 0.625697672367096,
        "y": 0.5062149167060852
    },
    "PINKY_DIP": {
        "x": 0.5958088636398315,
        "y": 0.48325756192207336
    },
    "PINKY_TIP": {
        "x": 0.5707883238792419,
        "y": 0.4636741578578949
    }
}