{
    "WRIST": {
        "x": 0.672310471534729,
        "y": 0.6451129913330078
    },
    "THUMB_CMC": {
        "x": 0.7295585870742798,
        "y": 0.6321056485176086
    },
    "THUMB_MCP": {
        "x": 0.7647735476493835,
        "y": 0.6114752292633057
    },
    "THUMB_IP": {
        "x": 0.8071296215057373,
        "y": 0.5974076390266418
    },
    "THUMB_TIP": {
        "x": 0.8360143899917603,
        "y": 0.5891253352165222
    },
    "INDEX_FINGER_MCP": {
        "x": 0.7359954714775085,
        "y": 0.5617114901542664
    },
    "INDEX_FINGER_PIP": {
        "x": 0.7943520545959473,
        "y": 0.594115138053894
    },
    "INDEX_FINGER_DIP": {
        "x": 0.7955150008201599,
        "y": 0.6311080455780029
    },
    "INDEX_FINGER_TIP": {
        "x": 0.796245276927948,
        "y": 0.6491605043411255
    },
    "MIDDLE_FINGER_MCP": {
        "x": 0.7001255750656128,
        "y": 0.5654615163803101
    },
    "MIDDLE_FINGER_PIP": {
        "x": 0.7966797351837158,
        "y": 0.6298959851264954
    },
    "MIDDLE_FINGER_DIP": {
        "x": 0.7975975871086121,
        "y": 0.6725202202796936
    },
    "MIDDLE_FINGER_TIP": {
        "x": 0.7920690774917603,
        "y": 0.6917547583580017
    },
    "RING_FINGER_MCP": {
        "x": 0.6710255742073059,
        "y": 0.5760219693183899
    },
    "RING_FINGER_PIP": {
        "x": 0.7676143646240234,
        "y": 0.641275942325592
    },
    "RING_FINGER_DIP": {
        "x": 0.7694421410560608,
        "y": 0.6849889755249023
    },
    "RING_FINGER_TIP": {
        "x": 0.7696544528007507,
        "y": 0.7086583375930786
    },
    "PINKY_MCP": {
        "x": 0.6486372947692871,
        "y": 0.5900775790214539
    },
    "PINKY_PIP": {
        "x": 0.7288509607315063,
        "y": 0.6367126703262329
    },
    "PINKY_DIP": {
        "x": 0.7412521839141846,
        "y": 0.672607421875
    },
    "PINKY_TIP": {
        "x": 0.7468372583389282,
        "y": 0.6911765933036804
    }
}