{
    "WRIST": {
        "x": 0.8276551365852356,
        "y": 0.7102075219154358
    },
    "THUMB_CMC": {
        "x": 0.7139856815338135,
        "y": 0.7012587785720825
    },
    "THUMB_MCP": {
        "x": 0.5980464816093445,
        "y": 0.7329572439193726
    },
    "THUMB_IP": {
        "x": 0.5417062640190125,
        "y": 0.7879445552825928
    },
    "THUMB_TIP": {
        "x": 0.5575475692749023,
        "y": 0.8209390044212341
    },
    "INDEX_FINGER_MCP": {
        "x": 0.6177415251731873,
        "y": 0.7361184358596802
    },
    "INDEX_FINGER_PIP": {
        "x": 0.532783031463623,
        "y": 0.8219762444496155
    },
    "INDEX_FINGER_DIP": {
        "x": 0.5802099108695984,
        "y": 0.819703221321106
    },
    "INDEX_FINGER_TIP": {
        "x": 0.6080385446548462,
        "y": 0.799059271812439
    },
    "MIDDLE_FINGER_MCP": {
        "x": 0.6852198839187622,
        "y": 0.762606143951416
    },
    "MIDDLE_FINGER_PIP": {
        "x": 0.6017893552780151,
        "y": 0.8518833518028259
    },
    "MIDDLE_FINGER_DIP": {
        "x": 0.6476218700408936,
        "y": 0.8436038494110107
    },
    "MIDDLE_FINGER_TIP": {
        "x": 0.6778795123100281,
        "y": 0.8170651793479919
    },
    "RING_FINGER_MCP": {
        "x": 0.752021074295044,
        "y": 0.7899042963981628
    },
    "RING_FINGER_PIP": {
        "x": 0.6764398813247681,
        "y": 0.8629592657089233
    },
    "RING_FINGER_DIP": {
        "x": 0.7131896615028381,
        "y": 0.8506830930709839
    },
    "RING_FINGER_TIP": {
        "x": 0.7375280261039734,
        "y": 0.82784503698349
    },
    "PINKY_MCP": {
        "x": 0.8156393766403198,
        "y": 0.8141975402832031
    },
    "PINKY_PIP": {
        "x": 0.7579654455184937,
        "y": 0.8822762966156006
    },
    "PINKY_DIP": {
        "x": 0.7273148894309998,
        "y": 0.9310652017593384
    },
    "PINKY_TIP": {
        "x": 0.6906143426895142,
        "y": 0.9710829854011536
    }
}