{
    "WRIST": {
        "x": 0.8532646298408508,
        "y": 0.7041508555412292
    },
    "THUMB_CMC": {
        "x": 0.7257920503616333,
        "y": 0.7100220918655396
    },
    "THUMB_MCP": {
        "x": 0.6350672245025635,
        "y": 0.7587472200393677
    },
    "THUMB_IP": {
        "x": 0.5823907852172852,
        "y": 0.8214859962463379
    },
    "THUMB_TIP": {
        "x": 0.5925300121307373,
        "y": 0.8635625839233398
    },
    "INDEX_FINGER_MCP": {
        "x": 0.712782084941864,
        "y": 0.7463963031768799
    },
    "INDEX_FINGER_PIP": {
        "x": 0.6297812461853027,
        "y": 0.8239272832870483
    },
    "INDEX_FINGER_DIP": {
        "x": 0.6364165544509888,
        "y": 0.8284492492675781
    },
    "INDEX_FINGER_TIP": {
        "x": 0.6554852724075317,
        "y": 0.8316997289657593
    },
    "MIDDLE_FINGER_MCP": {
        "x": 0.7778733968734741,
        "y": 0.7744454741477966
    },
    "MIDDLE_FINGER_PIP": {
        "x": 0.6687806844711304,
        "y": 0.8598704934120178
    },
    "MIDDLE_FINGER_DIP": {
        "x": 0.6693077087402344,
        "y": 0.8390634059906006
    },
    "MIDDLE_FINGER_TIP": {
        "x": 0.6950081586837769,
        "y": 0.8151528835296631
    },
    "RING_FINGER_MCP": {
        "x": 0.8245484828948975,
        "y": 0.8042505383491516
    },
    "RING_FINGER_PIP": {
        "x": 0.7216216921806335,
        "y": 0.8826809525489807
    },
    "RING_FINGER_DIP": {
        "x": 0.7172045707702637,
        "y": 0.8639618158340454
    },
    "RING_FINGER_TIP": {
        "x": 0.7341117858886719,
        "y": 0.8446437120437622
    },
    "PINKY_MCP": {
        "x": 0.8471730947494507,
        "y": 0.8286634087562561
    },
    "PINKY_PIP": {
        "x": 0.8093894124031067,
        "y": 0.8994839191436768
    },
    "PINKY_DIP": {
        "x": 0.7804110646247864,
        "y": 0.9283021688461304
    },
    "PINKY_TIP": {
        "x": 0.7568718791007996,
        "y": 0.9464724063873291
    }
}