{
    "WRIST": {
        "x": 0.6510666608810425,
        "y": 0.6529616117477417
    },
    "THUMB_CMC": {
        "x": 0.6808884739875793,
        "y": 0.6578317880630493
    },
    "THUMB_MCP": {
        "x": 0.6864639520645142,
        "y": 0.6300039291381836
    },
    "THUMB_IP": {
        "x": 0.7060726284980774,
        "y": 0.6017358899116516
    },
    "THUMB_TIP": {
        "x": 0.734654426574707,
        "y": 0.5794538259506226
    },
    "INDEX_FINGER_MCP": {
        "x": 0.5974748730659485,
        "y": 0.5559581518173218
    },
    "INDEX_FINGER_PIP": {
        "x": 0.6624534726142883,
        "y": 0.5638563632965088
    },
    "INDEX_FINGER_DIP": {
        "x": 0.7066493630409241,
        "y": 0.593821108341217
    },
    "INDEX_FINGER_TIP": {
        "x": 0.7272536754608154,
        "y": 0.6112157106399536
    },
    "MIDDLE_FINGER_MCP": {
        "x": 0.6042417287826538,
        "y": 0.534257709980011
    },
    "MIDDLE_FINGER_PIP": {
        "x": 0.6816558241844177,
        "y": 0.5425743460655212
    },
    "MIDDLE_FINGER_DIP": {
        "x": 0.7311275601387024,
        "y": 0.5849024057388306
    },
    "MIDDLE_FINGER_TIP": {
        "x": 0.7499152421951294,
        "y": 0.6121252179145813
    },
    "RING_FINGER_MCP": {
        "x": 0.6185230016708374,
        "y": 0.5295449495315552
    },
    "RING_FINGER_PIP": {
        "x": 0.6941174268722534,
        "y": 0.5332453846931458
    },
    "RING_FINGER_DIP": {
        "x": 0.7468902468681335,
        "y": 0.5761330723762512
    },
    "RING_FINGER_TIP": {
        "x": 0.772052526473999,
        "y": 0.6066227555274963
    },
    "PINKY_MCP": {
        "x": 0.6350989937782288,
        "y": 0.5376657247543335
    },
    "PINKY_PIP": {
        "x": 0.6958937644958496,
        "y": 0.5326353907585144
    },
    "PINKY_DIP": {
        "x": 0.7368415594100952,
        "y": 0.5543068647384644
    },
    "PINKY_TIP": {
        "x": 0.7593371868133545,
        "y": 0.5712007284164429
    }
}