{
    "WRIST": {
        "x": 0.7304373979568481,
        "y": 0.7593833208084106
    },
    "THUMB_CMC": {
        "x": 0.6312323212623596,
        "y": 0.7430595755577087
    },
    "THUMB_MCP": {
        "x": 0.5583066344261169,
        "y": 0.7050007581710815
    },
    "THUMB_IP": {
        "x": 0.4922610819339752,
        "y": 0.6826320886611938
    },
    "THUMB_TIP": {
        "x": 0.4472784698009491,
        "y": 0.6669033169746399
    },
    "INDEX_FINGER_MCP": {
        "x": 0.67696613073349,
        "y": 0.6369100213050842
    },
    "INDEX_FINGER_PIP": {
        "x": 0.5982327461242676,
        "y": 0.6140158772468567
    },
    "INDEX_FINGER_DIP": {
        "x": 0.5393093228340149,
        "y": 0.6438747048377991
    },
    "INDEX_FINGER_TIP": {
        "x": 0.5120798945426941,
        "y": 0.672630250453949
    },
    "MIDDLE_FINGER_MCP": {
        "x": 0.722375214099884,
        "y": 0.6369343400001526
    },
    "MIDDLE_FINGER_PIP": {
        "x": 0.6184883117675781,
        "y": 0.615797758102417
    },
    "MIDDLE_FINGER_DIP": {
        "x": 0.5694995522499084,
        "y": 0.6555902361869812
    },
    "MIDDLE_FINGER_TIP": {
        "x": 0.5661187171936035,
        "y": 0.6854958534240723
    },
    "RING_FINGER_MCP": {
        "x": 0.7521785497665405,
        "y": 0.6499826908111572
    },
    "RING_FINGER_PIP": {
        "x": 0.640906572341919,
        "y": 0.6322909593582153
    },
    "RING_FINGER_DIP": {
        "x": 0.5924488306045532,
        "y": 0.6704021096229553
    },
    "RING_FINGER_TIP": {
        "x": 0.5935407280921936,
        "y": 0.6969983577728271
    },
    "PINKY_MCP": {
        "x": 0.7645894289016724,
        "y": 0.6721923351287842
    },
    "PINKY_PIP": {
        "x": 0.6695396304130554,
        "y": 0.665626049041748
    },
    "PINKY_DIP": {
        "x": 0.6331889033317566,
        "y": 0.6896940469741821
    },
    "PINKY_TIP": {
        "x": 0.6378983855247498,
        "y": 0.7065698504447937
    }
}