{
    "WRIST": {
        "x": 0.7565850019454956,
        "y": 0.7556124925613403
    },
    "THUMB_CMC": {
        "x": 0.8015571236610413,
        "y": 0.7121899724006653
    },
    "THUMB_MCP": {
        "x": 0.7937937378883362,
        "y": 0.6549020409584045
    },
    "THUMB_IP": {
        "x": 0.7366629838943481,
        "y": 0.6145219802856445
    },
    "THUMB_TIP": {
        "x": 0.6807723045349121,
        "y": 0.6045292615890503
    },
    "INDEX_FINGER_MCP": {
        "x": 0.8089919090270996,
        "y": 0.6518136858940125
    },
    "INDEX_FINGER_PIP": {
        "x": 0.7148679494857788,
        "y": 0.5854835510253906
    },
    "INDEX_FINGER_DIP": {
        "x": 0.7070118188858032,
        "y": 0.6059711575508118
    },
    "INDEX_FINGER_TIP": {
        "x": 0.7276244759559631,
        "y": 0.6274798512458801
    },
    "MIDDLE_FINGER_MCP": {
        "x": 0.7485222220420837,
        "y": 0.6716533899307251
    },
    "MIDDLE_FINGER_PIP": {
        "x": 0.6529790163040161,
        "y": 0.6075389981269836
    },
    "MIDDLE_FINGER_DIP": {
        "x": 0.6553798913955688,
        "y": 0.6306704878807068
    },
    "MIDDLE_FINGER_TIP": {
        "x": 0.6785422563552856,
        "y": 0.6472053527832031
    },
    "RING_FINGER_MCP": {
        "x": 0.68610680103302,
        "y": 0.6881195902824402
    },
    "RING_FINGER_PIP": {
        "x": 0.6054138541221619,
        "y": 0.6269598007202148
    },
    "RING_FINGER_DIP": {
        "x": 0.6149708032608032,
        "y": 0.6470394730567932
    },
    "RING_FINGER_TIP": {
        "x": 0.6391820907592773,
        "y": 0.663670003414154
    },
    "PINKY_MCP": {
        "x": 0.6312586665153503,
        "y": 0.6986520290374756
    },
    "PINKY_PIP": {
        "x": 0.5713052749633789,
        "y": 0.6385343670845032
    },
    "PINKY_DIP": {
        "x": 0.5387597680091858,
        "y": 0.6079933643341064
    },
    "PINKY_TIP": {
        "x": 0.5162176489830017,
        "y": 0.5793491005897522
    }
}