{
    "WRIST": {
        "x": 0.6593292951583862,
        "y": 0.5912830829620361
    },
    "THUMB_CMC": {
        "x": 0.5945611000061035,
        "y": 0.6255021691322327
    },
    "THUMB_MCP": {
        "x": 0.49097058176994324,
        "y": 0.6282306909561157
    },
    "THUMB_IP": {
        "x": 0.41900184750556946,
        "y": 0.6022713780403137
    },
    "THUMB_TIP": {
        "x": 0.41567671298980713,
        "y": 0.5629729628562927
    },
    "INDEX_FINGER_MCP": {
        "x": 0.45601531863212585,
        "y": 0.5781335234642029
    },
    "INDEX_FINGER_PIP": {
        "x": 0.39746809005737305,
        "y": 0.5573046803474426
    },
    "INDEX_FINGER_DIP": {
        "x": 0.4049544930458069,
        "y": 0.5575777888298035
    },
    "INDEX_FINGER_TIP": {
        "x": 0.4210246503353119,
        "y": 0.5608970522880554
    },
    "MIDDLE_FINGER_MCP": {
        "x": 0.4748167097568512,
        "y": 0.5520004034042358
    },
    "MIDDLE_FINGER_PIP": {
        "x": 0.42308321595191956,
        "y": 0.532989501953125
    },
    "MIDDLE_FINGER_DIP": {
        "x": 0.46599167585372925,
        "y": 0.545136034488678
    },
    "MIDDLE_FINGER_TIP": {
        "x": 0.5031962990760803,
        "y": 0.5553399920463562
    },
    "RING_FINGER_MCP": {
        "x": 0.503951370716095,
        "y": 0.5299785733222961
    },
    "RING_FINGER_PIP": {
        "x": 0.45427319407463074,
        "y": 0.5122296810150146
    },
    "RING_FINGER_DIP": {
        "x": 0.5000745058059692,
        "y": 0.5322989225387573
    },
    "RING_FINGER_TIP": {
        "x": 0.5396398901939392,
        "y": 0.5480893850326538
    },
    "PINKY_MCP": {
        "x": 0.5385764241218567,
        "y": 0.5100860595703125
    },
    "PINKY_PIP": {
        "x": 0.4798973798751831,
        "y": 0.48553377389907837
    },
    "PINKY_DIP": {
        "x": 0.44045472145080566,
        "y": 0.4721570611000061
    },
    "PINKY_TIP": {
        "x": 0.400369793176651,
        "y": 0.46027612686157227
    }
}