{
    "WRIST": {
        "x": 0.6626483201980591,
        "y": 0.58692467212677
    },
    "THUMB_CMC": {
        "x": 0.6106774806976318,
        "y": 0.6223495006561279
    },
    "THUMB_MCP": {
        "x": 0.5010254383087158,
        "y": 0.6275041699409485
    },
    "THUMB_IP": {
        "x": 0.4194740951061249,
        "y": 0.5981454849243164
    },
    "THUMB_TIP": {
        "x": 0.4086377024650574,
        "y": 0.5552635192871094
    },
    "INDEX_FINGER_MCP": {
        "x": 0.43860098719596863,
        "y": 0.5861278772354126
    },
    "INDEX_FINGER_PIP": {
        "x": 0.3786943852901459,
        "y": 0.5776941180229187
    },
    "INDEX_FINGER_DIP": {
        "x": 0.41986986994743347,
        "y": 0.5805376768112183
    },
    "INDEX_FINGER_TIP": {
        "x": 0.46433842182159424,
        "y": 0.5821118354797363
    },
    "MIDDLE_FINGER_MCP": {
        "x": 0.4521515667438507,
        "y": 0.5532200336456299
    },
    "MIDDLE_FINGER_PIP": {
        "x": 0.39130884408950806,
        "y": 0.5333837866783142
    },
    "MIDDLE_FINGER_DIP": {
        "x": 0.42365944385528564,
        "y": 0.5361798405647278
    },
    "MIDDLE_FINGER_TIP": {
        "x": 0.4538570046424866,
        "y": 0.5394504070281982
    },
    "RING_FINGER_MCP": {
        "x": 0.48116472363471985,
        "y": 0.5255593061447144
    },
    "RING_FINGER_PIP": {
        "x": 0.42440375685691833,
        "y": 0.5113322734832764
    },
    "RING_FINGER_DIP": {
        "x": 0.485526442527771,
        "y": 0.5331084132194519
    },
    "RING_FINGER_TIP": {
        "x": 0.5435182452201843,
        "y": 0.5479288697242737
    },
    "PINKY_MCP": {
        "x": 0.5189664959907532,
        "y": 0.5015541315078735
    },
    "PINKY_PIP": {
        "x": 0.4496939182281494,
        "y": 0.4797123074531555
    },
    "PINKY_DIP": {
        "x": 0.42972105741500854,
        "y": 0.47333183884620667
    },
    "PINKY_TIP": {
        "x": 0.4171353876590729,
        "y": 0.4672582447528839
    }
}