{
    "WRIST": {
        "x": 0.6860857009887695,
        "y": 0.6548223495483398
    },
    "THUMB_CMC": {
        "x": 0.7354753613471985,
        "y": 0.6138959527015686
    },
    "THUMB_MCP": {
        "x": 0.7343871593475342,
        "y": 0.5607479214668274
    },
    "THUMB_IP": {
        "x": 0.7150448560714722,
        "y": 0.5233777761459351
    },
    "THUMB_TIP": {
        "x": 0.7055246233940125,
        "y": 0.49489787220954895
    },
    "INDEX_FINGER_MCP": {
        "x": 0.6540291905403137,
        "y": 0.5108498930931091
    },
    "INDEX_FINGER_PIP": {
        "x": 0.6923916935920715,
        "y": 0.4678555130958557
    },
    "INDEX_FINGER_DIP": {
        "x": 0.707154393196106,
        "y": 0.44145524501800537
    },
    "INDEX_FINGER_TIP": {
        "x": 0.7184044718742371,
        "y": 0.41716039180755615
    },
    "MIDDLE_FINGER_MCP": {
        "x": 0.6053404808044434,
        "y": 0.5226203799247742
    },
    "MIDDLE_FINGER_PIP": {
        "x": 0.6542086601257324,
        "y": 0.5066931247711182
    },
    "MIDDLE_FINGER_DIP": {
        "x": 0.7100340723991394,
        "y": 0.5466213226318359
    },
    "MIDDLE_FINGER_TIP": {
        "x": 0.7451654076576233,
        "y": 0.5762544274330139
    },
    "RING_FINGER_MCP": {
        "x": 0.5645266175270081,
        "y": 0.5459694862365723
    },
    "RING_FINGER_PIP": {
        "x": 0.607949435710907,
        "y": 0.5323280096054077
    },
    "RING_FINGER_DIP": {
        "x": 0.6714397668838501,
        "y": 0.5699500441551208
    },
    "RING_FINGER_TIP": {
        "x": 0.710625171661377,
        "y": 0.5988756418228149
    },
    "PINKY_MCP": {
        "x": 0.5322932600975037,
        "y": 0.5761658549308777
    },
    "PINKY_PIP": {
        "x": 0.5582366585731506,
        "y": 0.5628176927566528
    },
    "PINKY_DIP": {
        "x": 0.6162835955619812,
        "y": 0.577712893486023
    },
    "PINKY_TIP": {
        "x": 0.6598921418190002,
        "y": 0.5908387899398804
    }
}