{
    "WRIST": {
        "x": 0.6523005962371826,
        "y": 0.6007232069969177
    },
    "THUMB_CMC": {
        "x": 0.5825057029724121,
        "y": 0.6313116550445557
    },
    "THUMB_MCP": {
        "x": 0.479597806930542,
        "y": 0.6254262924194336
    },
    "THUMB_IP": {
        "x": 0.41676801443099976,
        "y": 0.5975741744041443
    },
    "THUMB_TIP": {
        "x": 0.4056471884250641,
        "y": 0.5630386471748352
    },
    "INDEX_FINGER_MCP": {
        "x": 0.4569483697414398,
        "y": 0.5741753578186035
    },
    "INDEX_FINGER_PIP": {
        "x": 0.4068681597709656,
        "y": 0.547395646572113
    },
    "INDEX_FINGER_DIP": {
        "x": 0.3965497314929962,
        "y": 0.5383259654045105
    },
    "INDEX_FINGER_TIP": {
        "x": 0.39904266595840454,
        "y": 0.5388714671134949
    },
    "MIDDLE_FINGER_MCP": {
        "x": 0.48204076290130615,
        "y": 0.5482522249221802
    },
    "MIDDLE_FINGER_PIP": {
        "x": 0.4232805073261261,
        "y": 0.5153504610061646
    },
    "MIDDLE_FINGER_DIP": {
        "x": 0.4143607020378113,
        "y": 0.5091196298599243
    },
    "MIDDLE_FINGER_TIP": {
        "x": 0.41902393102645874,
        "y": 0.5122644901275635
    },
    "RING_FINGER_MCP": {
        "x": 0.5178919434547424,
        "y": 0.5290587544441223
    },
    "RING_FINGER_PIP": {
        "x": 0.4695327877998352,
        "y": 0.5074383020401001
    },
    "RING_FINGER_DIP": {
        "x": 0.506952702999115,
        "y": 0.529033899307251
    },
    "RING_FINGER_TIP": {
        "x": 0.5457752346992493,
        "y": 0.5499588251113892
    },
    "PINKY_MCP": {
        "x": 0.5605818033218384,
        "y": 0.5129184126853943
    },
    "PINKY_PIP": {
        "x": 0.505351722240448,
        "y": 0.4840007424354553
    },
    "PINKY_DIP": {
        "x": 0.4712720215320587,
        "y": 0.46909239888191223
    },
    "PINKY_TIP": {
        "x": 0.43906307220458984,
        "y": 0.45688557624816895
    }
}