{
    "WRIST": {
        "x": 0.6841743588447571,
        "y": 0.5910057425498962
    },
    "THUMB_CMC": {
        "x": 0.6309788823127747,
        "y": 0.6251073479652405
    },
    "THUMB_MCP": {
        "x": 0.5300508737564087,
        "y": 0.6201185584068298
    },
    "THUMB_IP": {
        "x": 0.4800211191177368,
        "y": 0.5887483358383179
    },
    "THUMB_TIP": {
        "x": 0.4769413471221924,
        "y": 0.5508618354797363
    },
    "INDEX_FINGER_MCP": {
        "x": 0.4518778622150421,
        "y": 0.581638514995575
    },
    "INDEX_FINGER_PIP": {
        "x": 0.40098822116851807,
        "y": 0.5668078660964966
    },
    "INDEX_FINGER_DIP": {
        "x": 0.42601144313812256,
        "y": 0.5616554617881775
    },
    "INDEX_FINGER_TIP": {
        "x": 0.46196243166923523,
        "y": 0.5621257424354553
    },
    "MIDDLE_FINGER_MCP": {
        "x": 0.4680674076080322,
        "y": 0.5475929975509644
    },
    "MIDDLE_FINGER_PIP": {
        "x": 0.4060860872268677,
        "y": 0.5232267379760742
    },
    "MIDDLE_FINGER_DIP": {
        "x": 0.40145018696784973,
        "y": 0.507861316204071
    },
    "MIDDLE_FINGER_TIP": {
        "x": 0.41048571467399597,
        "y": 0.5005980730056763
    },
    "RING_FINGER_MCP": {
        "x": 0.4988155961036682,
        "y": 0.5193068981170654
    },
    "RING_FINGER_PIP": {
        "x": 0.4609362483024597,
        "y": 0.49683594703674316
    },
    "RING_FINGER_DIP": {
        "x": 0.49463024735450745,
        "y": 0.5151710510253906
    },
    "RING_FINGER_TIP": {
        "x": 0.5259949564933777,
        "y": 0.5338990092277527
    },
    "PINKY_MCP": {
        "x": 0.5370625853538513,
        "y": 0.495250940322876
    },
    "PINKY_PIP": {
        "x": 0.490695595741272,
        "y": 0.45457732677459717
    },
    "PINKY_DIP": {
        "x": 0.462823748588562,
        "y": 0.4305940270423889
    },
    "PINKY_TIP": {
        "x": 0.4369429349899292,
        "y": 0.4086230397224426
    }
}