{
    "WRIST": {
        "x": 0.766566276550293,
        "y": 0.6363693475723267
    },
    "THUMB_CMC": {
        "x": 0.6743721961975098,
        "y": 0.6618614196777344
    },
    "THUMB_MCP": {
        "x": 0.6482217311859131,
        "y": 0.6799463033676147
    },
    "THUMB_IP": {
        "x": 0.690956175327301,
        "y": 0.7127349972724915
    },
    "THUMB_TIP": {
        "x": 0.7395816445350647,
        "y": 0.7292219996452332
    },
    "INDEX_FINGER_MCP": {
        "x": 0.6676774621009827,
        "y": 0.6230209469795227
    },
    "INDEX_FINGER_PIP": {
        "x": 0.7205479741096497,
        "y": 0.7046607136726379
    },
    "INDEX_FINGER_DIP": {
        "x": 0.7301942706108093,
        "y": 0.7479628920555115
    },
    "INDEX_FINGER_TIP": {
        "x": 0.7323393821716309,
        "y": 0.7672961950302124
    },
    "MIDDLE_FINGER_MCP": {
        "x": 0.7539840340614319,
        "y": 0.6048519611358643
    },
    "MIDDLE_FINGER_PIP": {
        "x": 0.8183085322380066,
        "y": 0.6990265846252441
    },
    "MIDDLE_FINGER_DIP": {
        "x": 0.8059183955192566,
        "y": 0.7365396022796631
    },
    "MIDDLE_FINGER_TIP": {
        "x": 0.7908393740653992,
        "y": 0.746642529964447
    },
    "RING_FINGER_MCP": {
        "x": 0.8293913006782532,
        "y": 0.6028587818145752
    },
    "RING_FINGER_PIP": {
        "x": 0.8918193578720093,
        "y": 0.683736264705658
    },
    "RING_FINGER_DIP": {
        "x": 0.8722915053367615,
        "y": 0.7209242582321167
    },
    "RING_FINGER_TIP": {
        "x": 0.8497822880744934,
        "y": 0.7312031984329224
    },
    "PINKY_MCP": {
        "x": 0.8904985785484314,
        "y": 0.607288122177124
    },
    "PINKY_PIP": {
        "x": 0.9557837843894958,
        "y": 0.6521861553192139
    },
    "PINKY_DIP": {
        "x": 0.9427689909934998,
        "y": 0.6834849119186401
    },
    "PINKY_TIP": {
        "x": 0.9184364676475525,
        "y": 0.697293758392334
    }
}