{
    "WRIST": {
        "x": 0.7344521284103394,
        "y": 0.6751527190208435
    },
    "THUMB_CMC": {
        "x": 0.8285542130470276,
        "y": 0.7033563852310181
    },
    "THUMB_MCP": {
        "x": 0.8761522173881531,
        "y": 0.752899169921875
    },
    "THUMB_IP": {
        "x": 0.8770549893379211,
        "y": 0.7959853410720825
    },
    "THUMB_TIP": {
        "x": 0.8569954037666321,
        "y": 0.8266260027885437
    },
    "INDEX_FINGER_MCP": {
        "x": 0.8792150020599365,
        "y": 0.7708183526992798
    },
    "INDEX_FINGER_PIP": {
        "x": 0.8951907157897949,
        "y": 0.8556895852088928
    },
    "INDEX_FINGER_DIP": {
        "x": 0.8983021974563599,
        "y": 0.9075548052787781
    },
    "INDEX_FINGER_TIP": {
        "x": 0.9002618789672852,
        "y": 0.9482619762420654
    },
    "MIDDLE_FINGER_MCP": {
        "x": 0.8250371813774109,
        "y": 0.756016194820404
    },
    "MIDDLE_FINGER_PIP": {
        "x": 0.8094163537025452,
        "y": 0.8446306586265564
    },
    "MIDDLE_FINGER_DIP": {
        "x": 0.7929468750953674,
        "y": 0.864747941493988
    },
    "MIDDLE_FINGER_TIP": {
        "x": 0.7782392501831055,
        "y": 0.8634777665138245
    },
    "RING_FINGER_MCP": {
        "x": 0.7605504393577576,
        "y": 0.7423976063728333
    },
    "RING_FINGER_PIP": {
        "x": 0.7400703430175781,
        "y": 0.8256030678749084
    },
    "RING_FINGER_DIP": {
        "x": 0.7261819243431091,
        "y": 0.8476157784461975
    },
    "RING_FINGER_TIP": {
        "x": 0.7139866948127747,
        "y": 0.85157310962677
    },
    "PINKY_MCP": {
        "x": 0.695700466632843,
        "y": 0.7309326529502869
    },
    "PINKY_PIP": {
        "x": 0.6764678955078125,
        "y": 0.7969973087310791
    },
    "PINKY_DIP": {
        "x": 0.6654342412948608,
        "y": 0.818436324596405
    },
    "PINKY_TIP": {
        "x": 0.6609158515930176,
        "y": 0.8264592289924622
    }
}