{
    "WRIST": {
        "x": 0.6568557620048523,
        "y": 0.622413158416748
    },
    "THUMB_CMC": {
        "x": 0.582970917224884,
        "y": 0.6410008072853088
    },
    "THUMB_MCP": {
        "x": 0.4931323528289795,
        "y": 0.6277443766593933
    },
    "THUMB_IP": {
        "x": 0.4350665807723999,
        "y": 0.6004674434661865
    },
    "THUMB_TIP": {
        "x": 0.4236086905002594,
        "y": 0.569553017616272
    },
    "INDEX_FINGER_MCP": {
        "x": 0.5004656314849854,
        "y": 0.5721948146820068
    },
    "INDEX_FINGER_PIP": {
        "x": 0.4581584930419922,
        "y": 0.5395591259002686
    },
    "INDEX_FINGER_DIP": {
        "x": 0.46518591046333313,
        "y": 0.5512535572052002
    },
    "INDEX_FINGER_TIP": {
        "x": 0.47643959522247314,
        "y": 0.566601574420929
    },
    "MIDDLE_FINGER_MCP": {
        "x": 0.5323091149330139,
        "y": 0.553013801574707
    },
    "MIDDLE_FINGER_PIP": {
        "x": 0.49151647090911865,
        "y": 0.5257041454315186
    },
    "MIDDLE_FINGER_DIP": {
        "x": 0.5148918032646179,
        "y": 0.5467569231987
    },
    "MIDDLE_FINGER_TIP": {
        "x": 0.537209689617157,
        "y": 0.5639798641204834
    },
    "RING_FINGER_MCP": {
        "x": 0.5700783729553223,
        "y": 0.5380236506462097
    },
    "RING_FINGER_PIP": {
        "x": 0.5244801640510559,
        "y": 0.5139851570129395
    },
    "RING_FINGER_DIP": {
        "x": 0.54518723487854,
        "y": 0.53867506980896
    },
    "RING_FINGER_TIP": {
        "x": 0.5698974132537842,
        "y": 0.5593267679214478
    },
    "PINKY_MCP": {
        "x": 0.6108260154724121,
        "y": 0.5245031118392944
    },
    "PINKY_PIP": {
        "x": 0.5618911385536194,
        "y": 0.4898092448711395
    },
    "PINKY_DIP": {
        "x": 0.5249530076980591,
        "y": 0.46811726689338684
    },
    "PINKY_TIP": {
        "x": 0.49184650182724,
        "y": 0.4493084251880646
    }
}