{
    "WRIST": {
        "x": 0.6781613230705261,
        "y": 0.5861260890960693
    },
    "THUMB_CMC": {
        "x": 0.6202697157859802,
        "y": 0.6202420592308044
    },
    "THUMB_MCP": {
        "x": 0.5051393508911133,
        "y": 0.618331253528595
    },
    "THUMB_IP": {
        "x": 0.4405924379825592,
        "y": 0.5876450538635254
    },
    "THUMB_TIP": {
        "x": 0.4359634518623352,
        "y": 0.5508796572685242
    },
    "INDEX_FINGER_MCP": {
        "x": 0.44472411274909973,
        "y": 0.5798590779304504
    },
    "INDEX_FINGER_PIP": {
        "x": 0.3896145224571228,
        "y": 0.567441463470459
    },
    "INDEX_FINGER_DIP": {
        "x": 0.4320259094238281,
        "y": 0.5619566440582275
    },
    "INDEX_FINGER_TIP": {
        "x": 0.47117966413497925,
        "y": 0.5599925518035889
    },
    "MIDDLE_FINGER_MCP": {
        "x": 0.4602029621601105,
        "y": 0.5458099246025085
    },
    "MIDDLE_FINGER_PIP": {
        "x": 0.4036720395088196,
        "y": 0.518610954284668
    },
    "MIDDLE_FINGER_DIP": {
        "x": 0.4082481265068054,
        "y": 0.4996616840362549
    },
    "MIDDLE_FINGER_TIP": {
        "x": 0.41012057662010193,
        "y": 0.4882603585720062
    },
    "RING_FINGER_MCP": {
        "x": 0.48901915550231934,
        "y": 0.5186729431152344
    },
    "RING_FINGER_PIP": {
        "x": 0.4445037543773651,
        "y": 0.49691763520240784
    },
    "RING_FINGER_DIP": {
        "x": 0.5018137693405151,
        "y": 0.5188778638839722
    },
    "RING_FINGER_TIP": {
        "x": 0.5469532012939453,
        "y": 0.5391126275062561
    },
    "PINKY_MCP": {
        "x": 0.5269440412521362,
        "y": 0.49652010202407837
    },
    "PINKY_PIP": {
        "x": 0.4697863757610321,
        "y": 0.458837628364563
    },
    "PINKY_DIP": {
        "x": 0.4402852952480316,
        "y": 0.4331612288951874
    },
    "PINKY_TIP": {
        "x": 0.4066174030303955,
        "y": 0.4082064628601074
    }
}