{
    "WRIST": {
        "x": 0.7508354187011719,
        "y": 0.6631824970245361
    },
    "THUMB_CMC": {
        "x": 0.8220095038414001,
        "y": 0.6752020716667175
    },
    "THUMB_MCP": {
        "x": 0.8705384731292725,
        "y": 0.6768838167190552
    },
    "THUMB_IP": {
        "x": 0.9042844772338867,
        "y": 0.682719886302948
    },
    "THUMB_TIP": {
        "x": 0.9215965270996094,
        "y": 0.6837104558944702
    },
    "INDEX_FINGER_MCP": {
        "x": 0.8403823375701904,
        "y": 0.6406279802322388
    },
    "INDEX_FINGER_PIP": {
        "x": 0.8725722432136536,
        "y": 0.7157890796661377
    },
    "INDEX_FINGER_DIP": {
        "x": 0.8606369495391846,
        "y": 0.7531121969223022
    },
    "INDEX_FINGER_TIP": {
        "x": 0.8510280847549438,
        "y": 0.7721742391586304
    },
    "MIDDLE_FINGER_MCP": {
        "x": 0.7915297746658325,
        "y": 0.6414034366607666
    },
    "MIDDLE_FINGER_PIP": {
        "x": 0.829237163066864,
        "y": 0.7489768862724304
    },
    "MIDDLE_FINGER_DIP": {
        "x": 0.8173229098320007,
        "y": 0.7818009257316589
    },
    "MIDDLE_FINGER_TIP": {
        "x": 0.808529794216156,
        "y": 0.7950385212898254
    },
    "RING_FINGER_MCP": {
        "x": 0.7423702478408813,
        "y": 0.6503511071205139
    },
    "RING_FINGER_PIP": {
        "x": 0.777549684047699,
        "y": 0.7494673132896423
    },
    "RING_FINGER_DIP": {
        "x": 0.7728139162063599,
        "y": 0.7868266105651855
    },
    "RING_FINGER_TIP": {
        "x": 0.780185878276825,
        "y": 0.8049391508102417
    },
    "PINKY_MCP": {
        "x": 0.7012483477592468,
        "y": 0.6616421341896057
    },
    "PINKY_PIP": {
        "x": 0.7366383671760559,
        "y": 0.7375733852386475
    },
    "PINKY_DIP": {
        "x": 0.738800048828125,
        "y": 0.7758200168609619
    },
    "PINKY_TIP": {
        "x": 0.7452753782272339,
        "y": 0.7989580035209656
    }
}