{
    "WRIST": {
        "x": 0.7645324468612671,
        "y": 0.7588376998901367
    },
    "THUMB_CMC": {
        "x": 0.8077364563941956,
        "y": 0.7135618925094604
    },
    "THUMB_MCP": {
        "x": 0.798882246017456,
        "y": 0.6534212827682495
    },
    "THUMB_IP": {
        "x": 0.7472094297409058,
        "y": 0.6107916831970215
    },
    "THUMB_TIP": {
        "x": 0.7026700377464294,
        "y": 0.6021484732627869
    },
    "INDEX_FINGER_MCP": {
        "x": 0.82794189453125,
        "y": 0.6476898193359375
    },
    "INDEX_FINGER_PIP": {
        "x": 0.7223972082138062,
        "y": 0.5792420506477356
    },
    "INDEX_FINGER_DIP": {
        "x": 0.7107030153274536,
        "y": 0.6024521589279175
    },
    "INDEX_FINGER_TIP": {
        "x": 0.7314112782478333,
        "y": 0.6238464713096619
    },
    "MIDDLE_FINGER_MCP": {
        "x": 0.7716829776763916,
        "y": 0.6675193905830383
    },
    "MIDDLE_FINGER_PIP": {
        "x": 0.6621068716049194,
        "y": 0.6008169651031494
    },
    "MIDDLE_FINGER_DIP": {
        "x": 0.6605292558670044,
        "y": 0.6269422769546509
    },
    "MIDDLE_FINGER_TIP": {
        "x": 0.6878929138183594,
        "y": 0.6446849703788757
    },
    "RING_FINGER_MCP": {
        "x": 0.708640992641449,
        "y": 0.684731125831604
    },
    "RING_FINGER_PIP": {
        "x": 0.6177565455436707,
        "y": 0.6178196668624878
    },
    "RING_FINGER_DIP": {
        "x": 0.6246116757392883,
        "y": 0.6422235369682312
    },
    "RING_FINGER_TIP": {
        "x": 0.6510012745857239,
        "y": 0.6614494323730469
    },
    "PINKY_MCP": {
        "x": 0.6512404680252075,
        "y": 0.69573974609375
    },
    "PINKY_PIP": {
        "x": 0.5891497135162354,
        "y": 0.6322609186172485
    },
    "PINKY_DIP": {
        "x": 0.553085207939148,
        "y": 0.603258490562439
    },
    "PINKY_TIP": {
        "x": 0.528057336807251,
        "y": 0.5749773383140564
    }
}