{
    "WRIST": {
        "x": 0.7581511735916138,
        "y": 0.5966039896011353
    },
    "THUMB_CMC": {
        "x": 0.6903224587440491,
        "y": 0.6011814475059509
    },
    "THUMB_MCP": {
        "x": 0.6253347992897034,
        "y": 0.5845111012458801
    },
    "THUMB_IP": {
        "x": 0.6035797595977783,
        "y": 0.5620653629302979
    },
    "THUMB_TIP": {
        "x": 0.6509414315223694,
        "y": 0.5485130548477173
    },
    "INDEX_FINGER_MCP": {
        "x": 0.6676511764526367,
        "y": 0.506822943687439
    },
    "INDEX_FINGER_PIP": {
        "x": 0.6538794040679932,
        "y": 0.461103618144989
    },
    "INDEX_FINGER_DIP": {
        "x": 0.6481367945671082,
        "y": 0.4693832993507385
    },
    "INDEX_FINGER_TIP": {
        "x": 0.6516047716140747,
        "y": 0.4886740446090698
    },
    "MIDDLE_FINGER_MCP": {
        "x": 0.7113012671470642,
        "y": 0.5020845532417297
    },
    "MIDDLE_FINGER_PIP": {
        "x": 0.7034202218055725,
        "y": 0.4505249559879303
    },
    "MIDDLE_FINGER_DIP": {
        "x": 0.6935805678367615,
        "y": 0.4650639295578003
    },
    "MIDDLE_FINGER_TIP": {
        "x": 0.69377201795578,
        "y": 0.48825669288635254
    },
    "RING_FINGER_MCP": {
        "x": 0.7559658288955688,
        "y": 0.5045027732849121
    },
    "RING_FINGER_PIP": {
        "x": 0.7555153369903564,
        "y": 0.45631030201911926
    },
    "RING_FINGER_DIP": {
        "x": 0.7434183955192566,
        "y": 0.46701639890670776
    },
    "RING_FINGER_TIP": {
        "x": 0.7420267462730408,
        "y": 0.48960575461387634
    },
    "PINKY_MCP": {
        "x": 0.8047807812690735,
        "y": 0.5133337378501892
    },
    "PINKY_PIP": {
        "x": 0.8061957359313965,
        "y": 0.47510603070259094
    },
    "PINKY_DIP": {
        "x": 0.7925125956535339,
        "y": 0.4770994484424591
    },
    "PINKY_TIP": {
        "x": 0.7851996421813965,
        "y": 0.4929288625717163
    }
}