{
    "WRIST": {
        "x": 0.8210939764976501,
        "y": 0.6222550272941589
    },
    "THUMB_CMC": {
        "x": 0.7592039108276367,
        "y": 0.6193320751190186
    },
    "THUMB_MCP": {
        "x": 0.710448145866394,
        "y": 0.6074256300926208
    },
    "THUMB_IP": {
        "x": 0.6859879493713379,
        "y": 0.6016765236854553
    },
    "THUMB_TIP": {
        "x": 0.6898797750473022,
        "y": 0.6070939302444458
    },
    "INDEX_FINGER_MCP": {
        "x": 0.7342895269393921,
        "y": 0.5318648219108582
    },
    "INDEX_FINGER_PIP": {
        "x": 0.7196092009544373,
        "y": 0.47707611322402954
    },
    "INDEX_FINGER_DIP": {
        "x": 0.7028013467788696,
        "y": 0.4834345877170563
    },
    "INDEX_FINGER_TIP": {
        "x": 0.6887814998626709,
        "y": 0.49257826805114746
    },
    "MIDDLE_FINGER_MCP": {
        "x": 0.78510582447052,
        "y": 0.5323009490966797
    },
    "MIDDLE_FINGER_PIP": {
        "x": 0.7865656018257141,
        "y": 0.4730137884616852
    },
    "MIDDLE_FINGER_DIP": {
        "x": 0.7753280401229858,
        "y": 0.495705246925354
    },
    "MIDDLE_FINGER_TIP": {
        "x": 0.7680628895759583,
        "y": 0.514157235622406
    },
    "RING_FINGER_MCP": {
        "x": 0.8360083103179932,
        "y": 0.5422852635383606
    },
    "RING_FINGER_PIP": {
        "x": 0.8434048891067505,
        "y": 0.4940703511238098
    },
    "RING_FINGER_DIP": {
        "x": 0.8253761529922485,
        "y": 0.514057457447052
    },
    "RING_FINGER_TIP": {
        "x": 0.8140273690223694,
        "y": 0.5341109037399292
    },
    "PINKY_MCP": {
        "x": 0.8860752582550049,
        "y": 0.5587536692619324
    },
    "PINKY_PIP": {
        "x": 0.90201735496521,
        "y": 0.5254967212677002
    },
    "PINKY_DIP": {
        "x": 0.8855035305023193,
        "y": 0.5325048565864563
    },
    "PINKY_TIP": {
        "x": 0.8668166399002075,
        "y": 0.5440750122070312
    }
}