{
    "WRIST": {
        "x": 0.8174281716346741,
        "y": 0.6253558397293091
    },
    "THUMB_CMC": {
        "x": 0.7505223751068115,
        "y": 0.6255642175674438
    },
    "THUMB_MCP": {
        "x": 0.6956604719161987,
        "y": 0.6144306659698486
    },
    "THUMB_IP": {
        "x": 0.6702130436897278,
        "y": 0.6051971316337585
    },
    "THUMB_TIP": {
        "x": 0.6869319081306458,
        "y": 0.6076238751411438
    },
    "INDEX_FINGER_MCP": {
        "x": 0.7198591232299805,
        "y": 0.5318287014961243
    },
    "INDEX_FINGER_PIP": {
        "x": 0.7153627872467041,
        "y": 0.4809585213661194
    },
    "INDEX_FINGER_DIP": {
        "x": 0.7122424244880676,
        "y": 0.5050634741783142
    },
    "INDEX_FINGER_TIP": {
        "x": 0.7137318253517151,
        "y": 0.5290321111679077
    },
    "MIDDLE_FINGER_MCP": {
        "x": 0.7716476321220398,
        "y": 0.5290467739105225
    },
    "MIDDLE_FINGER_PIP": {
        "x": 0.7746410965919495,
        "y": 0.46811944246292114
    },
    "MIDDLE_FINGER_DIP": {
        "x": 0.7659161686897278,
        "y": 0.4972141981124878
    },
    "MIDDLE_FINGER_TIP": {
        "x": 0.7652164101600647,
        "y": 0.5212603807449341
    },
    "RING_FINGER_MCP": {
        "x": 0.8231640458106995,
        "y": 0.5366510152816772
    },
    "RING_FINGER_PIP": {
        "x": 0.8342020511627197,
        "y": 0.4820934534072876
    },
    "RING_FINGER_DIP": {
        "x": 0.817546010017395,
        "y": 0.5061281323432922
    },
    "RING_FINGER_TIP": {
        "x": 0.8101497888565063,
        "y": 0.5298448801040649
    },
    "PINKY_MCP": {
        "x": 0.8738780617713928,
        "y": 0.551246166229248
    },
    "PINKY_PIP": {
        "x": 0.8892949819564819,
        "y": 0.5150259733200073
    },
    "PINKY_DIP": {
        "x": 0.8740982413291931,
        "y": 0.5261715650558472
    },
    "PINKY_TIP": {
        "x": 0.8610821962356567,
        "y": 0.5408360362052917
    }
}