{
    "WRIST": {
        "x": 0.7645746469497681,
        "y": 0.5938506126403809
    },
    "THUMB_CMC": {
        "x": 0.6961444616317749,
        "y": 0.5998932719230652
    },
    "THUMB_MCP": {
        "x": 0.6311284899711609,
        "y": 0.5827874541282654
    },
    "THUMB_IP": {
        "x": 0.6081688404083252,
        "y": 0.5609642267227173
    },
    "THUMB_TIP": {
        "x": 0.6536275148391724,
        "y": 0.5479714870452881
    },
    "INDEX_FINGER_MCP": {
        "x": 0.6751461029052734,
        "y": 0.5054552555084229
    },
    "INDEX_FINGER_PIP": {
        "x": 0.6603684425354004,
        "y": 0.45977282524108887
    },
    "INDEX_FINGER_DIP": {
        "x": 0.6495550274848938,
        "y": 0.4691453278064728
    },
    "INDEX_FINGER_TIP": {
        "x": 0.6530464887619019,
        "y": 0.4894070327281952
    },
    "MIDDLE_FINGER_MCP": {
        "x": 0.7169255018234253,
        "y": 0.5002189874649048
    },
    "MIDDLE_FINGER_PIP": {
        "x": 0.7056777477264404,
        "y": 0.446966290473938
    },
    "MIDDLE_FINGER_DIP": {
        "x": 0.6916483044624329,
        "y": 0.46292513608932495
    },
    "MIDDLE_FINGER_TIP": {
        "x": 0.6932278871536255,
        "y": 0.487511545419693
    },
    "RING_FINGER_MCP": {
        "x": 0.7613810300827026,
        "y": 0.502214252948761
    },
    "RING_FINGER_PIP": {
        "x": 0.7560182213783264,
        "y": 0.4517103135585785
    },
    "RING_FINGER_DIP": {
        "x": 0.7409604787826538,
        "y": 0.464557945728302
    },
    "RING_FINGER_TIP": {
        "x": 0.741176187992096,
        "y": 0.48796752095222473
    },
    "PINKY_MCP": {
        "x": 0.8106702566146851,
        "y": 0.5109755396842957
    },
    "PINKY_PIP": {
        "x": 0.8071302175521851,
        "y": 0.4706699848175049
    },
    "PINKY_DIP": {
        "x": 0.7914770841598511,
        "y": 0.4736802279949188
    },
    "PINKY_TIP": {
        "x": 0.7854800224304199,
        "y": 0.489734411239624
    }
}