{
    "WRIST": {
        "x": 0.8410224914550781,
        "y": 0.652881383895874
    },
    "THUMB_CMC": {
        "x": 0.769542932510376,
        "y": 0.6521844267845154
    },
    "THUMB_MCP": {
        "x": 0.7082957625389099,
        "y": 0.6355844736099243
    },
    "THUMB_IP": {
        "x": 0.6862558722496033,
        "y": 0.6199643015861511
    },
    "THUMB_TIP": {
        "x": 0.7282737493515015,
        "y": 0.6144670844078064
    },
    "INDEX_FINGER_MCP": {
        "x": 0.7380548715591431,
        "y": 0.5492593050003052
    },
    "INDEX_FINGER_PIP": {
        "x": 0.7221856117248535,
        "y": 0.4959557056427002
    },
    "INDEX_FINGER_DIP": {
        "x": 0.7187638282775879,
        "y": 0.5114507079124451
    },
    "INDEX_FINGER_TIP": {
        "x": 0.7228997945785522,
        "y": 0.5346432328224182
    },
    "MIDDLE_FINGER_MCP": {
        "x": 0.7911211252212524,
        "y": 0.5435751676559448
    },
    "MIDDLE_FINGER_PIP": {
        "x": 0.7890902757644653,
        "y": 0.48005297780036926
    },
    "MIDDLE_FINGER_DIP": {
        "x": 0.7793112993240356,
        "y": 0.4972473978996277
    },
    "MIDDLE_FINGER_TIP": {
        "x": 0.7758488655090332,
        "y": 0.5183716416358948
    },
    "RING_FINGER_MCP": {
        "x": 0.8451335430145264,
        "y": 0.5501158833503723
    },
    "RING_FINGER_PIP": {
        "x": 0.8528487086296082,
        "y": 0.49676403403282166
    },
    "RING_FINGER_DIP": {
        "x": 0.8353860974311829,
        "y": 0.5125576257705688
    },
    "RING_FINGER_TIP": {
        "x": 0.8243138790130615,
        "y": 0.5356466174125671
    },
    "PINKY_MCP": {
        "x": 0.8988020420074463,
        "y": 0.5655470490455627
    },
    "PINKY_PIP": {
        "x": 0.913213849067688,
        "y": 0.526921808719635
    },
    "PINKY_DIP": {
        "x": 0.8942137360572815,
        "y": 0.531372606754303
    },
    "PINKY_TIP": {
        "x": 0.8753694891929626,
        "y": 0.5454155802726746
    }
}