{
    "WRIST": {
        "x": 0.8158613443374634,
        "y": 0.6259869337081909
    },
    "THUMB_CMC": {
        "x": 0.7523716688156128,
        "y": 0.624079167842865
    },
    "THUMB_MCP": {
        "x": 0.699432373046875,
        "y": 0.613158643245697
    },
    "THUMB_IP": {
        "x": 0.6746373176574707,
        "y": 0.6059703826904297
    },
    "THUMB_TIP": {
        "x": 0.686045229434967,
        "y": 0.6123741865158081
    },
    "INDEX_FINGER_MCP": {
        "x": 0.7285358905792236,
        "y": 0.5321837663650513
    },
    "INDEX_FINGER_PIP": {
        "x": 0.724553644657135,
        "y": 0.47838857769966125
    },
    "INDEX_FINGER_DIP": {
        "x": 0.7178398370742798,
        "y": 0.5021061301231384
    },
    "INDEX_FINGER_TIP": {
        "x": 0.7148585319519043,
        "y": 0.5258098244667053
    },
    "MIDDLE_FINGER_MCP": {
        "x": 0.7806090116500854,
        "y": 0.5307662487030029
    },
    "MIDDLE_FINGER_PIP": {
        "x": 0.7794216275215149,
        "y": 0.4692609906196594
    },
    "MIDDLE_FINGER_DIP": {
        "x": 0.7675306797027588,
        "y": 0.498182088136673
    },
    "MIDDLE_FINGER_TIP": {
        "x": 0.7669318914413452,
        "y": 0.5223100185394287
    },
    "RING_FINGER_MCP": {
        "x": 0.8316793441772461,
        "y": 0.538222074508667
    },
    "RING_FINGER_PIP": {
        "x": 0.8379552960395813,
        "y": 0.48327404260635376
    },
    "RING_FINGER_DIP": {
        "x": 0.8190075755119324,
        "y": 0.5060985684394836
    },
    "RING_FINGER_TIP": {
        "x": 0.8128789663314819,
        "y": 0.5298362374305725
    },
    "PINKY_MCP": {
        "x": 0.8818060159683228,
        "y": 0.5521847605705261
    },
    "PINKY_PIP": {
        "x": 0.8962366580963135,
        "y": 0.5143024921417236
    },
    "PINKY_DIP": {
        "x": 0.8796078562736511,
        "y": 0.5235358476638794
    },
    "PINKY_TIP": {
        "x": 0.8662593960762024,
        "y": 0.5376967191696167
    }
}