{
    "WRIST": {
        "x": 0.7625143527984619,
        "y": 0.5820758938789368
    },
    "THUMB_CMC": {
        "x": 0.6968332529067993,
        "y": 0.5859654545783997
    },
    "THUMB_MCP": {
        "x": 0.6388369202613831,
        "y": 0.5752033591270447
    },
    "THUMB_IP": {
        "x": 0.612238883972168,
        "y": 0.5613235235214233
    },
    "THUMB_TIP": {
        "x": 0.642598032951355,
        "y": 0.5507238507270813
    },
    "INDEX_FINGER_MCP": {
        "x": 0.6680871248245239,
        "y": 0.5019019246101379
    },
    "INDEX_FINGER_PIP": {
        "x": 0.6521021127700806,
        "y": 0.4612165093421936
    },
    "INDEX_FINGER_DIP": {
        "x": 0.6511050462722778,
        "y": 0.47167858481407166
    },
    "INDEX_FINGER_TIP": {
        "x": 0.6582025289535522,
        "y": 0.49127790331840515
    },
    "MIDDLE_FINGER_MCP": {
        "x": 0.7110023498535156,
        "y": 0.4968797564506531
    },
    "MIDDLE_FINGER_PIP": {
        "x": 0.6992576718330383,
        "y": 0.44853198528289795
    },
    "MIDDLE_FINGER_DIP": {
        "x": 0.6971061825752258,
        "y": 0.46861711144447327
    },
    "MIDDLE_FINGER_TIP": {
        "x": 0.7017102837562561,
        "y": 0.4913330078125
    },
    "RING_FINGER_MCP": {
        "x": 0.7560204267501831,
        "y": 0.49908721446990967
    },
    "RING_FINGER_PIP": {
        "x": 0.7526494264602661,
        "y": 0.4521946609020233
    },
    "RING_FINGER_DIP": {
        "x": 0.7458521127700806,
        "y": 0.4687911868095398
    },
    "RING_FINGER_TIP": {
        "x": 0.7470593452453613,
        "y": 0.49036622047424316
    },
    "PINKY_MCP": {
        "x": 0.8037199974060059,
        "y": 0.5074559450149536
    },
    "PINKY_PIP": {
        "x": 0.8043307065963745,
        "y": 0.47445806860923767
    },
    "PINKY_DIP": {
        "x": 0.7948018312454224,
        "y": 0.48202118277549744
    },
    "PINKY_TIP": {
        "x": 0.7897490859031677,
        "y": 0.49635785818099976
    }
}