{
    "WRIST": {
        "x": 0.7920067310333252,
        "y": 0.6023108959197998
    },
    "THUMB_CMC": {
        "x": 0.7206616997718811,
        "y": 0.607837438583374
    },
    "THUMB_MCP": {
        "x": 0.6590039730072021,
        "y": 0.5987683534622192
    },
    "THUMB_IP": {
        "x": 0.6277738809585571,
        "y": 0.5867292881011963
    },
    "THUMB_TIP": {
        "x": 0.6492375135421753,
        "y": 0.572307825088501
    },
    "INDEX_FINGER_MCP": {
        "x": 0.6833521127700806,
        "y": 0.5230212807655334
    },
    "INDEX_FINGER_PIP": {
        "x": 0.6650956273078918,
        "y": 0.48111492395401
    },
    "INDEX_FINGER_DIP": {
        "x": 0.6556316018104553,
        "y": 0.48621422052383423
    },
    "INDEX_FINGER_TIP": {
        "x": 0.6566489338874817,
        "y": 0.5035508871078491
    },
    "MIDDLE_FINGER_MCP": {
        "x": 0.7307506203651428,
        "y": 0.5157946944236755
    },
    "MIDDLE_FINGER_PIP": {
        "x": 0.715460479259491,
        "y": 0.4663937985897064
    },
    "MIDDLE_FINGER_DIP": {
        "x": 0.7077682614326477,
        "y": 0.4827926754951477
    },
    "MIDDLE_FINGER_TIP": {
        "x": 0.7096481323242188,
        "y": 0.5047420263290405
    },
    "RING_FINGER_MCP": {
        "x": 0.7811968326568604,
        "y": 0.5173488855361938
    },
    "RING_FINGER_PIP": {
        "x": 0.775006115436554,
        "y": 0.47150492668151855
    },
    "RING_FINGER_DIP": {
        "x": 0.7606236934661865,
        "y": 0.4842771887779236
    },
    "RING_FINGER_TIP": {
        "x": 0.7550462484359741,
        "y": 0.5045186281204224
    },
    "PINKY_MCP": {
        "x": 0.834866464138031,
        "y": 0.524867594242096
    },
    "PINKY_PIP": {
        "x": 0.84158855676651,
        "y": 0.49025124311447144
    },
    "PINKY_DIP": {
        "x": 0.8268623948097229,
        "y": 0.49309149384498596
    },
    "PINKY_TIP": {
        "x": 0.8133727312088013,
        "y": 0.50618577003479
    }
}