{
    "WRIST": {
        "x": 0.7758992314338684,
        "y": 0.5972452163696289
    },
    "THUMB_CMC": {
        "x": 0.7070528864860535,
        "y": 0.6039937138557434
    },
    "THUMB_MCP": {
        "x": 0.6406635642051697,
        "y": 0.588873028755188
    },
    "THUMB_IP": {
        "x": 0.6145447492599487,
        "y": 0.5697051882743835
    },
    "THUMB_TIP": {
        "x": 0.6481013298034668,
        "y": 0.5554466247558594
    },
    "INDEX_FINGER_MCP": {
        "x": 0.6702892780303955,
        "y": 0.5091449022293091
    },
    "INDEX_FINGER_PIP": {
        "x": 0.6443723440170288,
        "y": 0.4648889899253845
    },
    "INDEX_FINGER_DIP": {
        "x": 0.6282826066017151,
        "y": 0.4537231922149658
    },
    "INDEX_FINGER_TIP": {
        "x": 0.6236315369606018,
        "y": 0.45817169547080994
    },
    "MIDDLE_FINGER_MCP": {
        "x": 0.7151634693145752,
        "y": 0.5025953650474548
    },
    "MIDDLE_FINGER_PIP": {
        "x": 0.6983850598335266,
        "y": 0.448898047208786
    },
    "MIDDLE_FINGER_DIP": {
        "x": 0.6847620010375977,
        "y": 0.45888400077819824
    },
    "MIDDLE_FINGER_TIP": {
        "x": 0.6845636963844299,
        "y": 0.4823039472103119
    },
    "RING_FINGER_MCP": {
        "x": 0.7624484300613403,
        "y": 0.5042581558227539
    },
    "RING_FINGER_PIP": {
        "x": 0.7546311616897583,
        "y": 0.45507773756980896
    },
    "RING_FINGER_DIP": {
        "x": 0.7404189109802246,
        "y": 0.46617189049720764
    },
    "RING_FINGER_TIP": {
        "x": 0.737650454044342,
        "y": 0.49053284525871277
    },
    "PINKY_MCP": {
        "x": 0.8142178654670715,
        "y": 0.513313353061676
    },
    "PINKY_PIP": {
        "x": 0.8145752549171448,
        "y": 0.47567474842071533
    },
    "PINKY_DIP": {
        "x": 0.7998297810554504,
        "y": 0.4765123426914215
    },
    "PINKY_TIP": {
        "x": 0.7902578115463257,
        "y": 0.49225330352783203
    }
}