{
    "WRIST": {
        "x": 0.7666084170341492,
        "y": 0.5997475385665894
    },
    "THUMB_CMC": {
        "x": 0.6952773928642273,
        "y": 0.6032577753067017
    },
    "THUMB_MCP": {
        "x": 0.6339860558509827,
        "y": 0.5847830772399902
    },
    "THUMB_IP": {
        "x": 0.6187897324562073,
        "y": 0.5631862878799438
    },
    "THUMB_TIP": {
        "x": 0.6619058847427368,
        "y": 0.5519073009490967
    },
    "INDEX_FINGER_MCP": {
        "x": 0.6627612709999084,
        "y": 0.5079452991485596
    },
    "INDEX_FINGER_PIP": {
        "x": 0.641738772392273,
        "y": 0.46025025844573975
    },
    "INDEX_FINGER_DIP": {
        "x": 0.6297270059585571,
        "y": 0.45926597714424133
    },
    "INDEX_FINGER_TIP": {
        "x": 0.6307125687599182,
        "y": 0.4703892469406128
    },
    "MIDDLE_FINGER_MCP": {
        "x": 0.708024799823761,
        "y": 0.5019976496696472
    },
    "MIDDLE_FINGER_PIP": {
        "x": 0.6912728548049927,
        "y": 0.446539044380188
    },
    "MIDDLE_FINGER_DIP": {
        "x": 0.6834840178489685,
        "y": 0.466463178396225
    },
    "MIDDLE_FINGER_TIP": {
        "x": 0.6893261671066284,
        "y": 0.4913095533847809
    },
    "RING_FINGER_MCP": {
        "x": 0.7548079490661621,
        "y": 0.5044019818305969
    },
    "RING_FINGER_PIP": {
        "x": 0.7442536354064941,
        "y": 0.45286446809768677
    },
    "RING_FINGER_DIP": {
        "x": 0.7319493889808655,
        "y": 0.46969881653785706
    },
    "RING_FINGER_TIP": {
        "x": 0.7359222173690796,
        "y": 0.49418243765830994
    },
    "PINKY_MCP": {
        "x": 0.8067219853401184,
        "y": 0.5141977667808533
    },
    "PINKY_PIP": {
        "x": 0.8033152222633362,
        "y": 0.47464534640312195
    },
    "PINKY_DIP": {
        "x": 0.7872233986854553,
        "y": 0.47940903902053833
    },
    "PINKY_TIP": {
        "x": 0.7818704843521118,
        "y": 0.49497997760772705
    }
}