{
    "WRIST": {
        "x": 0.7853357195854187,
        "y": 0.6028724908828735
    },
    "THUMB_CMC": {
        "x": 0.7128329277038574,
        "y": 0.6086750626564026
    },
    "THUMB_MCP": {
        "x": 0.6474485397338867,
        "y": 0.5955116152763367
    },
    "THUMB_IP": {
        "x": 0.6175677180290222,
        "y": 0.578983724117279
    },
    "THUMB_TIP": {
        "x": 0.6485761404037476,
        "y": 0.5667288899421692
    },
    "INDEX_FINGER_MCP": {
        "x": 0.6803150177001953,
        "y": 0.5175201892852783
    },
    "INDEX_FINGER_PIP": {
        "x": 0.6588824391365051,
        "y": 0.4716168940067291
    },
    "INDEX_FINGER_DIP": {
        "x": 0.6516163945198059,
        "y": 0.48007988929748535
    },
    "INDEX_FINGER_TIP": {
        "x": 0.6561983823776245,
        "y": 0.5007266998291016
    },
    "MIDDLE_FINGER_MCP": {
        "x": 0.7255841493606567,
        "y": 0.5111688375473022
    },
    "MIDDLE_FINGER_PIP": {
        "x": 0.7125022411346436,
        "y": 0.4568903148174286
    },
    "MIDDLE_FINGER_DIP": {
        "x": 0.7026781439781189,
        "y": 0.4738422930240631
    },
    "MIDDLE_FINGER_TIP": {
        "x": 0.7046875357627869,
        "y": 0.5000101923942566
    },
    "RING_FINGER_MCP": {
        "x": 0.7735896706581116,
        "y": 0.5131458044052124
    },
    "RING_FINGER_PIP": {
        "x": 0.7675237655639648,
        "y": 0.4616624712944031
    },
    "RING_FINGER_DIP": {
        "x": 0.7549558877944946,
        "y": 0.47290903329849243
    },
    "RING_FINGER_TIP": {
        "x": 0.752465009689331,
        "y": 0.4961010217666626
    },
    "PINKY_MCP": {
        "x": 0.8250008225440979,
        "y": 0.5224908590316772
    },
    "PINKY_PIP": {
        "x": 0.828277587890625,
        "y": 0.4830811023712158
    },
    "PINKY_DIP": {
        "x": 0.8166227340698242,
        "y": 0.48325079679489136
    },
    "PINKY_TIP": {
        "x": 0.8077114224433899,
        "y": 0.49764660000801086
    }
}