{
    "WRIST": {
        "x": 0.8184828758239746,
        "y": 0.6227582693099976
    },
    "THUMB_CMC": {
        "x": 0.7521601319313049,
        "y": 0.6231924891471863
    },
    "THUMB_MCP": {
        "x": 0.6975212097167969,
        "y": 0.613394021987915
    },
    "THUMB_IP": {
        "x": 0.6758456230163574,
        "y": 0.6052535772323608
    },
    "THUMB_TIP": {
        "x": 0.6953873634338379,
        "y": 0.6082901954650879
    },
    "INDEX_FINGER_MCP": {
        "x": 0.721621036529541,
        "y": 0.5276632905006409
    },
    "INDEX_FINGER_PIP": {
        "x": 0.7054331302642822,
        "y": 0.4734325706958771
    },
    "INDEX_FINGER_DIP": {
        "x": 0.6897220015525818,
        "y": 0.47802069783210754
    },
    "INDEX_FINGER_TIP": {
        "x": 0.6763910055160522,
        "y": 0.4873307943344116
    },
    "MIDDLE_FINGER_MCP": {
        "x": 0.7763896584510803,
        "y": 0.5251834392547607
    },
    "MIDDLE_FINGER_PIP": {
        "x": 0.7756200432777405,
        "y": 0.4635009169578552
    },
    "MIDDLE_FINGER_DIP": {
        "x": 0.7656042575836182,
        "y": 0.49016091227531433
    },
    "MIDDLE_FINGER_TIP": {
        "x": 0.7607336640357971,
        "y": 0.5129539370536804
    },
    "RING_FINGER_MCP": {
        "x": 0.8296905159950256,
        "y": 0.5332299470901489
    },
    "RING_FINGER_PIP": {
        "x": 0.8353667259216309,
        "y": 0.4788194000720978
    },
    "RING_FINGER_DIP": {
        "x": 0.816685676574707,
        "y": 0.501564621925354
    },
    "RING_FINGER_TIP": {
        "x": 0.8078752160072327,
        "y": 0.5251371264457703
    },
    "PINKY_MCP": {
        "x": 0.882562518119812,
        "y": 0.54830002784729
    },
    "PINKY_PIP": {
        "x": 0.8946144580841064,
        "y": 0.5108174085617065
    },
    "PINKY_DIP": {
        "x": 0.8786334991455078,
        "y": 0.5209702849388123
    },
    "PINKY_TIP": {
        "x": 0.8638242483139038,
        "y": 0.5361460447311401
    }
}