{
    "WRIST": {
        "x": 0.814752995967865,
        "y": 0.6302810907363892
    },
    "THUMB_CMC": {
        "x": 0.7446861863136292,
        "y": 0.6303272247314453
    },
    "THUMB_MCP": {
        "x": 0.6861985325813293,
        "y": 0.6191032528877258
    },
    "THUMB_IP": {
        "x": 0.663703203201294,
        "y": 0.6099712252616882
    },
    "THUMB_TIP": {
        "x": 0.6939433217048645,
        "y": 0.6127959489822388
    },
    "INDEX_FINGER_MCP": {
        "x": 0.7159063816070557,
        "y": 0.5351997017860413
    },
    "INDEX_FINGER_PIP": {
        "x": 0.7116060256958008,
        "y": 0.48177874088287354
    },
    "INDEX_FINGER_DIP": {
        "x": 0.7090611457824707,
        "y": 0.5074704885482788
    },
    "INDEX_FINGER_TIP": {
        "x": 0.7126074433326721,
        "y": 0.5325427055358887
    },
    "MIDDLE_FINGER_MCP": {
        "x": 0.7689908742904663,
        "y": 0.5322408676147461
    },
    "MIDDLE_FINGER_PIP": {
        "x": 0.7674713730812073,
        "y": 0.4684319794178009
    },
    "MIDDLE_FINGER_DIP": {
        "x": 0.7593790888786316,
        "y": 0.49909141659736633
    },
    "MIDDLE_FINGER_TIP": {
        "x": 0.7615485191345215,
        "y": 0.5249882340431213
    },
    "RING_FINGER_MCP": {
        "x": 0.8211800456047058,
        "y": 0.5385679006576538
    },
    "RING_FINGER_PIP": {
        "x": 0.8254048824310303,
        "y": 0.48095130920410156
    },
    "RING_FINGER_DIP": {
        "x": 0.8087286949157715,
        "y": 0.5063184499740601
    },
    "RING_FINGER_TIP": {
        "x": 0.8040735125541687,
        "y": 0.5326938033103943
    },
    "PINKY_MCP": {
        "x": 0.873177707195282,
        "y": 0.551943838596344
    },
    "PINKY_PIP": {
        "x": 0.8836652040481567,
        "y": 0.5124236345291138
    },
    "PINKY_DIP": {
        "x": 0.8670815229415894,
        "y": 0.5238529443740845
    },
    "PINKY_TIP": {
        "x": 0.8538500070571899,
        "y": 0.540269136428833
    }
}