{
    "WRIST": {
        "x": 0.8085305094718933,
        "y": 0.6217028498649597
    },
    "THUMB_CMC": {
        "x": 0.7401484847068787,
        "y": 0.6251649260520935
    },
    "THUMB_MCP": {
        "x": 0.6835488677024841,
        "y": 0.6066455841064453
    },
    "THUMB_IP": {
        "x": 0.6603615283966064,
        "y": 0.5891462564468384
    },
    "THUMB_TIP": {
        "x": 0.6597070693969727,
        "y": 0.5753616690635681
    },
    "INDEX_FINGER_MCP": {
        "x": 0.6869127750396729,
        "y": 0.5111352801322937
    },
    "INDEX_FINGER_PIP": {
        "x": 0.6631137728691101,
        "y": 0.46205979585647583
    },
    "INDEX_FINGER_DIP": {
        "x": 0.6526448130607605,
        "y": 0.43857812881469727
    },
    "INDEX_FINGER_TIP": {
        "x": 0.6463757753372192,
        "y": 0.4251907467842102
    },
    "MIDDLE_FINGER_MCP": {
        "x": 0.7422167658805847,
        "y": 0.5029491782188416
    },
    "MIDDLE_FINGER_PIP": {
        "x": 0.7327275276184082,
        "y": 0.4382050335407257
    },
    "MIDDLE_FINGER_DIP": {
        "x": 0.7284436821937561,
        "y": 0.3981579840183258
    },
    "MIDDLE_FINGER_TIP": {
        "x": 0.7254453301429749,
        "y": 0.3663840889930725
    },
    "RING_FINGER_MCP": {
        "x": 0.7976856231689453,
        "y": 0.512285590171814
    },
    "RING_FINGER_PIP": {
        "x": 0.7984720468521118,
        "y": 0.4734479784965515
    },
    "RING_FINGER_DIP": {
        "x": 0.7998937964439392,
        "y": 0.4867860972881317
    },
    "RING_FINGER_TIP": {
        "x": 0.8023504018783569,
        "y": 0.5063238739967346
    },
    "PINKY_MCP": {
        "x": 0.853401243686676,
        "y": 0.5293142795562744
    },
    "PINKY_PIP": {
        "x": 0.8547881245613098,
        "y": 0.501080334186554
    },
    "PINKY_DIP": {
        "x": 0.8474975228309631,
        "y": 0.5051730871200562
    },
    "PINKY_TIP": {
        "x": 0.8414809703826904,
        "y": 0.5173057317733765
    }
}