{
    "WRIST": {
        "x": 0.84941166639328,
        "y": 0.6392880082130432
    },
    "THUMB_CMC": {
        "x": 0.7780267000198364,
        "y": 0.63619464635849
    },
    "THUMB_MCP": {
        "x": 0.7222135066986084,
        "y": 0.6191379427909851
    },
    "THUMB_IP": {
        "x": 0.7087313532829285,
        "y": 0.6048699617385864
    },
    "THUMB_TIP": {
        "x": 0.7392415404319763,
        "y": 0.5984220504760742
    },
    "INDEX_FINGER_MCP": {
        "x": 0.7275863885879517,
        "y": 0.5299031138420105
    },
    "INDEX_FINGER_PIP": {
        "x": 0.6983082890510559,
        "y": 0.4781729578971863
    },
    "INDEX_FINGER_DIP": {
        "x": 0.6791380643844604,
        "y": 0.4669967591762543
    },
    "INDEX_FINGER_TIP": {
        "x": 0.667453944683075,
        "y": 0.46467748284339905
    },
    "MIDDLE_FINGER_MCP": {
        "x": 0.7834498286247253,
        "y": 0.5246952772140503
    },
    "MIDDLE_FINGER_PIP": {
        "x": 0.7789096236228943,
        "y": 0.46133095026016235
    },
    "MIDDLE_FINGER_DIP": {
        "x": 0.7696797251701355,
        "y": 0.462884783744812
    },
    "MIDDLE_FINGER_TIP": {
        "x": 0.7669814229011536,
        "y": 0.46983057260513306
    },
    "RING_FINGER_MCP": {
        "x": 0.8389372825622559,
        "y": 0.533456027507782
    },
    "RING_FINGER_PIP": {
        "x": 0.845188319683075,
        "y": 0.4833292067050934
    },
    "RING_FINGER_DIP": {
        "x": 0.8322113752365112,
        "y": 0.5015578269958496
    },
    "RING_FINGER_TIP": {
        "x": 0.8268513083457947,
        "y": 0.5247886776924133
    },
    "PINKY_MCP": {
        "x": 0.8959811925888062,
        "y": 0.549924910068512
    },
    "PINKY_PIP": {
        "x": 0.9038525223731995,
        "y": 0.5119980573654175
    },
    "PINKY_DIP": {
        "x": 0.8878219127655029,
        "y": 0.5196881294250488
    },
    "PINKY_TIP": {
        "x": 0.8767117261886597,
        "y": 0.5348749756813049
    }
}