{
    "WRIST": {
        "x": 0.7727829217910767,
        "y": 0.6031593084335327
    },
    "THUMB_CMC": {
        "x": 0.7063482999801636,
        "y": 0.6044530868530273
    },
    "THUMB_MCP": {
        "x": 0.6496674418449402,
        "y": 0.5882023572921753
    },
    "THUMB_IP": {
        "x": 0.6301725506782532,
        "y": 0.5725535750389099
    },
    "THUMB_TIP": {
        "x": 0.6605973839759827,
        "y": 0.5643603801727295
    },
    "INDEX_FINGER_MCP": {
        "x": 0.6711532473564148,
        "y": 0.5096769332885742
    },
    "INDEX_FINGER_PIP": {
        "x": 0.644390881061554,
        "y": 0.4551626443862915
    },
    "INDEX_FINGER_DIP": {
        "x": 0.6221638917922974,
        "y": 0.4390522837638855
    },
    "INDEX_FINGER_TIP": {
        "x": 0.6075237989425659,
        "y": 0.43415045738220215
    },
    "MIDDLE_FINGER_MCP": {
        "x": 0.7198728919029236,
        "y": 0.5060105323791504
    },
    "MIDDLE_FINGER_PIP": {
        "x": 0.7102127075195312,
        "y": 0.45067358016967773
    },
    "MIDDLE_FINGER_DIP": {
        "x": 0.7046509385108948,
        "y": 0.4701231122016907
    },
    "MIDDLE_FINGER_TIP": {
        "x": 0.7076058387756348,
        "y": 0.49180424213409424
    },
    "RING_FINGER_MCP": {
        "x": 0.7677981853485107,
        "y": 0.5108878016471863
    },
    "RING_FINGER_PIP": {
        "x": 0.7652943134307861,
        "y": 0.46197569370269775
    },
    "RING_FINGER_DIP": {
        "x": 0.751680314540863,
        "y": 0.4793395400047302
    },
    "RING_FINGER_TIP": {
        "x": 0.7494938373565674,
        "y": 0.5017061829566956
    },
    "PINKY_MCP": {
        "x": 0.8182887434959412,
        "y": 0.5222615003585815
    },
    "PINKY_PIP": {
        "x": 0.8219425678253174,
        "y": 0.48402515053749084
    },
    "PINKY_DIP": {
        "x": 0.804952085018158,
        "y": 0.49094706773757935
    },
    "PINKY_TIP": {
        "x": 0.7942640781402588,
        "y": 0.5065495371818542
    }
}