{
    "WRIST": {
        "x": 0.8180511593818665,
        "y": 0.621657133102417
    },
    "THUMB_CMC": {
        "x": 0.7539162039756775,
        "y": 0.6219621896743774
    },
    "THUMB_MCP": {
        "x": 0.7003078460693359,
        "y": 0.6122721433639526
    },
    "THUMB_IP": {
        "x": 0.6752943992614746,
        "y": 0.6047191619873047
    },
    "THUMB_TIP": {
        "x": 0.6890891790390015,
        "y": 0.6082003712654114
    },
    "INDEX_FINGER_MCP": {
        "x": 0.7286701798439026,
        "y": 0.5285540223121643
    },
    "INDEX_FINGER_PIP": {
        "x": 0.7264366745948792,
        "y": 0.47654205560684204
    },
    "INDEX_FINGER_DIP": {
        "x": 0.7200765013694763,
        "y": 0.49672389030456543
    },
    "INDEX_FINGER_TIP": {
        "x": 0.7176418900489807,
        "y": 0.5193790793418884
    },
    "MIDDLE_FINGER_MCP": {
        "x": 0.7796590924263,
        "y": 0.5270732641220093
    },
    "MIDDLE_FINGER_PIP": {
        "x": 0.7854512333869934,
        "y": 0.46602869033813477
    },
    "MIDDLE_FINGER_DIP": {
        "x": 0.7748973965644836,
        "y": 0.4933582842350006
    },
    "MIDDLE_FINGER_TIP": {
        "x": 0.7709516286849976,
        "y": 0.5173018574714661
    },
    "RING_FINGER_MCP": {
        "x": 0.8296073079109192,
        "y": 0.5357746481895447
    },
    "RING_FINGER_PIP": {
        "x": 0.8447505235671997,
        "y": 0.48362255096435547
    },
    "RING_FINGER_DIP": {
        "x": 0.8253148794174194,
        "y": 0.505963146686554
    },
    "RING_FINGER_TIP": {
        "x": 0.8144830465316772,
        "y": 0.529620349407196
    },
    "PINKY_MCP": {
        "x": 0.8776405453681946,
        "y": 0.5511418581008911
    },
    "PINKY_PIP": {
        "x": 0.89720219373703,
        "y": 0.5158242583274841
    },
    "PINKY_DIP": {
        "x": 0.8797417283058167,
        "y": 0.5256561636924744
    },
    "PINKY_TIP": {
        "x": 0.8629294037818909,
        "y": 0.5402151942253113
    }
}