{
    "WRIST": {
        "x": 0.8168543577194214,
        "y": 0.6320216059684753
    },
    "THUMB_CMC": {
        "x": 0.7459825277328491,
        "y": 0.6338382363319397
    },
    "THUMB_MCP": {
        "x": 0.6849468946456909,
        "y": 0.6221522092819214
    },
    "THUMB_IP": {
        "x": 0.6609658598899841,
        "y": 0.6103413105010986
    },
    "THUMB_TIP": {
        "x": 0.6964753270149231,
        "y": 0.611297070980072
    },
    "INDEX_FINGER_MCP": {
        "x": 0.7142301201820374,
        "y": 0.5385911464691162
    },
    "INDEX_FINGER_PIP": {
        "x": 0.7071496248245239,
        "y": 0.48815035820007324
    },
    "INDEX_FINGER_DIP": {
        "x": 0.7093214988708496,
        "y": 0.5100690722465515
    },
    "INDEX_FINGER_TIP": {
        "x": 0.7146884202957153,
        "y": 0.5344340205192566
    },
    "MIDDLE_FINGER_MCP": {
        "x": 0.7673279643058777,
        "y": 0.5350460410118103
    },
    "MIDDLE_FINGER_PIP": {
        "x": 0.7683931589126587,
        "y": 0.4718262851238251
    },
    "MIDDLE_FINGER_DIP": {
        "x": 0.7628701329231262,
        "y": 0.49945497512817383
    },
    "MIDDLE_FINGER_TIP": {
        "x": 0.7632588148117065,
        "y": 0.5252977609634399
    },
    "RING_FINGER_MCP": {
        "x": 0.820356011390686,
        "y": 0.5419378876686096
    },
    "RING_FINGER_PIP": {
        "x": 0.8282946348190308,
        "y": 0.4858080744743347
    },
    "RING_FINGER_DIP": {
        "x": 0.8136306405067444,
        "y": 0.5099953413009644
    },
    "RING_FINGER_TIP": {
        "x": 0.8068820238113403,
        "y": 0.5362274050712585
    },
    "PINKY_MCP": {
        "x": 0.8724609613418579,
        "y": 0.5561869740486145
    },
    "PINKY_PIP": {
        "x": 0.8864610195159912,
        "y": 0.5184661746025085
    },
    "PINKY_DIP": {
        "x": 0.8716087341308594,
        "y": 0.5306802988052368
    },
    "PINKY_TIP": {
        "x": 0.8573156595230103,
        "y": 0.5479022264480591
    }
}