{
    "WRIST": {
        "x": 0.7630239725112915,
        "y": 0.586452066898346
    },
    "THUMB_CMC": {
        "x": 0.7269288897514343,
        "y": 0.5573471784591675
    },
    "THUMB_MCP": {
        "x": 0.678382396697998,
        "y": 0.5405857563018799
    },
    "THUMB_IP": {
        "x": 0.635919451713562,
        "y": 0.5382554531097412
    },
    "THUMB_TIP": {
        "x": 0.6102210879325867,
        "y": 0.5431301593780518
    },
    "INDEX_FINGER_MCP": {
        "x": 0.7013447880744934,
        "y": 0.5078697204589844
    },
    "INDEX_FINGER_PIP": {
        "x": 0.6641032695770264,
        "y": 0.46984586119651794
    },
    "INDEX_FINGER_DIP": {
        "x": 0.6192057728767395,
        "y": 0.4743453562259674
    },
    "INDEX_FINGER_TIP": {
        "x": 0.5948646664619446,
        "y": 0.4912804067134857
    },
    "MIDDLE_FINGER_MCP": {
        "x": 0.709058940410614,
        "y": 0.5197330117225647
    },
    "MIDDLE_FINGER_PIP": {
        "x": 0.6172781586647034,
        "y": 0.5363864302635193
    },
    "MIDDLE_FINGER_DIP": {
        "x": 0.6102297306060791,
        "y": 0.5578441619873047
    },
    "MIDDLE_FINGER_TIP": {
        "x": 0.6324266195297241,
        "y": 0.5646101832389832
    },
    "RING_FINGER_MCP": {
        "x": 0.7121700048446655,
        "y": 0.5424307584762573
    },
    "RING_FINGER_PIP": {
        "x": 0.6174642443656921,
        "y": 0.5693167448043823
    },
    "RING_FINGER_DIP": {
        "x": 0.6302741765975952,
        "y": 0.5820139050483704
    },
    "RING_FINGER_TIP": {
        "x": 0.6591336727142334,
        "y": 0.5769638419151306
    },
    "PINKY_MCP": {
        "x": 0.7108222842216492,
        "y": 0.5672520399093628
    },
    "PINKY_PIP": {
        "x": 0.6416016221046448,
        "y": 0.5948235988616943
    },
    "PINKY_DIP": {
        "x": 0.6570311188697815,
        "y": 0.6021820902824402
    },
    "PINKY_TIP": {
        "x": 0.681216835975647,
        "y": 0.5942638516426086
    }
}