{
    "WRIST": {
        "x": 0.8525374531745911,
        "y": 0.6788586378097534
    },
    "THUMB_CMC": {
        "x": 0.7886101603507996,
        "y": 0.6523663997650146
    },
    "THUMB_MCP": {
        "x": 0.7206401824951172,
        "y": 0.6332491040229797
    },
    "THUMB_IP": {
        "x": 0.6617225408554077,
        "y": 0.6303841471672058
    },
    "THUMB_TIP": {
        "x": 0.6164484024047852,
        "y": 0.6316549777984619
    },
    "INDEX_FINGER_MCP": {
        "x": 0.7995306849479675,
        "y": 0.5789610743522644
    },
    "INDEX_FINGER_PIP": {
        "x": 0.7797523736953735,
        "y": 0.5282045602798462
    },
    "INDEX_FINGER_DIP": {
        "x": 0.7360978126525879,
        "y": 0.5133203864097595
    },
    "INDEX_FINGER_TIP": {
        "x": 0.7004981637001038,
        "y": 0.5135868787765503
    },
    "MIDDLE_FINGER_MCP": {
        "x": 0.81979900598526,
        "y": 0.595663845539093
    },
    "MIDDLE_FINGER_PIP": {
        "x": 0.7052307724952698,
        "y": 0.5985327959060669
    },
    "MIDDLE_FINGER_DIP": {
        "x": 0.6766856908798218,
        "y": 0.6246483325958252
    },
    "MIDDLE_FINGER_TIP": {
        "x": 0.6918562054634094,
        "y": 0.6379520893096924
    },
    "RING_FINGER_MCP": {
        "x": 0.8247969150543213,
        "y": 0.6249330639839172
    },
    "RING_FINGER_PIP": {
        "x": 0.7018705606460571,
        "y": 0.6323038935661316
    },
    "RING_FINGER_DIP": {
        "x": 0.6912885904312134,
        "y": 0.652298629283905
    },
    "RING_FINGER_TIP": {
        "x": 0.7167488932609558,
        "y": 0.6546531319618225
    },
    "PINKY_MCP": {
        "x": 0.8206344246864319,
        "y": 0.6561095118522644
    },
    "PINKY_PIP": {
        "x": 0.7278420329093933,
        "y": 0.6649541258811951
    },
    "PINKY_DIP": {
        "x": 0.7118058800697327,
        "y": 0.6746432185173035
    },
    "PINKY_TIP": {
        "x": 0.7239362001419067,
        "y": 0.6726852655410767
    }
}