{
    "WRIST": {
        "x": 0.7786683440208435,
        "y": 0.5879926681518555
    },
    "THUMB_CMC": {
        "x": 0.7493906617164612,
        "y": 0.556258499622345
    },
    "THUMB_MCP": {
        "x": 0.695335865020752,
        "y": 0.5375475883483887
    },
    "THUMB_IP": {
        "x": 0.6406545042991638,
        "y": 0.5358020663261414
    },
    "THUMB_TIP": {
        "x": 0.6060545444488525,
        "y": 0.5427492260932922
    },
    "INDEX_FINGER_MCP": {
        "x": 0.717460036277771,
        "y": 0.50611811876297
    },
    "INDEX_FINGER_PIP": {
        "x": 0.6740850210189819,
        "y": 0.46875953674316406
    },
    "INDEX_FINGER_DIP": {
        "x": 0.6280153393745422,
        "y": 0.4702112674713135
    },
    "INDEX_FINGER_TIP": {
        "x": 0.5984576344490051,
        "y": 0.4846283495426178
    },
    "MIDDLE_FINGER_MCP": {
        "x": 0.7171680927276611,
        "y": 0.5201824307441711
    },
    "MIDDLE_FINGER_PIP": {
        "x": 0.6228460073471069,
        "y": 0.5401984453201294
    },
    "MIDDLE_FINGER_DIP": {
        "x": 0.6189673542976379,
        "y": 0.5590056777000427
    },
    "MIDDLE_FINGER_TIP": {
        "x": 0.6399032473564148,
        "y": 0.564631998538971
    },
    "RING_FINGER_MCP": {
        "x": 0.715106189250946,
        "y": 0.5440547466278076
    },
    "RING_FINGER_PIP": {
        "x": 0.6210089325904846,
        "y": 0.5687428116798401
    },
    "RING_FINGER_DIP": {
        "x": 0.6347053050994873,
        "y": 0.581043541431427
    },
    "RING_FINGER_TIP": {
        "x": 0.6618792414665222,
        "y": 0.5784893035888672
    },
    "PINKY_MCP": {
        "x": 0.7120480537414551,
        "y": 0.5691604614257812
    },
    "PINKY_PIP": {
        "x": 0.6425662040710449,
        "y": 0.5909955501556396
    },
    "PINKY_DIP": {
        "x": 0.6574363112449646,
        "y": 0.5992074608802795
    },
    "PINKY_TIP": {
        "x": 0.6791310906410217,
        "y": 0.595912754535675
    }
}