{
    "WRIST": {
        "x": 0.8551469445228577,
        "y": 0.7035099864006042
    },
    "THUMB_CMC": {
        "x": 0.7738915681838989,
        "y": 0.6762481927871704
    },
    "THUMB_MCP": {
        "x": 0.7165051698684692,
        "y": 0.6499592065811157
    },
    "THUMB_IP": {
        "x": 0.665648341178894,
        "y": 0.6366974115371704
    },
    "THUMB_TIP": {
        "x": 0.629497230052948,
        "y": 0.6308788657188416
    },
    "INDEX_FINGER_MCP": {
        "x": 0.8090730905532837,
        "y": 0.5846089124679565
    },
    "INDEX_FINGER_PIP": {
        "x": 0.8037657141685486,
        "y": 0.5326513648033142
    },
    "INDEX_FINGER_DIP": {
        "x": 0.7711663246154785,
        "y": 0.5053871273994446
    },
    "INDEX_FINGER_TIP": {
        "x": 0.7355787754058838,
        "y": 0.49285203218460083
    },
    "MIDDLE_FINGER_MCP": {
        "x": 0.8439889550209045,
        "y": 0.5970296859741211
    },
    "MIDDLE_FINGER_PIP": {
        "x": 0.726069450378418,
        "y": 0.5904214978218079
    },
    "MIDDLE_FINGER_DIP": {
        "x": 0.6680185794830322,
        "y": 0.6210159659385681
    },
    "MIDDLE_FINGER_TIP": {
        "x": 0.6533291339874268,
        "y": 0.6457625031471252
    },
    "RING_FINGER_MCP": {
        "x": 0.8538591265678406,
        "y": 0.6253315806388855
    },
    "RING_FINGER_PIP": {
        "x": 0.7281515598297119,
        "y": 0.6358435750007629
    },
    "RING_FINGER_DIP": {
        "x": 0.6841915845870972,
        "y": 0.6634108424186707
    },
    "RING_FINGER_TIP": {
        "x": 0.6765108704566956,
        "y": 0.679125964641571
    },
    "PINKY_MCP": {
        "x": 0.8495447635650635,
        "y": 0.6580809950828552
    },
    "PINKY_PIP": {
        "x": 0.7517202496528625,
        "y": 0.6699690818786621
    },
    "PINKY_DIP": {
        "x": 0.713631272315979,
        "y": 0.6842459440231323
    },
    "PINKY_TIP": {
        "x": 0.6994860768318176,
        "y": 0.69161456823349
    }
}