{
    "WRIST": {
        "x": 0.7387698888778687,
        "y": 0.5338245034217834
    },
    "THUMB_CMC": {
        "x": 0.7063695788383484,
        "y": 0.4989314675331116
    },
    "THUMB_MCP": {
        "x": 0.6874943971633911,
        "y": 0.47485971450805664
    },
    "THUMB_IP": {
        "x": 0.6618301272392273,
        "y": 0.4598173499107361
    },
    "THUMB_TIP": {
        "x": 0.6427276730537415,
        "y": 0.44797930121421814
    },
    "INDEX_FINGER_MCP": {
        "x": 0.7521212100982666,
        "y": 0.4542163610458374
    },
    "INDEX_FINGER_PIP": {
        "x": 0.7399089932441711,
        "y": 0.4154700040817261
    },
    "INDEX_FINGER_DIP": {
        "x": 0.7252824306488037,
        "y": 0.39436444640159607
    },
    "INDEX_FINGER_TIP": {
        "x": 0.7148586511611938,
        "y": 0.37788525223731995
    },
    "MIDDLE_FINGER_MCP": {
        "x": 0.758072018623352,
        "y": 0.4562909007072449
    },
    "MIDDLE_FINGER_PIP": {
        "x": 0.7306244373321533,
        "y": 0.41526851058006287
    },
    "MIDDLE_FINGER_DIP": {
        "x": 0.7143734693527222,
        "y": 0.40094298124313354
    },
    "MIDDLE_FINGER_TIP": {
        "x": 0.7077484726905823,
        "y": 0.38884270191192627
    },
    "RING_FINGER_MCP": {
        "x": 0.7529721856117249,
        "y": 0.4621916711330414
    },
    "RING_FINGER_PIP": {
        "x": 0.7006511688232422,
        "y": 0.43261009454727173
    },
    "RING_FINGER_DIP": {
        "x": 0.6732885837554932,
        "y": 0.4380631148815155
    },
    "RING_FINGER_TIP": {
        "x": 0.6630157828330994,
        "y": 0.44556480646133423
    },
    "PINKY_MCP": {
        "x": 0.7369900345802307,
        "y": 0.4706116020679474
    },
    "PINKY_PIP": {
        "x": 0.6855566501617432,
        "y": 0.45319312810897827
    },
    "PINKY_DIP": {
        "x": 0.6519846320152283,
        "y": 0.4562177062034607
    },
    "PINKY_TIP": {
        "x": 0.6298563480377197,
        "y": 0.46161019802093506
    }
}