{
    "WRIST": {
        "x": 0.8827242255210876,
        "y": 0.6317808628082275
    },
    "THUMB_CMC": {
        "x": 0.8574015498161316,
        "y": 0.5888975858688354
    },
    "THUMB_MCP": {
        "x": 0.7955812215805054,
        "y": 0.5621091723442078
    },
    "THUMB_IP": {
        "x": 0.7262982130050659,
        "y": 0.5593900680541992
    },
    "THUMB_TIP": {
        "x": 0.684572696685791,
        "y": 0.5694828033447266
    },
    "INDEX_FINGER_MCP": {
        "x": 0.8450568318367004,
        "y": 0.5251765847206116
    },
    "INDEX_FINGER_PIP": {
        "x": 0.8100689649581909,
        "y": 0.4759988486766815
    },
    "INDEX_FINGER_DIP": {
        "x": 0.7580177783966064,
        "y": 0.4640199840068817
    },
    "INDEX_FINGER_TIP": {
        "x": 0.7165829539299011,
        "y": 0.46768441796302795
    },
    "MIDDLE_FINGER_MCP": {
        "x": 0.8372448086738586,
        "y": 0.5431994795799255
    },
    "MIDDLE_FINGER_PIP": {
        "x": 0.7111583948135376,
        "y": 0.5409791469573975
    },
    "MIDDLE_FINGER_DIP": {
        "x": 0.696748673915863,
        "y": 0.5633041262626648
    },
    "MIDDLE_FINGER_TIP": {
        "x": 0.7179274559020996,
        "y": 0.5743663311004639
    },
    "RING_FINGER_MCP": {
        "x": 0.819293200969696,
        "y": 0.5727243423461914
    },
    "RING_FINGER_PIP": {
        "x": 0.6906186938285828,
        "y": 0.5751790404319763
    },
    "RING_FINGER_DIP": {
        "x": 0.699463963508606,
        "y": 0.5921928286552429
    },
    "RING_FINGER_TIP": {
        "x": 0.7349513173103333,
        "y": 0.5960313677787781
    },
    "PINKY_MCP": {
        "x": 0.7989733815193176,
        "y": 0.6027311086654663
    },
    "PINKY_PIP": {
        "x": 0.7164407968521118,
        "y": 0.6091035604476929
    },
    "PINKY_DIP": {
        "x": 0.723593533039093,
        "y": 0.6188419461250305
    },
    "PINKY_TIP": {
        "x": 0.747929036617279,
        "y": 0.6179569959640503
    }
}