{
    "WRIST": {
        "x": 0.7658045887947083,
        "y": 0.6007087230682373
    },
    "THUMB_CMC": {
        "x": 0.724628746509552,
        "y": 0.5579748749732971
    },
    "THUMB_MCP": {
        "x": 0.6758436560630798,
        "y": 0.5359036922454834
    },
    "THUMB_IP": {
        "x": 0.6305301785469055,
        "y": 0.5342139601707458
    },
    "THUMB_TIP": {
        "x": 0.6054238080978394,
        "y": 0.5463559031486511
    },
    "INDEX_FINGER_MCP": {
        "x": 0.6997882723808289,
        "y": 0.5351531505584717
    },
    "INDEX_FINGER_PIP": {
        "x": 0.6541815400123596,
        "y": 0.5174179077148438
    },
    "INDEX_FINGER_DIP": {
        "x": 0.6468987464904785,
        "y": 0.5174716114997864
    },
    "INDEX_FINGER_TIP": {
        "x": 0.6558486223220825,
        "y": 0.5206962823867798
    },
    "MIDDLE_FINGER_MCP": {
        "x": 0.7004076242446899,
        "y": 0.5584297180175781
    },
    "MIDDLE_FINGER_PIP": {
        "x": 0.6315320134162903,
        "y": 0.570024847984314
    },
    "MIDDLE_FINGER_DIP": {
        "x": 0.6447654366493225,
        "y": 0.5735547542572021
    },
    "MIDDLE_FINGER_TIP": {
        "x": 0.6686403155326843,
        "y": 0.5670827627182007
    },
    "RING_FINGER_MCP": {
        "x": 0.7000203728675842,
        "y": 0.5827243328094482
    },
    "RING_FINGER_PIP": {
        "x": 0.6313292980194092,
        "y": 0.5942062139511108
    },
    "RING_FINGER_DIP": {
        "x": 0.6466712355613708,
        "y": 0.5947313904762268
    },
    "RING_FINGER_TIP": {
        "x": 0.6734306216239929,
        "y": 0.5874208807945251
    },
    "PINKY_MCP": {
        "x": 0.6996570825576782,
        "y": 0.6040073037147522
    },
    "PINKY_PIP": {
        "x": 0.6480679512023926,
        "y": 0.613317608833313
    },
    "PINKY_DIP": {
        "x": 0.6578669548034668,
        "y": 0.6134957075119019
    },
    "PINKY_TIP": {
        "x": 0.6778737306594849,
        "y": 0.6082725524902344
    }
}