{
    "WRIST": {
        "x": 0.8247960209846497,
        "y": 0.6483445167541504
    },
    "THUMB_CMC": {
        "x": 0.7991571426391602,
        "y": 0.6042240262031555
    },
    "THUMB_MCP": {
        "x": 0.7574835419654846,
        "y": 0.5740780830383301
    },
    "THUMB_IP": {
        "x": 0.7152143120765686,
        "y": 0.5609691739082336
    },
    "THUMB_TIP": {
        "x": 0.6821165680885315,
        "y": 0.5613419413566589
    },
    "INDEX_FINGER_MCP": {
        "x": 0.7398922443389893,
        "y": 0.5709149241447449
    },
    "INDEX_FINGER_PIP": {
        "x": 0.707931399345398,
        "y": 0.5399500131607056
    },
    "INDEX_FINGER_DIP": {
        "x": 0.6968811750411987,
        "y": 0.536632239818573
    },
    "INDEX_FINGER_TIP": {
        "x": 0.6936760544776917,
        "y": 0.5393205285072327
    },
    "MIDDLE_FINGER_MCP": {
        "x": 0.7294284701347351,
        "y": 0.595101535320282
    },
    "MIDDLE_FINGER_PIP": {
        "x": 0.6724482774734497,
        "y": 0.5862221121788025
    },
    "MIDDLE_FINGER_DIP": {
        "x": 0.6806290149688721,
        "y": 0.5934136509895325
    },
    "MIDDLE_FINGER_TIP": {
        "x": 0.7017602920532227,
        "y": 0.5935235619544983
    },
    "RING_FINGER_MCP": {
        "x": 0.7222871780395508,
        "y": 0.6206153631210327
    },
    "RING_FINGER_PIP": {
        "x": 0.6671279668807983,
        "y": 0.6152086853981018
    },
    "RING_FINGER_DIP": {
        "x": 0.6760514378547668,
        "y": 0.6181166172027588
    },
    "RING_FINGER_TIP": {
        "x": 0.6998715400695801,
        "y": 0.6160637140274048
    },
    "PINKY_MCP": {
        "x": 0.7197043895721436,
        "y": 0.6427826285362244
    },
    "PINKY_PIP": {
        "x": 0.6720086336135864,
        "y": 0.6450282335281372
    },
    "PINKY_DIP": {
        "x": 0.6668692231178284,
        "y": 0.6447451114654541
    },
    "PINKY_TIP": {
        "x": 0.6759470105171204,
        "y": 0.6398346424102783
    }
}