{
    "WRIST": {
        "x": 0.8768543004989624,
        "y": 0.6202011108398438
    },
    "THUMB_CMC": {
        "x": 0.8464994430541992,
        "y": 0.5676929950714111
    },
    "THUMB_MCP": {
        "x": 0.7975292801856995,
        "y": 0.5340529680252075
    },
    "THUMB_IP": {
        "x": 0.7423641085624695,
        "y": 0.5288394689559937
    },
    "THUMB_TIP": {
        "x": 0.7008860111236572,
        "y": 0.5396593809127808
    },
    "INDEX_FINGER_MCP": {
        "x": 0.8399638533592224,
        "y": 0.5171580910682678
    },
    "INDEX_FINGER_PIP": {
        "x": 0.7796103358268738,
        "y": 0.4668330252170563
    },
    "INDEX_FINGER_DIP": {
        "x": 0.7165939211845398,
        "y": 0.4594413638114929
    },
    "INDEX_FINGER_TIP": {
        "x": 0.6772158145904541,
        "y": 0.46413654088974
    },
    "MIDDLE_FINGER_MCP": {
        "x": 0.8319650292396545,
        "y": 0.5437097549438477
    },
    "MIDDLE_FINGER_PIP": {
        "x": 0.7116255164146423,
        "y": 0.5437194108963013
    },
    "MIDDLE_FINGER_DIP": {
        "x": 0.7046259641647339,
        "y": 0.5633876323699951
    },
    "MIDDLE_FINGER_TIP": {
        "x": 0.7352278828620911,
        "y": 0.5696604251861572
    },
    "RING_FINGER_MCP": {
        "x": 0.8151265978813171,
        "y": 0.5787173509597778
    },
    "RING_FINGER_PIP": {
        "x": 0.6952943205833435,
        "y": 0.5803337693214417
    },
    "RING_FINGER_DIP": {
        "x": 0.7106616497039795,
        "y": 0.5888415575027466
    },
    "RING_FINGER_TIP": {
        "x": 0.7500465512275696,
        "y": 0.5879912376403809
    },
    "PINKY_MCP": {
        "x": 0.7981163859367371,
        "y": 0.610207736492157
    },
    "PINKY_PIP": {
        "x": 0.7034477591514587,
        "y": 0.6122163534164429
    },
    "PINKY_DIP": {
        "x": 0.7185472846031189,
        "y": 0.6160728931427002
    },
    "PINKY_TIP": {
        "x": 0.7567010521888733,
        "y": 0.6135914921760559
    }
}