{
    "WRIST": {
        "x": 0.7691435813903809,
        "y": 0.594768762588501
    },
    "THUMB_CMC": {
        "x": 0.7296797037124634,
        "y": 0.5668675303459167
    },
    "THUMB_MCP": {
        "x": 0.6656049489974976,
        "y": 0.5524382591247559
    },
    "THUMB_IP": {
        "x": 0.6128247976303101,
        "y": 0.5599436163902283
    },
    "THUMB_TIP": {
        "x": 0.5903542637825012,
        "y": 0.5737810730934143
    },
    "INDEX_FINGER_MCP": {
        "x": 0.7071212530136108,
        "y": 0.5162625312805176
    },
    "INDEX_FINGER_PIP": {
        "x": 0.6742690801620483,
        "y": 0.4751909673213959
    },
    "INDEX_FINGER_DIP": {
        "x": 0.6289911866188049,
        "y": 0.4783540368080139
    },
    "INDEX_FINGER_TIP": {
        "x": 0.601186215877533,
        "y": 0.4955022931098938
    },
    "MIDDLE_FINGER_MCP": {
        "x": 0.7141180038452148,
        "y": 0.5316044688224792
    },
    "MIDDLE_FINGER_PIP": {
        "x": 0.6291844844818115,
        "y": 0.5478561520576477
    },
    "MIDDLE_FINGER_DIP": {
        "x": 0.6192201972007751,
        "y": 0.5659762620925903
    },
    "MIDDLE_FINGER_TIP": {
        "x": 0.6367483735084534,
        "y": 0.5690048336982727
    },
    "RING_FINGER_MCP": {
        "x": 0.7179633378982544,
        "y": 0.5568291544914246
    },
    "RING_FINGER_PIP": {
        "x": 0.626583993434906,
        "y": 0.5779909491539001
    },
    "RING_FINGER_DIP": {
        "x": 0.6369215250015259,
        "y": 0.5864826440811157
    },
    "RING_FINGER_TIP": {
        "x": 0.663869321346283,
        "y": 0.5791240930557251
    },
    "PINKY_MCP": {
        "x": 0.7180135250091553,
        "y": 0.5828964114189148
    },
    "PINKY_PIP": {
        "x": 0.6459100246429443,
        "y": 0.602674663066864
    },
    "PINKY_DIP": {
        "x": 0.6583035588264465,
        "y": 0.6067991256713867
    },
    "PINKY_TIP": {
        "x": 0.683323085308075,
        "y": 0.5985654592514038
    }
}