{
    "WRIST": {
        "x": 0.8658597469329834,
        "y": 0.7169187664985657
    },
    "THUMB_CMC": {
        "x": 0.779139518737793,
        "y": 0.6849558353424072
    },
    "THUMB_MCP": {
        "x": 0.7325230240821838,
        "y": 0.6491658091545105
    },
    "THUMB_IP": {
        "x": 0.7016577124595642,
        "y": 0.6261844635009766
    },
    "THUMB_TIP": {
        "x": 0.6728870272636414,
        "y": 0.613423228263855
    },
    "INDEX_FINGER_MCP": {
        "x": 0.8089709281921387,
        "y": 0.5757981538772583
    },
    "INDEX_FINGER_PIP": {
        "x": 0.8024649620056152,
        "y": 0.5168734788894653
    },
    "INDEX_FINGER_DIP": {
        "x": 0.7777585983276367,
        "y": 0.4808668792247772
    },
    "INDEX_FINGER_TIP": {
        "x": 0.7555559277534485,
        "y": 0.45537713170051575
    },
    "MIDDLE_FINGER_MCP": {
        "x": 0.8608489632606506,
        "y": 0.589758038520813
    },
    "MIDDLE_FINGER_PIP": {
        "x": 0.7751127481460571,
        "y": 0.5866080522537231
    },
    "MIDDLE_FINGER_DIP": {
        "x": 0.7063854932785034,
        "y": 0.6087059378623962
    },
    "MIDDLE_FINGER_TIP": {
        "x": 0.664126992225647,
        "y": 0.6268966197967529
    },
    "RING_FINGER_MCP": {
        "x": 0.8869914412498474,
        "y": 0.6209044456481934
    },
    "RING_FINGER_PIP": {
        "x": 0.7876502275466919,
        "y": 0.626593291759491
    },
    "RING_FINGER_DIP": {
        "x": 0.7278732061386108,
        "y": 0.64454185962677
    },
    "RING_FINGER_TIP": {
        "x": 0.6952473521232605,
        "y": 0.661191999912262
    },
    "PINKY_MCP": {
        "x": 0.9001614451408386,
        "y": 0.6566943526268005
    },
    "PINKY_PIP": {
        "x": 0.8107800483703613,
        "y": 0.6660779118537903
    },
    "PINKY_DIP": {
        "x": 0.7583379149436951,
        "y": 0.6738436222076416
    },
    "PINKY_TIP": {
        "x": 0.7224207520484924,
        "y": 0.6834774613380432
    }
}