{
    "WRIST": {
        "x": 0.7600695490837097,
        "y": 0.5904374718666077
    },
    "THUMB_CMC": {
        "x": 0.720478892326355,
        "y": 0.5496256947517395
    },
    "THUMB_MCP": {
        "x": 0.6701774001121521,
        "y": 0.5282363295555115
    },
    "THUMB_IP": {
        "x": 0.6219125390052795,
        "y": 0.5269880890846252
    },
    "THUMB_TIP": {
        "x": 0.599540114402771,
        "y": 0.5376198291778564
    },
    "INDEX_FINGER_MCP": {
        "x": 0.7025691270828247,
        "y": 0.5287537574768066
    },
    "INDEX_FINGER_PIP": {
        "x": 0.6426259875297546,
        "y": 0.510711669921875
    },
    "INDEX_FINGER_DIP": {
        "x": 0.6422951817512512,
        "y": 0.5135542154312134
    },
    "INDEX_FINGER_TIP": {
        "x": 0.6554861068725586,
        "y": 0.5214196443557739
    },
    "MIDDLE_FINGER_MCP": {
        "x": 0.7046127319335938,
        "y": 0.5531173944473267
    },
    "MIDDLE_FINGER_PIP": {
        "x": 0.6214637160301208,
        "y": 0.5715664625167847
    },
    "MIDDLE_FINGER_DIP": {
        "x": 0.6376287341117859,
        "y": 0.5737587213516235
    },
    "MIDDLE_FINGER_TIP": {
        "x": 0.6630269289016724,
        "y": 0.5674095749855042
    },
    "RING_FINGER_MCP": {
        "x": 0.7066145539283752,
        "y": 0.579403281211853
    },
    "RING_FINGER_PIP": {
        "x": 0.6260963082313538,
        "y": 0.5953293442726135
    },
    "RING_FINGER_DIP": {
        "x": 0.645682692527771,
        "y": 0.5940213799476624
    },
    "RING_FINGER_TIP": {
        "x": 0.6736747026443481,
        "y": 0.586496114730835
    },
    "PINKY_MCP": {
        "x": 0.7090895175933838,
        "y": 0.6026123762130737
    },
    "PINKY_PIP": {
        "x": 0.6453262567520142,
        "y": 0.6137145161628723
    },
    "PINKY_DIP": {
        "x": 0.6568119525909424,
        "y": 0.6126043200492859
    },
    "PINKY_TIP": {
        "x": 0.679033637046814,
        "y": 0.6080208420753479
    }
}