{
    "WRIST": {
        "x": 0.7654010653495789,
        "y": 0.5874207615852356
    },
    "THUMB_CMC": {
        "x": 0.7325498461723328,
        "y": 0.5566409230232239
    },
    "THUMB_MCP": {
        "x": 0.6747221350669861,
        "y": 0.5438743233680725
    },
    "THUMB_IP": {
        "x": 0.6204046010971069,
        "y": 0.5507444739341736
    },
    "THUMB_TIP": {
        "x": 0.593445897102356,
        "y": 0.5608133673667908
    },
    "INDEX_FINGER_MCP": {
        "x": 0.7047648429870605,
        "y": 0.5143944025039673
    },
    "INDEX_FINGER_PIP": {
        "x": 0.6692867875099182,
        "y": 0.481761634349823
    },
    "INDEX_FINGER_DIP": {
        "x": 0.6292062401771545,
        "y": 0.478690505027771
    },
    "INDEX_FINGER_TIP": {
        "x": 0.6036257147789001,
        "y": 0.48610591888427734
    },
    "MIDDLE_FINGER_MCP": {
        "x": 0.7078057527542114,
        "y": 0.5308851003646851
    },
    "MIDDLE_FINGER_PIP": {
        "x": 0.619381308555603,
        "y": 0.5486300587654114
    },
    "MIDDLE_FINGER_DIP": {
        "x": 0.6182870864868164,
        "y": 0.5640350580215454
    },
    "MIDDLE_FINGER_TIP": {
        "x": 0.6410248279571533,
        "y": 0.5660182237625122
    },
    "RING_FINGER_MCP": {
        "x": 0.7094680070877075,
        "y": 0.5554379820823669
    },
    "RING_FINGER_PIP": {
        "x": 0.6226234436035156,
        "y": 0.5754228830337524
    },
    "RING_FINGER_DIP": {
        "x": 0.6395695805549622,
        "y": 0.5845290422439575
    },
    "RING_FINGER_TIP": {
        "x": 0.6692903637886047,
        "y": 0.5796063542366028
    },
    "PINKY_MCP": {
        "x": 0.7092663049697876,
        "y": 0.5805655121803284
    },
    "PINKY_PIP": {
        "x": 0.6471548080444336,
        "y": 0.5990290641784668
    },
    "PINKY_DIP": {
        "x": 0.6653955578804016,
        "y": 0.603784441947937
    },
    "PINKY_TIP": {
        "x": 0.6923869848251343,
        "y": 0.5975614190101624
    }
}