{
    "WRIST": {
        "x": 0.7723097205162048,
        "y": 0.6161034107208252
    },
    "THUMB_CMC": {
        "x": 0.7433844804763794,
        "y": 0.5697188377380371
    },
    "THUMB_MCP": {
        "x": 0.7033563852310181,
        "y": 0.5466416478157043
    },
    "THUMB_IP": {
        "x": 0.6644852161407471,
        "y": 0.543305516242981
    },
    "THUMB_TIP": {
        "x": 0.6437098383903503,
        "y": 0.5546371340751648
    },
    "INDEX_FINGER_MCP": {
        "x": 0.721429705619812,
        "y": 0.5397136211395264
    },
    "INDEX_FINGER_PIP": {
        "x": 0.7000430226325989,
        "y": 0.5000234246253967
    },
    "INDEX_FINGER_DIP": {
        "x": 0.6660909652709961,
        "y": 0.5001868009567261
    },
    "INDEX_FINGER_TIP": {
        "x": 0.6422396302223206,
        "y": 0.513033926486969
    },
    "MIDDLE_FINGER_MCP": {
        "x": 0.7101510763168335,
        "y": 0.5638570785522461
    },
    "MIDDLE_FINGER_PIP": {
        "x": 0.6514807939529419,
        "y": 0.5615029335021973
    },
    "MIDDLE_FINGER_DIP": {
        "x": 0.6487669348716736,
        "y": 0.5736008882522583
    },
    "MIDDLE_FINGER_TIP": {
        "x": 0.6644939184188843,
        "y": 0.5775098204612732
    },
    "RING_FINGER_MCP": {
        "x": 0.7010129690170288,
        "y": 0.5906590819358826
    },
    "RING_FINGER_PIP": {
        "x": 0.6400260925292969,
        "y": 0.5922873020172119
    },
    "RING_FINGER_DIP": {
        "x": 0.6476708054542542,
        "y": 0.596753716468811
    },
    "RING_FINGER_TIP": {
        "x": 0.671052873134613,
        "y": 0.5957016348838806
    },
    "PINKY_MCP": {
        "x": 0.6943375468254089,
        "y": 0.6134347319602966
    },
    "PINKY_PIP": {
        "x": 0.6448781490325928,
        "y": 0.6174441576004028
    },
    "PINKY_DIP": {
        "x": 0.6512523889541626,
        "y": 0.6180234551429749
    },
    "PINKY_TIP": {
        "x": 0.6703587770462036,
        "y": 0.6136235594749451
    }
}