{
    "WRIST": {
        "x": 0.7945099472999573,
        "y": 0.6366971731185913
    },
    "THUMB_CMC": {
        "x": 0.7670571804046631,
        "y": 0.5929827094078064
    },
    "THUMB_MCP": {
        "x": 0.7250306010246277,
        "y": 0.5687121748924255
    },
    "THUMB_IP": {
        "x": 0.6833896636962891,
        "y": 0.5638981461524963
    },
    "THUMB_TIP": {
        "x": 0.6557128429412842,
        "y": 0.5710691213607788
    },
    "INDEX_FINGER_MCP": {
        "x": 0.7383516430854797,
        "y": 0.5540298223495483
    },
    "INDEX_FINGER_PIP": {
        "x": 0.7186144590377808,
        "y": 0.5096949934959412
    },
    "INDEX_FINGER_DIP": {
        "x": 0.6788272261619568,
        "y": 0.5094438195228577
    },
    "INDEX_FINGER_TIP": {
        "x": 0.6517818570137024,
        "y": 0.5189734697341919
    },
    "MIDDLE_FINGER_MCP": {
        "x": 0.7315139174461365,
        "y": 0.5751950144767761
    },
    "MIDDLE_FINGER_PIP": {
        "x": 0.6626714468002319,
        "y": 0.5716151595115662
    },
    "MIDDLE_FINGER_DIP": {
        "x": 0.6463406085968018,
        "y": 0.5832213759422302
    },
    "MIDDLE_FINGER_TIP": {
        "x": 0.6593634486198425,
        "y": 0.585258960723877
    },
    "RING_FINGER_MCP": {
        "x": 0.7229232788085938,
        "y": 0.601058304309845
    },
    "RING_FINGER_PIP": {
        "x": 0.6463964581489563,
        "y": 0.6013565063476562
    },
    "RING_FINGER_DIP": {
        "x": 0.6429859399795532,
        "y": 0.6065642833709717
    },
    "RING_FINGER_TIP": {
        "x": 0.6663945913314819,
        "y": 0.6053807139396667
    },
    "PINKY_MCP": {
        "x": 0.7112036347389221,
        "y": 0.624681830406189
    },
    "PINKY_PIP": {
        "x": 0.6531820297241211,
        "y": 0.6280699372291565
    },
    "PINKY_DIP": {
        "x": 0.6515589952468872,
        "y": 0.6302086114883423
    },
    "PINKY_TIP": {
        "x": 0.6700499653816223,
        "y": 0.628718376159668
    }
}