{
    "WRIST": {
        "x": 0.7628301978111267,
        "y": 0.5828782916069031
    },
    "THUMB_CMC": {
        "x": 0.730612576007843,
        "y": 0.5515450835227966
    },
    "THUMB_MCP": {
        "x": 0.6875903606414795,
        "y": 0.5343030095100403
    },
    "THUMB_IP": {
        "x": 0.651262640953064,
        "y": 0.5310482978820801
    },
    "THUMB_TIP": {
        "x": 0.6279882788658142,
        "y": 0.536801278591156
    },
    "INDEX_FINGER_MCP": {
        "x": 0.7030465602874756,
        "y": 0.5058969259262085
    },
    "INDEX_FINGER_PIP": {
        "x": 0.6672711372375488,
        "y": 0.46949049830436707
    },
    "INDEX_FINGER_DIP": {
        "x": 0.6241986751556396,
        "y": 0.4719376862049103
    },
    "INDEX_FINGER_TIP": {
        "x": 0.5989305377006531,
        "y": 0.4875809848308563
    },
    "MIDDLE_FINGER_MCP": {
        "x": 0.7089717388153076,
        "y": 0.5185012221336365
    },
    "MIDDLE_FINGER_PIP": {
        "x": 0.616773784160614,
        "y": 0.5404177308082581
    },
    "MIDDLE_FINGER_DIP": {
        "x": 0.6131260395050049,
        "y": 0.5597431659698486
    },
    "MIDDLE_FINGER_TIP": {
        "x": 0.635669469833374,
        "y": 0.5649286508560181
    },
    "RING_FINGER_MCP": {
        "x": 0.7120214104652405,
        "y": 0.5422977805137634
    },
    "RING_FINGER_PIP": {
        "x": 0.6189852952957153,
        "y": 0.5701263546943665
    },
    "RING_FINGER_DIP": {
        "x": 0.6319489479064941,
        "y": 0.5810416340827942
    },
    "RING_FINGER_TIP": {
        "x": 0.6594336628913879,
        "y": 0.5758367776870728
    },
    "PINKY_MCP": {
        "x": 0.7113179564476013,
        "y": 0.5676448941230774
    },
    "PINKY_PIP": {
        "x": 0.6447206735610962,
        "y": 0.5943471193313599
    },
    "PINKY_DIP": {
        "x": 0.660694420337677,
        "y": 0.6003535985946655
    },
    "PINKY_TIP": {
        "x": 0.684049665927887,
        "y": 0.5924477577209473
    }
}