{
    "WRIST": {
        "x": 0.8038954138755798,
        "y": 0.5981127023696899
    },
    "THUMB_CMC": {
        "x": 0.7416837215423584,
        "y": 0.5979992747306824
    },
    "THUMB_MCP": {
        "x": 0.6949209570884705,
        "y": 0.5785837173461914
    },
    "THUMB_IP": {
        "x": 0.6466745138168335,
        "y": 0.5712499618530273
    },
    "THUMB_TIP": {
        "x": 0.5968366861343384,
        "y": 0.567822277545929
    },
    "INDEX_FINGER_MCP": {
        "x": 0.7655611038208008,
        "y": 0.5125505328178406
    },
    "INDEX_FINGER_PIP": {
        "x": 0.7264465093612671,
        "y": 0.47887536883354187
    },
    "INDEX_FINGER_DIP": {
        "x": 0.6813867688179016,
        "y": 0.4663102626800537
    },
    "INDEX_FINGER_TIP": {
        "x": 0.6403194665908813,
        "y": 0.4633588194847107
    },
    "MIDDLE_FINGER_MCP": {
        "x": 0.7783564925193787,
        "y": 0.5089676976203918
    },
    "MIDDLE_FINGER_PIP": {
        "x": 0.7279103398323059,
        "y": 0.4678788185119629
    },
    "MIDDLE_FINGER_DIP": {
        "x": 0.6722775101661682,
        "y": 0.45737195014953613
    },
    "MIDDLE_FINGER_TIP": {
        "x": 0.6270824670791626,
        "y": 0.4567367136478424
    },
    "RING_FINGER_MCP": {
        "x": 0.7842554450035095,
        "y": 0.5120226144790649
    },
    "RING_FINGER_PIP": {
        "x": 0.7352383136749268,
        "y": 0.4700239896774292
    },
    "RING_FINGER_DIP": {
        "x": 0.6815615892410278,
        "y": 0.459299236536026
    },
    "RING_FINGER_TIP": {
        "x": 0.6384677290916443,
        "y": 0.45670053362846375
    },
    "PINKY_MCP": {
        "x": 0.779721200466156,
        "y": 0.521705687046051
    },
    "PINKY_PIP": {
        "x": 0.7419068813323975,
        "y": 0.48783427476882935
    },
    "PINKY_DIP": {
        "x": 0.7036460638046265,
        "y": 0.47531044483184814
    },
    "PINKY_TIP": {
        "x": 0.6672215461730957,
        "y": 0.46697258949279785
    }
}