{
    "WRIST": {
        "x": 0.8428524136543274,
        "y": 0.60151606798172
    },
    "THUMB_CMC": {
        "x": 0.7778741717338562,
        "y": 0.6062220335006714
    },
    "THUMB_MCP": {
        "x": 0.7359009385108948,
        "y": 0.59344881772995
    },
    "THUMB_IP": {
        "x": 0.694145917892456,
        "y": 0.5859102010726929
    },
    "THUMB_TIP": {
        "x": 0.6491119265556335,
        "y": 0.5836149454116821
    },
    "INDEX_FINGER_MCP": {
        "x": 0.7935014367103577,
        "y": 0.531312108039856
    },
    "INDEX_FINGER_PIP": {
        "x": 0.7461658120155334,
        "y": 0.5030249953269958
    },
    "INDEX_FINGER_DIP": {
        "x": 0.7066348195075989,
        "y": 0.4923973083496094
    },
    "INDEX_FINGER_TIP": {
        "x": 0.6728302836418152,
        "y": 0.4908219575881958
    },
    "MIDDLE_FINGER_MCP": {
        "x": 0.8039309978485107,
        "y": 0.5230914354324341
    },
    "MIDDLE_FINGER_PIP": {
        "x": 0.7365980744361877,
        "y": 0.49216607213020325
    },
    "MIDDLE_FINGER_DIP": {
        "x": 0.6860110759735107,
        "y": 0.48433753848075867
    },
    "MIDDLE_FINGER_TIP": {
        "x": 0.6497501134872437,
        "y": 0.4847203493118286
    },
    "RING_FINGER_MCP": {
        "x": 0.8051000237464905,
        "y": 0.5245301127433777
    },
    "RING_FINGER_PIP": {
        "x": 0.7421011328697205,
        "y": 0.49339985847473145
    },
    "RING_FINGER_DIP": {
        "x": 0.6931235790252686,
        "y": 0.48717886209487915
    },
    "RING_FINGER_TIP": {
        "x": 0.6559576392173767,
        "y": 0.4849627614021301
    },
    "PINKY_MCP": {
        "x": 0.7975679039955139,
        "y": 0.5321769714355469
    },
    "PINKY_PIP": {
        "x": 0.7522295117378235,
        "y": 0.5104442834854126
    },
    "PINKY_DIP": {
        "x": 0.7176613807678223,
        "y": 0.5021634101867676
    },
    "PINKY_TIP": {
        "x": 0.6871966123580933,
        "y": 0.49618053436279297
    }
}