{
    "WRIST": {
        "x": 0.8278090357780457,
        "y": 0.6061587929725647
    },
    "THUMB_CMC": {
        "x": 0.7631832957267761,
        "y": 0.6068637371063232
    },
    "THUMB_MCP": {
        "x": 0.72111576795578,
        "y": 0.5923080444335938
    },
    "THUMB_IP": {
        "x": 0.6756989359855652,
        "y": 0.5857313871383667
    },
    "THUMB_TIP": {
        "x": 0.6297324299812317,
        "y": 0.584280788898468
    },
    "INDEX_FINGER_MCP": {
        "x": 0.7929630875587463,
        "y": 0.5328675508499146
    },
    "INDEX_FINGER_PIP": {
        "x": 0.741914689540863,
        "y": 0.5062263011932373
    },
    "INDEX_FINGER_DIP": {
        "x": 0.6977699995040894,
        "y": 0.4948035180568695
    },
    "INDEX_FINGER_TIP": {
        "x": 0.6567986011505127,
        "y": 0.4906429350376129
    },
    "MIDDLE_FINGER_MCP": {
        "x": 0.8035495281219482,
        "y": 0.5287047624588013
    },
    "MIDDLE_FINGER_PIP": {
        "x": 0.7373389601707458,
        "y": 0.4970781207084656
    },
    "MIDDLE_FINGER_DIP": {
        "x": 0.6844195127487183,
        "y": 0.4877813160419464
    },
    "MIDDLE_FINGER_TIP": {
        "x": 0.6419367790222168,
        "y": 0.48573964834213257
    },
    "RING_FINGER_MCP": {
        "x": 0.8030394911766052,
        "y": 0.5318734049797058
    },
    "RING_FINGER_PIP": {
        "x": 0.7433727383613586,
        "y": 0.49910974502563477
    },
    "RING_FINGER_DIP": {
        "x": 0.6898529529571533,
        "y": 0.489901065826416
    },
    "RING_FINGER_TIP": {
        "x": 0.6455689668655396,
        "y": 0.4864436089992523
    },
    "PINKY_MCP": {
        "x": 0.7906821966171265,
        "y": 0.5401020050048828
    },
    "PINKY_PIP": {
        "x": 0.7470235824584961,
        "y": 0.5156012773513794
    },
    "PINKY_DIP": {
        "x": 0.7112061381340027,
        "y": 0.5056713819503784
    },
    "PINKY_TIP": {
        "x": 0.6766173839569092,
        "y": 0.49930477142333984
    }
}