{
    "WRIST": {
        "x": 0.8457026481628418,
        "y": 0.6020087003707886
    },
    "THUMB_CMC": {
        "x": 0.7951987385749817,
        "y": 0.5961165428161621
    },
    "THUMB_MCP": {
        "x": 0.7617924213409424,
        "y": 0.5798132419586182
    },
    "THUMB_IP": {
        "x": 0.7276664972305298,
        "y": 0.5696727633476257
    },
    "THUMB_TIP": {
        "x": 0.6928508877754211,
        "y": 0.5643947124481201
    },
    "INDEX_FINGER_MCP": {
        "x": 0.8065507411956787,
        "y": 0.5299304723739624
    },
    "INDEX_FINGER_PIP": {
        "x": 0.751454770565033,
        "y": 0.5019941329956055
    },
    "INDEX_FINGER_DIP": {
        "x": 0.7101948857307434,
        "y": 0.49456796050071716
    },
    "INDEX_FINGER_TIP": {
        "x": 0.6771438121795654,
        "y": 0.49555453658103943
    },
    "MIDDLE_FINGER_MCP": {
        "x": 0.813187301158905,
        "y": 0.5236201882362366
    },
    "MIDDLE_FINGER_PIP": {
        "x": 0.7411056756973267,
        "y": 0.49331170320510864
    },
    "MIDDLE_FINGER_DIP": {
        "x": 0.6917757987976074,
        "y": 0.4886845350265503
    },
    "MIDDLE_FINGER_TIP": {
        "x": 0.6575034856796265,
        "y": 0.4922390282154083
    },
    "RING_FINGER_MCP": {
        "x": 0.8094493746757507,
        "y": 0.526107907295227
    },
    "RING_FINGER_PIP": {
        "x": 0.7444508671760559,
        "y": 0.4964936673641205
    },
    "RING_FINGER_DIP": {
        "x": 0.6994318962097168,
        "y": 0.49202701449394226
    },
    "RING_FINGER_TIP": {
        "x": 0.6659829020500183,
        "y": 0.4915112853050232
    },
    "PINKY_MCP": {
        "x": 0.8003074526786804,
        "y": 0.5335924625396729
    },
    "PINKY_PIP": {
        "x": 0.7543625831604004,
        "y": 0.5131140947341919
    },
    "PINKY_DIP": {
        "x": 0.7209962606430054,
        "y": 0.5066415667533875
    },
    "PINKY_TIP": {
        "x": 0.6917356252670288,
        "y": 0.502979040145874
    }
}