{
    "WRIST": {
        "x": 0.8315529227256775,
        "y": 0.6183223128318787
    },
    "THUMB_CMC": {
        "x": 0.7663056254386902,
        "y": 0.6229690313339233
    },
    "THUMB_MCP": {
        "x": 0.719731867313385,
        "y": 0.6041739583015442
    },
    "THUMB_IP": {
        "x": 0.6703068614006042,
        "y": 0.5968400835990906
    },
    "THUMB_TIP": {
        "x": 0.622096061706543,
        "y": 0.5958685278892517
    },
    "INDEX_FINGER_MCP": {
        "x": 0.7954766750335693,
        "y": 0.5366753339767456
    },
    "INDEX_FINGER_PIP": {
        "x": 0.7473661303520203,
        "y": 0.510066568851471
    },
    "INDEX_FINGER_DIP": {
        "x": 0.7043198943138123,
        "y": 0.49601665139198303
    },
    "INDEX_FINGER_TIP": {
        "x": 0.6623438000679016,
        "y": 0.4885185956954956
    },
    "MIDDLE_FINGER_MCP": {
        "x": 0.8057923316955566,
        "y": 0.5321858525276184
    },
    "MIDDLE_FINGER_PIP": {
        "x": 0.739848792552948,
        "y": 0.501541793346405
    },
    "MIDDLE_FINGER_DIP": {
        "x": 0.687394380569458,
        "y": 0.48884543776512146
    },
    "MIDDLE_FINGER_TIP": {
        "x": 0.6402736306190491,
        "y": 0.4814251661300659
    },
    "RING_FINGER_MCP": {
        "x": 0.8071520924568176,
        "y": 0.5358065366744995
    },
    "RING_FINGER_PIP": {
        "x": 0.7459889054298401,
        "y": 0.5026479959487915
    },
    "RING_FINGER_DIP": {
        "x": 0.6912310719490051,
        "y": 0.49144411087036133
    },
    "RING_FINGER_TIP": {
        "x": 0.6435009241104126,
        "y": 0.4855729639530182
    },
    "PINKY_MCP": {
        "x": 0.7957707643508911,
        "y": 0.5456691980361938
    },
    "PINKY_PIP": {
        "x": 0.7498729825019836,
        "y": 0.5203338861465454
    },
    "PINKY_DIP": {
        "x": 0.7127164006233215,
        "y": 0.5090591311454773
    },
    "PINKY_TIP": {
        "x": 0.6761817932128906,
        "y": 0.5007770657539368
    }
}