{
    "WRIST": {
        "x": 0.8041914105415344,
        "y": 0.6033361554145813
    },
    "THUMB_CMC": {
        "x": 0.7403700947761536,
        "y": 0.6016230583190918
    },
    "THUMB_MCP": {
        "x": 0.6930937767028809,
        "y": 0.5757498741149902
    },
    "THUMB_IP": {
        "x": 0.6453502774238586,
        "y": 0.565617561340332
    },
    "THUMB_TIP": {
        "x": 0.5967124104499817,
        "y": 0.560025155544281
    },
    "INDEX_FINGER_MCP": {
        "x": 0.7685834169387817,
        "y": 0.5102729201316833
    },
    "INDEX_FINGER_PIP": {
        "x": 0.7326124906539917,
        "y": 0.47581377625465393
    },
    "INDEX_FINGER_DIP": {
        "x": 0.6895331144332886,
        "y": 0.45922616124153137
    },
    "INDEX_FINGER_TIP": {
        "x": 0.6489532589912415,
        "y": 0.4518231153488159
    },
    "MIDDLE_FINGER_MCP": {
        "x": 0.7823315262794495,
        "y": 0.5084797143936157
    },
    "MIDDLE_FINGER_PIP": {
        "x": 0.7368912696838379,
        "y": 0.4672468900680542
    },
    "MIDDLE_FINGER_DIP": {
        "x": 0.6827977299690247,
        "y": 0.4533267617225647
    },
    "MIDDLE_FINGER_TIP": {
        "x": 0.6376944184303284,
        "y": 0.4493750333786011
    },
    "RING_FINGER_MCP": {
        "x": 0.7882559895515442,
        "y": 0.5131506323814392
    },
    "RING_FINGER_PIP": {
        "x": 0.7441835999488831,
        "y": 0.47020259499549866
    },
    "RING_FINGER_DIP": {
        "x": 0.689851701259613,
        "y": 0.45717620849609375
    },
    "RING_FINGER_TIP": {
        "x": 0.6449940800666809,
        "y": 0.45316675305366516
    },
    "PINKY_MCP": {
        "x": 0.7813843488693237,
        "y": 0.5241546630859375
    },
    "PINKY_PIP": {
        "x": 0.7473379969596863,
        "y": 0.4884898066520691
    },
    "PINKY_DIP": {
        "x": 0.7116624712944031,
        "y": 0.4737515151500702
    },
    "PINKY_TIP": {
        "x": 0.6762283444404602,
        "y": 0.4636678695678711
    }
}