{
    "WRIST": {
        "x": 0.7677183747291565,
        "y": 0.6262491941452026
    },
    "THUMB_CMC": {
        "x": 0.7018014192581177,
        "y": 0.6137329936027527
    },
    "THUMB_MCP": {
        "x": 0.6617950201034546,
        "y": 0.5853679180145264
    },
    "THUMB_IP": {
        "x": 0.6215494871139526,
        "y": 0.5708612203598022
    },
    "THUMB_TIP": {
        "x": 0.5664883852005005,
        "y": 0.5586556196212769
    },
    "INDEX_FINGER_MCP": {
        "x": 0.7432486414909363,
        "y": 0.5160497426986694
    },
    "INDEX_FINGER_PIP": {
        "x": 0.7425603270530701,
        "y": 0.4720636010169983
    },
    "INDEX_FINGER_DIP": {
        "x": 0.7165192365646362,
        "y": 0.4493033289909363
    },
    "INDEX_FINGER_TIP": {
        "x": 0.6871330142021179,
        "y": 0.4382007122039795
    },
    "MIDDLE_FINGER_MCP": {
        "x": 0.7609775066375732,
        "y": 0.5150775909423828
    },
    "MIDDLE_FINGER_PIP": {
        "x": 0.7622493505477905,
        "y": 0.4620671570301056
    },
    "MIDDLE_FINGER_DIP": {
        "x": 0.7197546362876892,
        "y": 0.4412480592727661
    },
    "MIDDLE_FINGER_TIP": {
        "x": 0.6844486594200134,
        "y": 0.4328269362449646
    },
    "RING_FINGER_MCP": {
        "x": 0.7705642580986023,
        "y": 0.5222281813621521
    },
    "RING_FINGER_PIP": {
        "x": 0.7723101377487183,
        "y": 0.46953442692756653
    },
    "RING_FINGER_DIP": {
        "x": 0.7327362298965454,
        "y": 0.4477638900279999
    },
    "RING_FINGER_TIP": {
        "x": 0.699154794216156,
        "y": 0.43703922629356384
    },
    "PINKY_MCP": {
        "x": 0.7700198888778687,
        "y": 0.5359760522842407
    },
    "PINKY_PIP": {
        "x": 0.7677382230758667,
        "y": 0.49028465151786804
    },
    "PINKY_DIP": {
        "x": 0.7424386739730835,
        "y": 0.46724775433540344
    },
    "PINKY_TIP": {
        "x": 0.717391848564148,
        "y": 0.4505423605442047
    }
}