{
    "WRIST": {
        "x": 0.8211749196052551,
        "y": 0.6077073216438293
    },
    "THUMB_CMC": {
        "x": 0.7554110884666443,
        "y": 0.6056345701217651
    },
    "THUMB_MCP": {
        "x": 0.7076151967048645,
        "y": 0.584460437297821
    },
    "THUMB_IP": {
        "x": 0.6587750911712646,
        "y": 0.5772973895072937
    },
    "THUMB_TIP": {
        "x": 0.6049492359161377,
        "y": 0.575224757194519
    },
    "INDEX_FINGER_MCP": {
        "x": 0.7839228510856628,
        "y": 0.5156819820404053
    },
    "INDEX_FINGER_PIP": {
        "x": 0.7359118461608887,
        "y": 0.48496848344802856
    },
    "INDEX_FINGER_DIP": {
        "x": 0.6881647706031799,
        "y": 0.47164973616600037
    },
    "INDEX_FINGER_TIP": {
        "x": 0.6470848321914673,
        "y": 0.46719983220100403
    },
    "MIDDLE_FINGER_MCP": {
        "x": 0.7964341640472412,
        "y": 0.5136843323707581
    },
    "MIDDLE_FINGER_PIP": {
        "x": 0.7336753010749817,
        "y": 0.4764431118965149
    },
    "MIDDLE_FINGER_DIP": {
        "x": 0.6787517666816711,
        "y": 0.4661947786808014
    },
    "MIDDLE_FINGER_TIP": {
        "x": 0.6374728679656982,
        "y": 0.4636477828025818
    },
    "RING_FINGER_MCP": {
        "x": 0.7989112138748169,
        "y": 0.5182284116744995
    },
    "RING_FINGER_PIP": {
        "x": 0.737919807434082,
        "y": 0.479322224855423
    },
    "RING_FINGER_DIP": {
        "x": 0.6841297149658203,
        "y": 0.46748366951942444
    },
    "RING_FINGER_TIP": {
        "x": 0.6448830962181091,
        "y": 0.46229124069213867
    },
    "PINKY_MCP": {
        "x": 0.7875665426254272,
        "y": 0.528815746307373
    },
    "PINKY_PIP": {
        "x": 0.7436917424201965,
        "y": 0.4964306056499481
    },
    "PINKY_DIP": {
        "x": 0.7072734832763672,
        "y": 0.4832206070423126
    },
    "PINKY_TIP": {
        "x": 0.674859881401062,
        "y": 0.4728143811225891
    }
}