{
    "WRIST": {
        "x": 0.825373649597168,
        "y": 0.5804078578948975
    },
    "THUMB_CMC": {
        "x": 0.7841569185256958,
        "y": 0.5630543231964111
    },
    "THUMB_MCP": {
        "x": 0.7523829936981201,
        "y": 0.5490118265151978
    },
    "THUMB_IP": {
        "x": 0.7198942303657532,
        "y": 0.5400224328041077
    },
    "THUMB_TIP": {
        "x": 0.6831052303314209,
        "y": 0.5368710160255432
    },
    "INDEX_FINGER_MCP": {
        "x": 0.7805547714233398,
        "y": 0.5136544108390808
    },
    "INDEX_FINGER_PIP": {
        "x": 0.7259847521781921,
        "y": 0.4907270073890686
    },
    "INDEX_FINGER_DIP": {
        "x": 0.6856935620307922,
        "y": 0.4864952564239502
    },
    "INDEX_FINGER_TIP": {
        "x": 0.6529608368873596,
        "y": 0.4873409867286682
    },
    "MIDDLE_FINGER_MCP": {
        "x": 0.783940851688385,
        "y": 0.5120887756347656
    },
    "MIDDLE_FINGER_PIP": {
        "x": 0.7167307138442993,
        "y": 0.4865293800830841
    },
    "MIDDLE_FINGER_DIP": {
        "x": 0.6683966517448425,
        "y": 0.48441529273986816
    },
    "MIDDLE_FINGER_TIP": {
        "x": 0.6325732469558716,
        "y": 0.48819348216056824
    },
    "RING_FINGER_MCP": {
        "x": 0.7808377146720886,
        "y": 0.5182424783706665
    },
    "RING_FINGER_PIP": {
        "x": 0.7197574377059937,
        "y": 0.49314117431640625
    },
    "RING_FINGER_DIP": {
        "x": 0.6766107082366943,
        "y": 0.4905577600002289
    },
    "RING_FINGER_TIP": {
        "x": 0.6411247253417969,
        "y": 0.49015289545059204
    },
    "PINKY_MCP": {
        "x": 0.7756901979446411,
        "y": 0.5289430618286133
    },
    "PINKY_PIP": {
        "x": 0.7364715337753296,
        "y": 0.5129725337028503
    },
    "PINKY_DIP": {
        "x": 0.7059195637702942,
        "y": 0.5071672201156616
    },
    "PINKY_TIP": {
        "x": 0.6760175228118896,
        "y": 0.5015517473220825
    }
}