{
    "WRIST": {
        "x": 0.8305304646492004,
        "y": 0.6130390763282776
    },
    "THUMB_CMC": {
        "x": 0.7654534578323364,
        "y": 0.6185662150382996
    },
    "THUMB_MCP": {
        "x": 0.7210214734077454,
        "y": 0.6022748351097107
    },
    "THUMB_IP": {
        "x": 0.6721099019050598,
        "y": 0.5947574973106384
    },
    "THUMB_TIP": {
        "x": 0.6251001358032227,
        "y": 0.5931049585342407
    },
    "INDEX_FINGER_MCP": {
        "x": 0.7944859862327576,
        "y": 0.5359519124031067
    },
    "INDEX_FINGER_PIP": {
        "x": 0.7467875480651855,
        "y": 0.5101112127304077
    },
    "INDEX_FINGER_DIP": {
        "x": 0.7054879665374756,
        "y": 0.4968522787094116
    },
    "INDEX_FINGER_TIP": {
        "x": 0.6656638383865356,
        "y": 0.49037840962409973
    },
    "MIDDLE_FINGER_MCP": {
        "x": 0.804018497467041,
        "y": 0.5306770205497742
    },
    "MIDDLE_FINGER_PIP": {
        "x": 0.7397009134292603,
        "y": 0.5005432367324829
    },
    "MIDDLE_FINGER_DIP": {
        "x": 0.6882073879241943,
        "y": 0.4882306158542633
    },
    "MIDDLE_FINGER_TIP": {
        "x": 0.6423560976982117,
        "y": 0.48167091608047485
    },
    "RING_FINGER_MCP": {
        "x": 0.8048801422119141,
        "y": 0.5332795977592468
    },
    "RING_FINGER_PIP": {
        "x": 0.7455925345420837,
        "y": 0.5010461211204529
    },
    "RING_FINGER_DIP": {
        "x": 0.6920894980430603,
        "y": 0.4905397891998291
    },
    "RING_FINGER_TIP": {
        "x": 0.6451784372329712,
        "y": 0.48519718647003174
    },
    "PINKY_MCP": {
        "x": 0.7946451306343079,
        "y": 0.5416304469108582
    },
    "PINKY_PIP": {
        "x": 0.7501499056816101,
        "y": 0.5171400904655457
    },
    "PINKY_DIP": {
        "x": 0.7136139273643494,
        "y": 0.5065665245056152
    },
    "PINKY_TIP": {
        "x": 0.6769829392433167,
        "y": 0.49910709261894226
    }
}