{
    "WRIST": {
        "x": 0.7659009099006653,
        "y": 0.6186392307281494
    },
    "THUMB_CMC": {
        "x": 0.7058553695678711,
        "y": 0.6065365672111511
    },
    "THUMB_MCP": {
        "x": 0.6644574403762817,
        "y": 0.5785009264945984
    },
    "THUMB_IP": {
        "x": 0.6201694011688232,
        "y": 0.5644588470458984
    },
    "THUMB_TIP": {
        "x": 0.5714162588119507,
        "y": 0.5544871687889099
    },
    "INDEX_FINGER_MCP": {
        "x": 0.7452586889266968,
        "y": 0.5146467089653015
    },
    "INDEX_FINGER_PIP": {
        "x": 0.7384538650512695,
        "y": 0.477053165435791
    },
    "INDEX_FINGER_DIP": {
        "x": 0.7093745470046997,
        "y": 0.4553386867046356
    },
    "INDEX_FINGER_TIP": {
        "x": 0.6777180433273315,
        "y": 0.4425544738769531
    },
    "MIDDLE_FINGER_MCP": {
        "x": 0.760467529296875,
        "y": 0.5136972665786743
    },
    "MIDDLE_FINGER_PIP": {
        "x": 0.7547222971916199,
        "y": 0.4675120413303375
    },
    "MIDDLE_FINGER_DIP": {
        "x": 0.7125787734985352,
        "y": 0.4461526572704315
    },
    "MIDDLE_FINGER_TIP": {
        "x": 0.6760402321815491,
        "y": 0.4359355568885803
    },
    "RING_FINGER_MCP": {
        "x": 0.7698143720626831,
        "y": 0.5183885097503662
    },
    "RING_FINGER_PIP": {
        "x": 0.7669294476509094,
        "y": 0.4704783260822296
    },
    "RING_FINGER_DIP": {
        "x": 0.7256303429603577,
        "y": 0.44964101910591125
    },
    "RING_FINGER_TIP": {
        "x": 0.6908713579177856,
        "y": 0.4403063952922821
    },
    "PINKY_MCP": {
        "x": 0.7713888883590698,
        "y": 0.5288907885551453
    },
    "PINKY_PIP": {
        "x": 0.7626601457595825,
        "y": 0.4873940944671631
    },
    "PINKY_DIP": {
        "x": 0.73479825258255,
        "y": 0.46686452627182007
    },
    "PINKY_TIP": {
        "x": 0.7073378562927246,
        "y": 0.45272132754325867
    }
}