{
    "WRIST": {
        "x": 0.8305948972702026,
        "y": 0.6138893961906433
    },
    "THUMB_CMC": {
        "x": 0.7625463604927063,
        "y": 0.6133610010147095
    },
    "THUMB_MCP": {
        "x": 0.7141304612159729,
        "y": 0.5951666235923767
    },
    "THUMB_IP": {
        "x": 0.6682671904563904,
        "y": 0.5884560346603394
    },
    "THUMB_TIP": {
        "x": 0.6114197969436646,
        "y": 0.5881887674331665
    },
    "INDEX_FINGER_MCP": {
        "x": 0.7865906357765198,
        "y": 0.5304457545280457
    },
    "INDEX_FINGER_PIP": {
        "x": 0.7342421412467957,
        "y": 0.5117627382278442
    },
    "INDEX_FINGER_DIP": {
        "x": 0.7065666317939758,
        "y": 0.5205894112586975
    },
    "INDEX_FINGER_TIP": {
        "x": 0.6888813376426697,
        "y": 0.530725359916687
    },
    "MIDDLE_FINGER_MCP": {
        "x": 0.801288366317749,
        "y": 0.5230082273483276
    },
    "MIDDLE_FINGER_PIP": {
        "x": 0.7341506481170654,
        "y": 0.49109482765197754
    },
    "MIDDLE_FINGER_DIP": {
        "x": 0.6831985712051392,
        "y": 0.48440471291542053
    },
    "MIDDLE_FINGER_TIP": {
        "x": 0.6484069228172302,
        "y": 0.4816329777240753
    },
    "RING_FINGER_MCP": {
        "x": 0.8081369400024414,
        "y": 0.5238942503929138
    },
    "RING_FINGER_PIP": {
        "x": 0.7408806085586548,
        "y": 0.48806750774383545
    },
    "RING_FINGER_DIP": {
        "x": 0.6906658411026001,
        "y": 0.47849923372268677
    },
    "RING_FINGER_TIP": {
        "x": 0.6555092334747314,
        "y": 0.4716208577156067
    },
    "PINKY_MCP": {
        "x": 0.8029453754425049,
        "y": 0.5314082503318787
    },
    "PINKY_PIP": {
        "x": 0.7530442476272583,
        "y": 0.5030763149261475
    },
    "PINKY_DIP": {
        "x": 0.7159706354141235,
        "y": 0.49135762453079224
    },
    "PINKY_TIP": {
        "x": 0.683342456817627,
        "y": 0.4804582893848419
    }
}