{
    "WRIST": {
        "x": 0.8372385501861572,
        "y": 0.604367733001709
    },
    "THUMB_CMC": {
        "x": 0.774139404296875,
        "y": 0.6080567836761475
    },
    "THUMB_MCP": {
        "x": 0.7291731238365173,
        "y": 0.5939856767654419
    },
    "THUMB_IP": {
        "x": 0.6843572854995728,
        "y": 0.5864840149879456
    },
    "THUMB_TIP": {
        "x": 0.6359308958053589,
        "y": 0.5847657322883606
    },
    "INDEX_FINGER_MCP": {
        "x": 0.7980275750160217,
        "y": 0.5308558940887451
    },
    "INDEX_FINGER_PIP": {
        "x": 0.7475075125694275,
        "y": 0.5052409172058105
    },
    "INDEX_FINGER_DIP": {
        "x": 0.7050017714500427,
        "y": 0.4934079051017761
    },
    "INDEX_FINGER_TIP": {
        "x": 0.6681015491485596,
        "y": 0.48972582817077637
    },
    "MIDDLE_FINGER_MCP": {
        "x": 0.8069967031478882,
        "y": 0.5241284370422363
    },
    "MIDDLE_FINGER_PIP": {
        "x": 0.7398059368133545,
        "y": 0.4936031997203827
    },
    "MIDDLE_FINGER_DIP": {
        "x": 0.6889768838882446,
        "y": 0.4846665859222412
    },
    "MIDDLE_FINGER_TIP": {
        "x": 0.6503384113311768,
        "y": 0.48338454961776733
    },
    "RING_FINGER_MCP": {
        "x": 0.8062078356742859,
        "y": 0.5260998606681824
    },
    "RING_FINGER_PIP": {
        "x": 0.7434649467468262,
        "y": 0.4940790832042694
    },
    "RING_FINGER_DIP": {
        "x": 0.6917978525161743,
        "y": 0.4863291382789612
    },
    "RING_FINGER_TIP": {
        "x": 0.6512762904167175,
        "y": 0.48347008228302
    },
    "PINKY_MCP": {
        "x": 0.7946312427520752,
        "y": 0.5336204767227173
    },
    "PINKY_PIP": {
        "x": 0.7502942681312561,
        "y": 0.5107846260070801
    },
    "PINKY_DIP": {
        "x": 0.7146684527397156,
        "y": 0.5019134879112244
    },
    "PINKY_TIP": {
        "x": 0.6826874017715454,
        "y": 0.49571168422698975
    }
}