{
    "WRIST": {
        "x": 0.828819215297699,
        "y": 0.5746784210205078
    },
    "THUMB_CMC": {
        "x": 0.7967850565910339,
        "y": 0.5456339120864868
    },
    "THUMB_MCP": {
        "x": 0.7722069025039673,
        "y": 0.5263268947601318
    },
    "THUMB_IP": {
        "x": 0.7499622106552124,
        "y": 0.5127928256988525
    },
    "THUMB_TIP": {
        "x": 0.724117636680603,
        "y": 0.5073022246360779
    },
    "INDEX_FINGER_MCP": {
        "x": 0.7775828242301941,
        "y": 0.5051261782646179
    },
    "INDEX_FINGER_PIP": {
        "x": 0.7265765070915222,
        "y": 0.48560577630996704
    },
    "INDEX_FINGER_DIP": {
        "x": 0.6904041171073914,
        "y": 0.48297449946403503
    },
    "INDEX_FINGER_TIP": {
        "x": 0.66340571641922,
        "y": 0.4854009747505188
    },
    "MIDDLE_FINGER_MCP": {
        "x": 0.7839107513427734,
        "y": 0.5074789524078369
    },
    "MIDDLE_FINGER_PIP": {
        "x": 0.720167875289917,
        "y": 0.48660746216773987
    },
    "MIDDLE_FINGER_DIP": {
        "x": 0.6746920347213745,
        "y": 0.48482611775398254
    },
    "MIDDLE_FINGER_TIP": {
        "x": 0.6394243240356445,
        "y": 0.489671528339386
    },
    "RING_FINGER_MCP": {
        "x": 0.7872196435928345,
        "y": 0.5156710743904114
    },
    "RING_FINGER_PIP": {
        "x": 0.7291287779808044,
        "y": 0.49245327711105347
    },
    "RING_FINGER_DIP": {
        "x": 0.6857777833938599,
        "y": 0.4907256066799164
    },
    "RING_FINGER_TIP": {
        "x": 0.6524131298065186,
        "y": 0.4934636950492859
    },
    "PINKY_MCP": {
        "x": 0.7898690104484558,
        "y": 0.5271598696708679
    },
    "PINKY_PIP": {
        "x": 0.748483419418335,
        "y": 0.5104249119758606
    },
    "PINKY_DIP": {
        "x": 0.7193284034729004,
        "y": 0.5037724375724792
    },
    "PINKY_TIP": {
        "x": 0.6900702714920044,
        "y": 0.4990245997905731
    }
}