{
    "WRIST": {
        "x": 0.8496338129043579,
        "y": 0.60190349817276
    },
    "THUMB_CMC": {
        "x": 0.7914430499076843,
        "y": 0.5952047109603882
    },
    "THUMB_MCP": {
        "x": 0.748937726020813,
        "y": 0.5817444324493408
    },
    "THUMB_IP": {
        "x": 0.7068970203399658,
        "y": 0.5775884389877319
    },
    "THUMB_TIP": {
        "x": 0.663627028465271,
        "y": 0.5781697034835815
    },
    "INDEX_FINGER_MCP": {
        "x": 0.805382490158081,
        "y": 0.5247816443443298
    },
    "INDEX_FINGER_PIP": {
        "x": 0.7533402442932129,
        "y": 0.4939311146736145
    },
    "INDEX_FINGER_DIP": {
        "x": 0.7118678689002991,
        "y": 0.4850586950778961
    },
    "INDEX_FINGER_TIP": {
        "x": 0.6804094314575195,
        "y": 0.48651161789894104
    },
    "MIDDLE_FINGER_MCP": {
        "x": 0.8143119812011719,
        "y": 0.5186852812767029
    },
    "MIDDLE_FINGER_PIP": {
        "x": 0.7470206022262573,
        "y": 0.48615121841430664
    },
    "MIDDLE_FINGER_DIP": {
        "x": 0.6948299407958984,
        "y": 0.48048853874206543
    },
    "MIDDLE_FINGER_TIP": {
        "x": 0.6591976284980774,
        "y": 0.48307663202285767
    },
    "RING_FINGER_MCP": {
        "x": 0.8116718530654907,
        "y": 0.5229237079620361
    },
    "RING_FINGER_PIP": {
        "x": 0.7488491535186768,
        "y": 0.49110960960388184
    },
    "RING_FINGER_DIP": {
        "x": 0.7010536789894104,
        "y": 0.4855252206325531
    },
    "RING_FINGER_TIP": {
        "x": 0.6664586067199707,
        "y": 0.4837409555912018
    },
    "PINKY_MCP": {
        "x": 0.8026343584060669,
        "y": 0.5327820777893066
    },
    "PINKY_PIP": {
        "x": 0.7572728991508484,
        "y": 0.5096935033798218
    },
    "PINKY_DIP": {
        "x": 0.7224902510643005,
        "y": 0.5015280246734619
    },
    "PINKY_TIP": {
        "x": 0.6915328502655029,
        "y": 0.49508723616600037
    }
}