{
    "WRIST": {
        "x": 0.7785663604736328,
        "y": 0.6094637513160706
    },
    "THUMB_CMC": {
        "x": 0.717126727104187,
        "y": 0.6030126214027405
    },
    "THUMB_MCP": {
        "x": 0.674793004989624,
        "y": 0.5760505199432373
    },
    "THUMB_IP": {
        "x": 0.6310746669769287,
        "y": 0.562936544418335
    },
    "THUMB_TIP": {
        "x": 0.5841121673583984,
        "y": 0.553900420665741
    },
    "INDEX_FINGER_MCP": {
        "x": 0.7517788410186768,
        "y": 0.509723424911499
    },
    "INDEX_FINGER_PIP": {
        "x": 0.7303504943847656,
        "y": 0.47402653098106384
    },
    "INDEX_FINGER_DIP": {
        "x": 0.7011287212371826,
        "y": 0.45319461822509766
    },
    "INDEX_FINGER_TIP": {
        "x": 0.6719843745231628,
        "y": 0.4397936463356018
    },
    "MIDDLE_FINGER_MCP": {
        "x": 0.76598060131073,
        "y": 0.5078516006469727
    },
    "MIDDLE_FINGER_PIP": {
        "x": 0.7437807321548462,
        "y": 0.4646751284599304
    },
    "MIDDLE_FINGER_DIP": {
        "x": 0.7026090025901794,
        "y": 0.4443465769290924
    },
    "MIDDLE_FINGER_TIP": {
        "x": 0.6675960421562195,
        "y": 0.43137815594673157
    },
    "RING_FINGER_MCP": {
        "x": 0.7748921513557434,
        "y": 0.511726975440979
    },
    "RING_FINGER_PIP": {
        "x": 0.7576188445091248,
        "y": 0.46610718965530396
    },
    "RING_FINGER_DIP": {
        "x": 0.7172632217407227,
        "y": 0.44616231322288513
    },
    "RING_FINGER_TIP": {
        "x": 0.683901846408844,
        "y": 0.43402087688446045
    },
    "PINKY_MCP": {
        "x": 0.7749195098876953,
        "y": 0.5209519863128662
    },
    "PINKY_PIP": {
        "x": 0.7564184069633484,
        "y": 0.4810035526752472
    },
    "PINKY_DIP": {
        "x": 0.7279359102249146,
        "y": 0.46227097511291504
    },
    "PINKY_TIP": {
        "x": 0.7001906633377075,
        "y": 0.44763147830963135
    }
}