{
    "WRIST": {
        "x": 0.8319604396820068,
        "y": 0.5955364108085632
    },
    "THUMB_CMC": {
        "x": 0.7699775695800781,
        "y": 0.5983162522315979
    },
    "THUMB_MCP": {
        "x": 0.7318062782287598,
        "y": 0.5875409841537476
    },
    "THUMB_IP": {
        "x": 0.6928191781044006,
        "y": 0.5801916122436523
    },
    "THUMB_TIP": {
        "x": 0.6514984369277954,
        "y": 0.5777888894081116
    },
    "INDEX_FINGER_MCP": {
        "x": 0.7927480340003967,
        "y": 0.530666708946228
    },
    "INDEX_FINGER_PIP": {
        "x": 0.7413821816444397,
        "y": 0.5032598972320557
    },
    "INDEX_FINGER_DIP": {
        "x": 0.7005900740623474,
        "y": 0.49277034401893616
    },
    "INDEX_FINGER_TIP": {
        "x": 0.6663724184036255,
        "y": 0.49128758907318115
    },
    "MIDDLE_FINGER_MCP": {
        "x": 0.8009580373764038,
        "y": 0.5237624645233154
    },
    "MIDDLE_FINGER_PIP": {
        "x": 0.733069121837616,
        "y": 0.49173346161842346
    },
    "MIDDLE_FINGER_DIP": {
        "x": 0.6820093393325806,
        "y": 0.4839523732662201
    },
    "MIDDLE_FINGER_TIP": {
        "x": 0.6452236771583557,
        "y": 0.4841645359992981
    },
    "RING_FINGER_MCP": {
        "x": 0.7995829582214355,
        "y": 0.5248240828514099
    },
    "RING_FINGER_PIP": {
        "x": 0.7373231053352356,
        "y": 0.4924986660480499
    },
    "RING_FINGER_DIP": {
        "x": 0.6870043277740479,
        "y": 0.48600342869758606
    },
    "RING_FINGER_TIP": {
        "x": 0.6486098170280457,
        "y": 0.4838566184043884
    },
    "PINKY_MCP": {
        "x": 0.7896250486373901,
        "y": 0.5307763814926147
    },
    "PINKY_PIP": {
        "x": 0.7442641854286194,
        "y": 0.5087698101997375
    },
    "PINKY_DIP": {
        "x": 0.710013210773468,
        "y": 0.5011557340621948
    },
    "PINKY_TIP": {
        "x": 0.6792229413986206,
        "y": 0.49551206827163696
    }
}