{
    "WRIST": {
        "x": 0.7944363355636597,
        "y": 0.6015747785568237
    },
    "THUMB_CMC": {
        "x": 0.7317501902580261,
        "y": 0.5990176796913147
    },
    "THUMB_MCP": {
        "x": 0.6859654188156128,
        "y": 0.5754635334014893
    },
    "THUMB_IP": {
        "x": 0.6395120024681091,
        "y": 0.5650395750999451
    },
    "THUMB_TIP": {
        "x": 0.5917097926139832,
        "y": 0.5569013357162476
    },
    "INDEX_FINGER_MCP": {
        "x": 0.7629639506340027,
        "y": 0.5092154145240784
    },
    "INDEX_FINGER_PIP": {
        "x": 0.7355967164039612,
        "y": 0.4728975296020508
    },
    "INDEX_FINGER_DIP": {
        "x": 0.7006605863571167,
        "y": 0.45456117391586304
    },
    "INDEX_FINGER_TIP": {
        "x": 0.6662753224372864,
        "y": 0.4443429708480835
    },
    "MIDDLE_FINGER_MCP": {
        "x": 0.77668297290802,
        "y": 0.5064746737480164
    },
    "MIDDLE_FINGER_PIP": {
        "x": 0.7438102960586548,
        "y": 0.46342137455940247
    },
    "MIDDLE_FINGER_DIP": {
        "x": 0.6951954364776611,
        "y": 0.44653427600860596
    },
    "MIDDLE_FINGER_TIP": {
        "x": 0.6547901630401611,
        "y": 0.437648743391037
    },
    "RING_FINGER_MCP": {
        "x": 0.7824262380599976,
        "y": 0.5111373066902161
    },
    "RING_FINGER_PIP": {
        "x": 0.7509683966636658,
        "y": 0.46673819422721863
    },
    "RING_FINGER_DIP": {
        "x": 0.7047475576400757,
        "y": 0.4501248002052307
    },
    "RING_FINGER_TIP": {
        "x": 0.6667253971099854,
        "y": 0.4410715699195862
    },
    "PINKY_MCP": {
        "x": 0.7775095701217651,
        "y": 0.5225136876106262
    },
    "PINKY_PIP": {
        "x": 0.75014728307724,
        "y": 0.48490968346595764
    },
    "PINKY_DIP": {
        "x": 0.7181222438812256,
        "y": 0.4680826663970947
    },
    "PINKY_TIP": {
        "x": 0.6871607899665833,
        "y": 0.45507895946502686
    }
}