{
    "WRIST": {
        "x": 0.8518158793449402,
        "y": 0.6075986623764038
    },
    "THUMB_CMC": {
        "x": 0.785282552242279,
        "y": 0.612241804599762
    },
    "THUMB_MCP": {
        "x": 0.7385693788528442,
        "y": 0.6022672653198242
    },
    "THUMB_IP": {
        "x": 0.6940973997116089,
        "y": 0.5982063412666321
    },
    "THUMB_TIP": {
        "x": 0.642462968826294,
        "y": 0.5996612906455994
    },
    "INDEX_FINGER_MCP": {
        "x": 0.8010010719299316,
        "y": 0.5357569456100464
    },
    "INDEX_FINGER_PIP": {
        "x": 0.751409649848938,
        "y": 0.5050301551818848
    },
    "INDEX_FINGER_DIP": {
        "x": 0.710527777671814,
        "y": 0.4961031377315521
    },
    "INDEX_FINGER_TIP": {
        "x": 0.6779730916023254,
        "y": 0.496803879737854
    },
    "MIDDLE_FINGER_MCP": {
        "x": 0.8124557733535767,
        "y": 0.5260289311408997
    },
    "MIDDLE_FINGER_PIP": {
        "x": 0.745553195476532,
        "y": 0.49246102571487427
    },
    "MIDDLE_FINGER_DIP": {
        "x": 0.6940421462059021,
        "y": 0.4871109426021576
    },
    "MIDDLE_FINGER_TIP": {
        "x": 0.6590608954429626,
        "y": 0.4908457100391388
    },
    "RING_FINGER_MCP": {
        "x": 0.8128480315208435,
        "y": 0.5269519686698914
    },
    "RING_FINGER_PIP": {
        "x": 0.7500861883163452,
        "y": 0.49376073479652405
    },
    "RING_FINGER_DIP": {
        "x": 0.7011756896972656,
        "y": 0.4898039698600769
    },
    "RING_FINGER_TIP": {
        "x": 0.6674047112464905,
        "y": 0.49090254306793213
    },
    "PINKY_MCP": {
        "x": 0.8058801889419556,
        "y": 0.5335519909858704
    },
    "PINKY_PIP": {
        "x": 0.7599936723709106,
        "y": 0.5098435282707214
    },
    "PINKY_DIP": {
        "x": 0.7242329120635986,
        "y": 0.5025398135185242
    },
    "PINKY_TIP": {
        "x": 0.6936609148979187,
        "y": 0.4978252053260803
    }
}