{
    "WRIST": {
        "x": 0.761789083480835,
        "y": 0.6428858041763306
    },
    "THUMB_CMC": {
        "x": 0.6988050937652588,
        "y": 0.6318517923355103
    },
    "THUMB_MCP": {
        "x": 0.6586155295372009,
        "y": 0.5998938083648682
    },
    "THUMB_IP": {
        "x": 0.6211976408958435,
        "y": 0.5793967843055725
    },
    "THUMB_TIP": {
        "x": 0.5724142789840698,
        "y": 0.5633776783943176
    },
    "INDEX_FINGER_MCP": {
        "x": 0.7324023842811584,
        "y": 0.5347834229469299
    },
    "INDEX_FINGER_PIP": {
        "x": 0.7347907423973083,
        "y": 0.491296648979187
    },
    "INDEX_FINGER_DIP": {
        "x": 0.7187783718109131,
        "y": 0.46545740962028503
    },
    "INDEX_FINGER_TIP": {
        "x": 0.6966440081596375,
        "y": 0.4461974799633026
    },
    "MIDDLE_FINGER_MCP": {
        "x": 0.7495262622833252,
        "y": 0.5325584411621094
    },
    "MIDDLE_FINGER_PIP": {
        "x": 0.7592368125915527,
        "y": 0.48221397399902344
    },
    "MIDDLE_FINGER_DIP": {
        "x": 0.7358421683311462,
        "y": 0.45508503913879395
    },
    "MIDDLE_FINGER_TIP": {
        "x": 0.7098134756088257,
        "y": 0.4343852400779724
    },
    "RING_FINGER_MCP": {
        "x": 0.7623543739318848,
        "y": 0.5368422269821167
    },
    "RING_FINGER_PIP": {
        "x": 0.7735044956207275,
        "y": 0.48737069964408875
    },
    "RING_FINGER_DIP": {
        "x": 0.7511129975318909,
        "y": 0.46121224761009216
    },
    "RING_FINGER_TIP": {
        "x": 0.7249636650085449,
        "y": 0.44159817695617676
    },
    "PINKY_MCP": {
        "x": 0.7695730328559875,
        "y": 0.5479541420936584
    },
    "PINKY_PIP": {
        "x": 0.7778694033622742,
        "y": 0.5057713389396667
    },
    "PINKY_DIP": {
        "x": 0.7645894289016724,
        "y": 0.48145195841789246
    },
    "PINKY_TIP": {
        "x": 0.7471548914909363,
        "y": 0.4612238109111786
    }
}