{
    "WRIST": {
        "x": 0.8271566033363342,
        "y": 0.6359570026397705
    },
    "THUMB_CMC": {
        "x": 0.858959972858429,
        "y": 0.6504856944084167
    },
    "THUMB_MCP": {
        "x": 0.8926982283592224,
        "y": 0.6718039512634277
    },
    "THUMB_IP": {
        "x": 0.9253337979316711,
        "y": 0.694130003452301
    },
    "THUMB_TIP": {
        "x": 0.9432355165481567,
        "y": 0.7075265645980835
    },
    "INDEX_FINGER_MCP": {
        "x": 0.8776986598968506,
        "y": 0.6259744763374329
    },
    "INDEX_FINGER_PIP": {
        "x": 0.9119930863380432,
        "y": 0.6812652945518494
    },
    "INDEX_FINGER_DIP": {
        "x": 0.9074847102165222,
        "y": 0.715749979019165
    },
    "INDEX_FINGER_TIP": {
        "x": 0.9035942554473877,
        "y": 0.7388279438018799
    },
    "MIDDLE_FINGER_MCP": {
        "x": 0.8592911958694458,
        "y": 0.6211304068565369
    },
    "MIDDLE_FINGER_PIP": {
        "x": 0.9092940092086792,
        "y": 0.6884764432907104
    },
    "MIDDLE_FINGER_DIP": {
        "x": 0.9058582782745361,
        "y": 0.7272866368293762
    },
    "MIDDLE_FINGER_TIP": {
        "x": 0.9043219685554504,
        "y": 0.7528022527694702
    },
    "RING_FINGER_MCP": {
        "x": 0.8478574752807617,
        "y": 0.6277318000793457
    },
    "RING_FINGER_PIP": {
        "x": 0.900627613067627,
        "y": 0.6989296674728394
    },
    "RING_FINGER_DIP": {
        "x": 0.8948858380317688,
        "y": 0.7347860336303711
    },
    "RING_FINGER_TIP": {
        "x": 0.8993960618972778,
        "y": 0.7536713480949402
    },
    "PINKY_MCP": {
        "x": 0.8387961983680725,
        "y": 0.6391317248344421
    },
    "PINKY_PIP": {
        "x": 0.8723088502883911,
        "y": 0.6991369724273682
    },
    "PINKY_DIP": {
        "x": 0.8897628784179688,
        "y": 0.737211287021637
    },
    "PINKY_TIP": {
        "x": 0.9052307605743408,
        "y": 0.7635631561279297
    }
}