{
    "WRIST": {
        "x": 0.7230772376060486,
        "y": 0.6457217335700989
    },
    "THUMB_CMC": {
        "x": 0.6610667705535889,
        "y": 0.6568149924278259
    },
    "THUMB_MCP": {
        "x": 0.6025593876838684,
        "y": 0.6642525792121887
    },
    "THUMB_IP": {
        "x": 0.5660507082939148,
        "y": 0.6843446493148804
    },
    "THUMB_TIP": {
        "x": 0.5580447316169739,
        "y": 0.7072136402130127
    },
    "INDEX_FINGER_MCP": {
        "x": 0.6137313842773438,
        "y": 0.6024383902549744
    },
    "INDEX_FINGER_PIP": {
        "x": 0.5814304947853088,
        "y": 0.6519445180892944
    },
    "INDEX_FINGER_DIP": {
        "x": 0.5746814012527466,
        "y": 0.6887403130531311
    },
    "INDEX_FINGER_TIP": {
        "x": 0.5734021663665771,
        "y": 0.7106950283050537
    },
    "MIDDLE_FINGER_MCP": {
        "x": 0.6649457216262817,
        "y": 0.5986039638519287
    },
    "MIDDLE_FINGER_PIP": {
        "x": 0.6402127742767334,
        "y": 0.647010862827301
    },
    "MIDDLE_FINGER_DIP": {
        "x": 0.6364260315895081,
        "y": 0.6780053377151489
    },
    "MIDDLE_FINGER_TIP": {
        "x": 0.6322974562644958,
        "y": 0.6924620866775513
    },
    "RING_FINGER_MCP": {
        "x": 0.7151755690574646,
        "y": 0.6088749766349792
    },
    "RING_FINGER_PIP": {
        "x": 0.7036722898483276,
        "y": 0.6523609757423401
    },
    "RING_FINGER_DIP": {
        "x": 0.695898175239563,
        "y": 0.6732434034347534
    },
    "RING_FINGER_TIP": {
        "x": 0.6874770522117615,
        "y": 0.6798587441444397
    },
    "PINKY_MCP": {
        "x": 0.7584208250045776,
        "y": 0.6268814206123352
    },
    "PINKY_PIP": {
        "x": 0.7604303359985352,
        "y": 0.6627117395401001
    },
    "PINKY_DIP": {
        "x": 0.7687786817550659,
        "y": 0.6782950758934021
    },
    "PINKY_TIP": {
        "x": 0.7721841931343079,
        "y": 0.6862177848815918
    }
}