{
    "WRIST": {
        "x": 0.7480932474136353,
        "y": 0.6196682453155518
    },
    "THUMB_CMC": {
        "x": 0.6776227951049805,
        "y": 0.6108025908470154
    },
    "THUMB_MCP": {
        "x": 0.6324304342269897,
        "y": 0.5985443592071533
    },
    "THUMB_IP": {
        "x": 0.594592809677124,
        "y": 0.6035907864570618
    },
    "THUMB_TIP": {
        "x": 0.5614701509475708,
        "y": 0.6173903942108154
    },
    "INDEX_FINGER_MCP": {
        "x": 0.6776618361473083,
        "y": 0.5572947859764099
    },
    "INDEX_FINGER_PIP": {
        "x": 0.616461455821991,
        "y": 0.5678291916847229
    },
    "INDEX_FINGER_DIP": {
        "x": 0.5747098326683044,
        "y": 0.5992101430892944
    },
    "INDEX_FINGER_TIP": {
        "x": 0.5464082360267639,
        "y": 0.6228593587875366
    },
    "MIDDLE_FINGER_MCP": {
        "x": 0.7241417169570923,
        "y": 0.56979900598526
    },
    "MIDDLE_FINGER_PIP": {
        "x": 0.6568104028701782,
        "y": 0.5748676657676697
    },
    "MIDDLE_FINGER_DIP": {
        "x": 0.6024086475372314,
        "y": 0.6074326038360596
    },
    "MIDDLE_FINGER_TIP": {
        "x": 0.5650010108947754,
        "y": 0.6304832100868225
    },
    "RING_FINGER_MCP": {
        "x": 0.7638012170791626,
        "y": 0.592219889163971
    },
    "RING_FINGER_PIP": {
        "x": 0.7140993475914001,
        "y": 0.6013072729110718
    },
    "RING_FINGER_DIP": {
        "x": 0.6663808822631836,
        "y": 0.6183185577392578
    },
    "RING_FINGER_TIP": {
        "x": 0.636043906211853,
        "y": 0.6276545524597168
    },
    "PINKY_MCP": {
        "x": 0.794288158416748,
        "y": 0.617461621761322
    },
    "PINKY_PIP": {
        "x": 0.7804075479507446,
        "y": 0.6290916204452515
    },
    "PINKY_DIP": {
        "x": 0.7715243697166443,
        "y": 0.6352762579917908
    },
    "PINKY_TIP": {
        "x": 0.7635475993156433,
        "y": 0.6372570991516113
    }
}