{
    "WRIST": {
        "x": 0.7959200143814087,
        "y": 0.6943671107292175
    },
    "THUMB_CMC": {
        "x": 0.730546772480011,
        "y": 0.7085781097412109
    },
    "THUMB_MCP": {
        "x": 0.7070074081420898,
        "y": 0.7170062065124512
    },
    "THUMB_IP": {
        "x": 0.7373391389846802,
        "y": 0.739598274230957
    },
    "THUMB_TIP": {
        "x": 0.7842236757278442,
        "y": 0.7494196891784668
    },
    "INDEX_FINGER_MCP": {
        "x": 0.7257689237594604,
        "y": 0.6650297045707703
    },
    "INDEX_FINGER_PIP": {
        "x": 0.7427136898040771,
        "y": 0.7274817228317261
    },
    "INDEX_FINGER_DIP": {
        "x": 0.7605929970741272,
        "y": 0.7703118920326233
    },
    "INDEX_FINGER_TIP": {
        "x": 0.7814288139343262,
        "y": 0.7969084978103638
    },
    "MIDDLE_FINGER_MCP": {
        "x": 0.7887882590293884,
        "y": 0.6569233536720276
    },
    "MIDDLE_FINGER_PIP": {
        "x": 0.809941291809082,
        "y": 0.730696976184845
    },
    "MIDDLE_FINGER_DIP": {
        "x": 0.8125649094581604,
        "y": 0.7809792757034302
    },
    "MIDDLE_FINGER_TIP": {
        "x": 0.8111487030982971,
        "y": 0.8084880709648132
    },
    "RING_FINGER_MCP": {
        "x": 0.8433017134666443,
        "y": 0.664202094078064
    },
    "RING_FINGER_PIP": {
        "x": 0.8565126657485962,
        "y": 0.7362508177757263
    },
    "RING_FINGER_DIP": {
        "x": 0.8411134481430054,
        "y": 0.7770965099334717
    },
    "RING_FINGER_TIP": {
        "x": 0.822496771812439,
        "y": 0.7920854091644287
    },
    "PINKY_MCP": {
        "x": 0.881346583366394,
        "y": 0.6794390082359314
    },
    "PINKY_PIP": {
        "x": 0.8919628262519836,
        "y": 0.7281641364097595
    },
    "PINKY_DIP": {
        "x": 0.880121111869812,
        "y": 0.7574014067649841
    },
    "PINKY_TIP": {
        "x": 0.8610450625419617,
        "y": 0.7691402435302734
    }
}