{
    "WRIST": {
        "x": 0.8254985809326172,
        "y": 0.5993959307670593
    },
    "THUMB_CMC": {
        "x": 0.7547903656959534,
        "y": 0.5869948267936707
    },
    "THUMB_MCP": {
        "x": 0.6833423376083374,
        "y": 0.586933434009552
    },
    "THUMB_IP": {
        "x": 0.6357026696205139,
        "y": 0.6048433184623718
    },
    "THUMB_TIP": {
        "x": 0.6066544651985168,
        "y": 0.6242608428001404
    },
    "INDEX_FINGER_MCP": {
        "x": 0.6620007753372192,
        "y": 0.532371997833252
    },
    "INDEX_FINGER_PIP": {
        "x": 0.5761568546295166,
        "y": 0.5618497133255005
    },
    "INDEX_FINGER_DIP": {
        "x": 0.5362818241119385,
        "y": 0.5939130187034607
    },
    "INDEX_FINGER_TIP": {
        "x": 0.5151210427284241,
        "y": 0.6215207576751709
    },
    "MIDDLE_FINGER_MCP": {
        "x": 0.6970741748809814,
        "y": 0.5433369278907776
    },
    "MIDDLE_FINGER_PIP": {
        "x": 0.6055684089660645,
        "y": 0.5816164612770081
    },
    "MIDDLE_FINGER_DIP": {
        "x": 0.5560998320579529,
        "y": 0.618518590927124
    },
    "MIDDLE_FINGER_TIP": {
        "x": 0.5265674591064453,
        "y": 0.6464000940322876
    },
    "RING_FINGER_MCP": {
        "x": 0.7304019927978516,
        "y": 0.5657814741134644
    },
    "RING_FINGER_PIP": {
        "x": 0.6631035804748535,
        "y": 0.6123964190483093
    },
    "RING_FINGER_DIP": {
        "x": 0.6824524998664856,
        "y": 0.6202820539474487
    },
    "RING_FINGER_TIP": {
        "x": 0.7006754875183105,
        "y": 0.6127715110778809
    },
    "PINKY_MCP": {
        "x": 0.7573267817497253,
        "y": 0.5929577946662903
    },
    "PINKY_PIP": {
        "x": 0.7033015489578247,
        "y": 0.6342854499816895
    },
    "PINKY_DIP": {
        "x": 0.711273193359375,
        "y": 0.6334931254386902
    },
    "PINKY_TIP": {
        "x": 0.7237753868103027,
        "y": 0.6192589998245239
    }
}