{
    "WRIST": {
        "x": 0.7673813104629517,
        "y": 0.6511369943618774
    },
    "THUMB_CMC": {
        "x": 0.6932304501533508,
        "y": 0.648133397102356
    },
    "THUMB_MCP": {
        "x": 0.6383883953094482,
        "y": 0.640361487865448
    },
    "THUMB_IP": {
        "x": 0.6019265055656433,
        "y": 0.6444578766822815
    },
    "THUMB_TIP": {
        "x": 0.5727494955062866,
        "y": 0.6540666222572327
    },
    "INDEX_FINGER_MCP": {
        "x": 0.6543155312538147,
        "y": 0.5775833129882812
    },
    "INDEX_FINGER_PIP": {
        "x": 0.5824477672576904,
        "y": 0.595129668712616
    },
    "INDEX_FINGER_DIP": {
        "x": 0.5474798679351807,
        "y": 0.6331056356430054
    },
    "INDEX_FINGER_TIP": {
        "x": 0.5260875821113586,
        "y": 0.6618460416793823
    },
    "MIDDLE_FINGER_MCP": {
        "x": 0.699563205242157,
        "y": 0.5858818292617798
    },
    "MIDDLE_FINGER_PIP": {
        "x": 0.6122300624847412,
        "y": 0.6152091026306152
    },
    "MIDDLE_FINGER_DIP": {
        "x": 0.5723646283149719,
        "y": 0.6555512547492981
    },
    "MIDDLE_FINGER_TIP": {
        "x": 0.5546882152557373,
        "y": 0.683702826499939
    },
    "RING_FINGER_MCP": {
        "x": 0.7404252886772156,
        "y": 0.6067712306976318
    },
    "RING_FINGER_PIP": {
        "x": 0.6658377051353455,
        "y": 0.634922206401825
    },
    "RING_FINGER_DIP": {
        "x": 0.6448759436607361,
        "y": 0.6600615978240967
    },
    "RING_FINGER_TIP": {
        "x": 0.6424458026885986,
        "y": 0.674271285533905
    },
    "PINKY_MCP": {
        "x": 0.7727890014648438,
        "y": 0.6295748353004456
    },
    "PINKY_PIP": {
        "x": 0.7265501618385315,
        "y": 0.6574240326881409
    },
    "PINKY_DIP": {
        "x": 0.7132046818733215,
        "y": 0.6707642674446106
    },
    "PINKY_TIP": {
        "x": 0.7104852199554443,
        "y": 0.6746697425842285
    }
}