{
    "WRIST": {
        "x": 0.7948266267776489,
        "y": 0.6642664074897766
    },
    "THUMB_CMC": {
        "x": 0.8145703673362732,
        "y": 0.695317804813385
    },
    "THUMB_MCP": {
        "x": 0.8196232914924622,
        "y": 0.7149655222892761
    },
    "THUMB_IP": {
        "x": 0.8210869431495667,
        "y": 0.7396726012229919
    },
    "THUMB_TIP": {
        "x": 0.817508339881897,
        "y": 0.7581997513771057
    },
    "INDEX_FINGER_MCP": {
        "x": 0.841670036315918,
        "y": 0.6806374192237854
    },
    "INDEX_FINGER_PIP": {
        "x": 0.8359716534614563,
        "y": 0.7085698246955872
    },
    "INDEX_FINGER_DIP": {
        "x": 0.8195760250091553,
        "y": 0.7355825304985046
    },
    "INDEX_FINGER_TIP": {
        "x": 0.8058788776397705,
        "y": 0.7553958892822266
    },
    "MIDDLE_FINGER_MCP": {
        "x": 0.8009518980979919,
        "y": 0.6691051721572876
    },
    "MIDDLE_FINGER_PIP": {
        "x": 0.7982659339904785,
        "y": 0.6993650794029236
    },
    "MIDDLE_FINGER_DIP": {
        "x": 0.7859891653060913,
        "y": 0.728035032749176
    },
    "MIDDLE_FINGER_TIP": {
        "x": 0.774463415145874,
        "y": 0.7492425441741943
    },
    "RING_FINGER_MCP": {
        "x": 0.7648351192474365,
        "y": 0.6640838980674744
    },
    "RING_FINGER_PIP": {
        "x": 0.7560664415359497,
        "y": 0.7129337191581726
    },
    "RING_FINGER_DIP": {
        "x": 0.742735743522644,
        "y": 0.7501527667045593
    },
    "RING_FINGER_TIP": {
        "x": 0.7387604117393494,
        "y": 0.7738797068595886
    },
    "PINKY_MCP": {
        "x": 0.7352094650268555,
        "y": 0.6622636914253235
    },
    "PINKY_PIP": {
        "x": 0.7317260503768921,
        "y": 0.7074286937713623
    },
    "PINKY_DIP": {
        "x": 0.7265409231185913,
        "y": 0.7395246028900146
    },
    "PINKY_TIP": {
        "x": 0.7242326736450195,
        "y": 0.761063814163208
    }
}