{
    "WRIST": {
        "x": 0.7396161556243896,
        "y": 0.6113384962081909
    },
    "THUMB_CMC": {
        "x": 0.6739660501480103,
        "y": 0.6394446492195129
    },
    "THUMB_MCP": {
        "x": 0.6400040984153748,
        "y": 0.6576699614524841
    },
    "THUMB_IP": {
        "x": 0.6476143598556519,
        "y": 0.67645663022995
    },
    "THUMB_TIP": {
        "x": 0.6697826385498047,
        "y": 0.6862712502479553
    },
    "INDEX_FINGER_MCP": {
        "x": 0.6494323015213013,
        "y": 0.6159610748291016
    },
    "INDEX_FINGER_PIP": {
        "x": 0.6425909996032715,
        "y": 0.6640810370445251
    },
    "INDEX_FINGER_DIP": {
        "x": 0.6381232738494873,
        "y": 0.7023239135742188
    },
    "INDEX_FINGER_TIP": {
        "x": 0.6304829716682434,
        "y": 0.7241184711456299
    },
    "MIDDLE_FINGER_MCP": {
        "x": 0.7114859223365784,
        "y": 0.5976831316947937
    },
    "MIDDLE_FINGER_PIP": {
        "x": 0.7236059904098511,
        "y": 0.6537477970123291
    },
    "MIDDLE_FINGER_DIP": {
        "x": 0.7062940001487732,
        "y": 0.6804910898208618
    },
    "MIDDLE_FINGER_TIP": {
        "x": 0.6859654188156128,
        "y": 0.6843807101249695
    },
    "RING_FINGER_MCP": {
        "x": 0.7670073509216309,
        "y": 0.5938307642936707
    },
    "RING_FINGER_PIP": {
        "x": 0.7776105403900146,
        "y": 0.6499682068824768
    },
    "RING_FINGER_DIP": {
        "x": 0.7476527690887451,
        "y": 0.6631569266319275
    },
    "RING_FINGER_TIP": {
        "x": 0.7216406464576721,
        "y": 0.6556612253189087
    },
    "PINKY_MCP": {
        "x": 0.8111009001731873,
        "y": 0.5963123440742493
    },
    "PINKY_PIP": {
        "x": 0.8199217319488525,
        "y": 0.644598126411438
    },
    "PINKY_DIP": {
        "x": 0.7989977598190308,
        "y": 0.6561557650566101
    },
    "PINKY_TIP": {
        "x": 0.7777156829833984,
        "y": 0.6538180708885193
    }
}