{
    "WRIST": {
        "x": 0.7951420545578003,
        "y": 0.6368798613548279
    },
    "THUMB_CMC": {
        "x": 0.8343713283538818,
        "y": 0.6527451872825623
    },
    "THUMB_MCP": {
        "x": 0.8448389768600464,
        "y": 0.6851271390914917
    },
    "THUMB_IP": {
        "x": 0.8387387990951538,
        "y": 0.7136791348457336
    },
    "THUMB_TIP": {
        "x": 0.8231305480003357,
        "y": 0.7150107622146606
    },
    "INDEX_FINGER_MCP": {
        "x": 0.7860212922096252,
        "y": 0.6161412596702576
    },
    "INDEX_FINGER_PIP": {
        "x": 0.7805861234664917,
        "y": 0.6751314997673035
    },
    "INDEX_FINGER_DIP": {
        "x": 0.7992727160453796,
        "y": 0.702504575252533
    },
    "INDEX_FINGER_TIP": {
        "x": 0.8030593991279602,
        "y": 0.7162718176841736
    },
    "MIDDLE_FINGER_MCP": {
        "x": 0.7632284164428711,
        "y": 0.6188303828239441
    },
    "MIDDLE_FINGER_PIP": {
        "x": 0.7534456253051758,
        "y": 0.6898728013038635
    },
    "MIDDLE_FINGER_DIP": {
        "x": 0.7649472951889038,
        "y": 0.7416964173316956
    },
    "MIDDLE_FINGER_TIP": {
        "x": 0.7673945426940918,
        "y": 0.7764983773231506
    },
    "RING_FINGER_MCP": {
        "x": 0.7460018396377563,
        "y": 0.636051595211029
    },
    "RING_FINGER_PIP": {
        "x": 0.7331125140190125,
        "y": 0.7058700323104858
    },
    "RING_FINGER_DIP": {
        "x": 0.7341031432151794,
        "y": 0.756415605545044
    },
    "RING_FINGER_TIP": {
        "x": 0.7263010740280151,
        "y": 0.7913164496421814
    },
    "PINKY_MCP": {
        "x": 0.7341238260269165,
        "y": 0.6604446768760681
    },
    "PINKY_PIP": {
        "x": 0.7278937101364136,
        "y": 0.7107645273208618
    },
    "PINKY_DIP": {
        "x": 0.7376400232315063,
        "y": 0.7353283166885376
    },
    "PINKY_TIP": {
        "x": 0.7370765209197998,
        "y": 0.7486996054649353
    }
}