{
    "WRIST": {
        "x": 0.8024919629096985,
        "y": 0.6280422806739807
    },
    "THUMB_CMC": {
        "x": 0.7406173348426819,
        "y": 0.6485763788223267
    },
    "THUMB_MCP": {
        "x": 0.729037880897522,
        "y": 0.666111946105957
    },
    "THUMB_IP": {
        "x": 0.7674375772476196,
        "y": 0.6839566826820374
    },
    "THUMB_TIP": {
        "x": 0.8079773187637329,
        "y": 0.696548581123352
    },
    "INDEX_FINGER_MCP": {
        "x": 0.7279049158096313,
        "y": 0.6480925679206848
    },
    "INDEX_FINGER_PIP": {
        "x": 0.7434729933738708,
        "y": 0.6994327306747437
    },
    "INDEX_FINGER_DIP": {
        "x": 0.7615169286727905,
        "y": 0.7338646054267883
    },
    "INDEX_FINGER_TIP": {
        "x": 0.7728317379951477,
        "y": 0.7573848962783813
    },
    "MIDDLE_FINGER_MCP": {
        "x": 0.7843137979507446,
        "y": 0.6330157518386841
    },
    "MIDDLE_FINGER_PIP": {
        "x": 0.8086705803871155,
        "y": 0.6903756856918335
    },
    "MIDDLE_FINGER_DIP": {
        "x": 0.814445972442627,
        "y": 0.7262002229690552
    },
    "MIDDLE_FINGER_TIP": {
        "x": 0.8092533946037292,
        "y": 0.7473129034042358
    },
    "RING_FINGER_MCP": {
        "x": 0.8372122049331665,
        "y": 0.6273781657218933
    },
    "RING_FINGER_PIP": {
        "x": 0.8603110313415527,
        "y": 0.6748513579368591
    },
    "RING_FINGER_DIP": {
        "x": 0.8560032844543457,
        "y": 0.6984560489654541
    },
    "RING_FINGER_TIP": {
        "x": 0.8458404541015625,
        "y": 0.7062515616416931
    },
    "PINKY_MCP": {
        "x": 0.877672016620636,
        "y": 0.6246395111083984
    },
    "PINKY_PIP": {
        "x": 0.8950896859169006,
        "y": 0.658327043056488
    },
    "PINKY_DIP": {
        "x": 0.8920000791549683,
        "y": 0.6774491667747498
    },
    "PINKY_TIP": {
        "x": 0.8810509443283081,
        "y": 0.6876130104064941
    }
}