{
    "WRIST": {
        "x": 0.7611576318740845,
        "y": 0.6438154578208923
    },
    "THUMB_CMC": {
        "x": 0.6912545561790466,
        "y": 0.6401970982551575
    },
    "THUMB_MCP": {
        "x": 0.6412421464920044,
        "y": 0.631013035774231
    },
    "THUMB_IP": {
        "x": 0.6090953946113586,
        "y": 0.6321396827697754
    },
    "THUMB_TIP": {
        "x": 0.5890102982521057,
        "y": 0.6397679448127747
    },
    "INDEX_FINGER_MCP": {
        "x": 0.6433351039886475,
        "y": 0.5689327716827393
    },
    "INDEX_FINGER_PIP": {
        "x": 0.5751184821128845,
        "y": 0.5908010601997375
    },
    "INDEX_FINGER_DIP": {
        "x": 0.5444421768188477,
        "y": 0.6253771185874939
    },
    "INDEX_FINGER_TIP": {
        "x": 0.5241957902908325,
        "y": 0.6519230604171753
    },
    "MIDDLE_FINGER_MCP": {
        "x": 0.6862375736236572,
        "y": 0.5744599103927612
    },
    "MIDDLE_FINGER_PIP": {
        "x": 0.602484941482544,
        "y": 0.6139539480209351
    },
    "MIDDLE_FINGER_DIP": {
        "x": 0.5586239695549011,
        "y": 0.6531968712806702
    },
    "MIDDLE_FINGER_TIP": {
        "x": 0.5347267389297485,
        "y": 0.6809383630752563
    },
    "RING_FINGER_MCP": {
        "x": 0.726603090763092,
        "y": 0.5921522974967957
    },
    "RING_FINGER_PIP": {
        "x": 0.6637548804283142,
        "y": 0.6414883732795715
    },
    "RING_FINGER_DIP": {
        "x": 0.6717517375946045,
        "y": 0.6574229598045349
    },
    "RING_FINGER_TIP": {
        "x": 0.6867042183876038,
        "y": 0.6558159589767456
    },
    "PINKY_MCP": {
        "x": 0.7562536001205444,
        "y": 0.6142431497573853
    },
    "PINKY_PIP": {
        "x": 0.7053162455558777,
        "y": 0.6587430238723755
    },
    "PINKY_DIP": {
        "x": 0.711916446685791,
        "y": 0.6630451083183289
    },
    "PINKY_TIP": {
        "x": 0.7243888974189758,
        "y": 0.6507523655891418
    }
}