{
    "WRIST": {
        "x": 0.7641239762306213,
        "y": 0.6674067378044128
    },
    "THUMB_CMC": {
        "x": 0.8353550434112549,
        "y": 0.6771951913833618
    },
    "THUMB_MCP": {
        "x": 0.8720430135726929,
        "y": 0.7000563144683838
    },
    "THUMB_IP": {
        "x": 0.8697243332862854,
        "y": 0.7211820483207703
    },
    "THUMB_TIP": {
        "x": 0.8341665863990784,
        "y": 0.7136536836624146
    },
    "INDEX_FINGER_MCP": {
        "x": 0.8521387577056885,
        "y": 0.6355428695678711
    },
    "INDEX_FINGER_PIP": {
        "x": 0.8561217188835144,
        "y": 0.6862614154815674
    },
    "INDEX_FINGER_DIP": {
        "x": 0.8415577411651611,
        "y": 0.6900200247764587
    },
    "INDEX_FINGER_TIP": {
        "x": 0.8306563496589661,
        "y": 0.6826196312904358
    },
    "MIDDLE_FINGER_MCP": {
        "x": 0.7970739603042603,
        "y": 0.6220718622207642
    },
    "MIDDLE_FINGER_PIP": {
        "x": 0.7843870520591736,
        "y": 0.6980962157249451
    },
    "MIDDLE_FINGER_DIP": {
        "x": 0.7733782529830933,
        "y": 0.7437253594398499
    },
    "MIDDLE_FINGER_TIP": {
        "x": 0.772081196308136,
        "y": 0.7740553617477417
    },
    "RING_FINGER_MCP": {
        "x": 0.7457228899002075,
        "y": 0.6267188787460327
    },
    "RING_FINGER_PIP": {
        "x": 0.7325707077980042,
        "y": 0.7074319124221802
    },
    "RING_FINGER_DIP": {
        "x": 0.7246910333633423,
        "y": 0.7596889138221741
    },
    "RING_FINGER_TIP": {
        "x": 0.7248485088348389,
        "y": 0.797455906867981
    },
    "PINKY_MCP": {
        "x": 0.701309859752655,
        "y": 0.6428312063217163
    },
    "PINKY_PIP": {
        "x": 0.7031058669090271,
        "y": 0.6989330649375916
    },
    "PINKY_DIP": {
        "x": 0.7167948484420776,
        "y": 0.7280381917953491
    },
    "PINKY_TIP": {
        "x": 0.7318806648254395,
        "y": 0.7454236149787903
    }
}