{
    "WRIST": {
        "x": 0.8156365156173706,
        "y": 0.6025581955909729
    },
    "THUMB_CMC": {
        "x": 0.7445837259292603,
        "y": 0.5877496600151062
    },
    "THUMB_MCP": {
        "x": 0.6696019768714905,
        "y": 0.584502100944519
    },
    "THUMB_IP": {
        "x": 0.621472954750061,
        "y": 0.6033265590667725
    },
    "THUMB_TIP": {
        "x": 0.594614565372467,
        "y": 0.6247649192810059
    },
    "INDEX_FINGER_MCP": {
        "x": 0.654043972492218,
        "y": 0.5333660244941711
    },
    "INDEX_FINGER_PIP": {
        "x": 0.570127546787262,
        "y": 0.5655968189239502
    },
    "INDEX_FINGER_DIP": {
        "x": 0.5325586795806885,
        "y": 0.596310555934906
    },
    "INDEX_FINGER_TIP": {
        "x": 0.509534478187561,
        "y": 0.6226881742477417
    },
    "MIDDLE_FINGER_MCP": {
        "x": 0.6960495114326477,
        "y": 0.5455504655838013
    },
    "MIDDLE_FINGER_PIP": {
        "x": 0.6040809154510498,
        "y": 0.589004397392273
    },
    "MIDDLE_FINGER_DIP": {
        "x": 0.5517008304595947,
        "y": 0.6242105960845947
    },
    "MIDDLE_FINGER_TIP": {
        "x": 0.516848623752594,
        "y": 0.649567186832428
    },
    "RING_FINGER_MCP": {
        "x": 0.734228253364563,
        "y": 0.568952202796936
    },
    "RING_FINGER_PIP": {
        "x": 0.6622442007064819,
        "y": 0.618293821811676
    },
    "RING_FINGER_DIP": {
        "x": 0.6822516322135925,
        "y": 0.6235488057136536
    },
    "RING_FINGER_TIP": {
        "x": 0.7007127404212952,
        "y": 0.612639307975769
    },
    "PINKY_MCP": {
        "x": 0.7628766894340515,
        "y": 0.5974678993225098
    },
    "PINKY_PIP": {
        "x": 0.7016298174858093,
        "y": 0.6410865783691406
    },
    "PINKY_DIP": {
        "x": 0.7116202116012573,
        "y": 0.637640118598938
    },
    "PINKY_TIP": {
        "x": 0.7269592881202698,
        "y": 0.6194254159927368
    }
}