{
    "WRIST": {
        "x": 0.7708401679992676,
        "y": 0.6358751654624939
    },
    "THUMB_CMC": {
        "x": 0.7006407380104065,
        "y": 0.6349443793296814
    },
    "THUMB_MCP": {
        "x": 0.6429340839385986,
        "y": 0.6271619200706482
    },
    "THUMB_IP": {
        "x": 0.5957973003387451,
        "y": 0.6326238512992859
    },
    "THUMB_TIP": {
        "x": 0.5516303777694702,
        "y": 0.6451271772384644
    },
    "INDEX_FINGER_MCP": {
        "x": 0.6786446571350098,
        "y": 0.5734307169914246
    },
    "INDEX_FINGER_PIP": {
        "x": 0.6100680232048035,
        "y": 0.5862440466880798
    },
    "INDEX_FINGER_DIP": {
        "x": 0.5690414905548096,
        "y": 0.6205446720123291
    },
    "INDEX_FINGER_TIP": {
        "x": 0.5460754036903381,
        "y": 0.6497145295143127
    },
    "MIDDLE_FINGER_MCP": {
        "x": 0.7259786128997803,
        "y": 0.5787420868873596
    },
    "MIDDLE_FINGER_PIP": {
        "x": 0.663176953792572,
        "y": 0.5856035351753235
    },
    "MIDDLE_FINGER_DIP": {
        "x": 0.6193013191223145,
        "y": 0.6156005263328552
    },
    "MIDDLE_FINGER_TIP": {
        "x": 0.5983518362045288,
        "y": 0.6396214365959167
    },
    "RING_FINGER_MCP": {
        "x": 0.7684852480888367,
        "y": 0.5986207723617554
    },
    "RING_FINGER_PIP": {
        "x": 0.724241316318512,
        "y": 0.6006359457969666
    },
    "RING_FINGER_DIP": {
        "x": 0.6841041445732117,
        "y": 0.617168128490448
    },
    "RING_FINGER_TIP": {
        "x": 0.6593749523162842,
        "y": 0.6330823302268982
    },
    "PINKY_MCP": {
        "x": 0.8036603331565857,
        "y": 0.6244094967842102
    },
    "PINKY_PIP": {
        "x": 0.7986196279525757,
        "y": 0.636238157749176
    },
    "PINKY_DIP": {
        "x": 0.7981696128845215,
        "y": 0.6424617767333984
    },
    "PINKY_TIP": {
        "x": 0.7955831289291382,
        "y": 0.6501280069351196
    }
}