{
    "WRIST": {
        "x": 0.801356315612793,
        "y": 0.6075041890144348
    },
    "THUMB_CMC": {
        "x": 0.7369709610939026,
        "y": 0.5886331796646118
    },
    "THUMB_MCP": {
        "x": 0.6735982894897461,
        "y": 0.5836461186408997
    },
    "THUMB_IP": {
        "x": 0.6317812204360962,
        "y": 0.5996829271316528
    },
    "THUMB_TIP": {
        "x": 0.6145445704460144,
        "y": 0.6205857992172241
    },
    "INDEX_FINGER_MCP": {
        "x": 0.6557179093360901,
        "y": 0.5377311110496521
    },
    "INDEX_FINGER_PIP": {
        "x": 0.5807721614837646,
        "y": 0.5739026069641113
    },
    "INDEX_FINGER_DIP": {
        "x": 0.5422905683517456,
        "y": 0.6066603064537048
    },
    "INDEX_FINGER_TIP": {
        "x": 0.5156559944152832,
        "y": 0.6333858370780945
    },
    "MIDDLE_FINGER_MCP": {
        "x": 0.6924399137496948,
        "y": 0.5518680810928345
    },
    "MIDDLE_FINGER_PIP": {
        "x": 0.6066919565200806,
        "y": 0.5945825576782227
    },
    "MIDDLE_FINGER_DIP": {
        "x": 0.5546827912330627,
        "y": 0.6281505823135376
    },
    "MIDDLE_FINGER_TIP": {
        "x": 0.5193072557449341,
        "y": 0.6520470380783081
    },
    "RING_FINGER_MCP": {
        "x": 0.7285455465316772,
        "y": 0.5753373503684998
    },
    "RING_FINGER_PIP": {
        "x": 0.663732647895813,
        "y": 0.6202869415283203
    },
    "RING_FINGER_DIP": {
        "x": 0.6797411441802979,
        "y": 0.6262685060501099
    },
    "RING_FINGER_TIP": {
        "x": 0.6979818344116211,
        "y": 0.6173692941665649
    },
    "PINKY_MCP": {
        "x": 0.7548393607139587,
        "y": 0.6022094488143921
    },
    "PINKY_PIP": {
        "x": 0.6958662867546082,
        "y": 0.6428921222686768
    },
    "PINKY_DIP": {
        "x": 0.703158438205719,
        "y": 0.6408457159996033
    },
    "PINKY_TIP": {
        "x": 0.7185433506965637,
        "y": 0.6245630383491516
    }
}