{
    "WRIST": {
        "x": 0.7582080960273743,
        "y": 0.6259768009185791
    },
    "THUMB_CMC": {
        "x": 0.694571316242218,
        "y": 0.6502058506011963
    },
    "THUMB_MCP": {
        "x": 0.6829320192337036,
        "y": 0.6635521650314331
    },
    "THUMB_IP": {
        "x": 0.7207938432693481,
        "y": 0.6771599054336548
    },
    "THUMB_TIP": {
        "x": 0.7621583342552185,
        "y": 0.6895848512649536
    },
    "INDEX_FINGER_MCP": {
        "x": 0.6644148230552673,
        "y": 0.6357438564300537
    },
    "INDEX_FINGER_PIP": {
        "x": 0.6715854406356812,
        "y": 0.6941205263137817
    },
    "INDEX_FINGER_DIP": {
        "x": 0.6802317500114441,
        "y": 0.734075665473938
    },
    "INDEX_FINGER_TIP": {
        "x": 0.6835035085678101,
        "y": 0.7569719552993774
    },
    "MIDDLE_FINGER_MCP": {
        "x": 0.7333733439445496,
        "y": 0.6204572319984436
    },
    "MIDDLE_FINGER_PIP": {
        "x": 0.7674596905708313,
        "y": 0.6773629188537598
    },
    "MIDDLE_FINGER_DIP": {
        "x": 0.758800745010376,
        "y": 0.6995429992675781
    },
    "MIDDLE_FINGER_TIP": {
        "x": 0.7406354546546936,
        "y": 0.7047758102416992
    },
    "RING_FINGER_MCP": {
        "x": 0.7998624444007874,
        "y": 0.6174609065055847
    },
    "RING_FINGER_PIP": {
        "x": 0.8367248177528381,
        "y": 0.6700906157493591
    },
    "RING_FINGER_DIP": {
        "x": 0.8114522695541382,
        "y": 0.6797119379043579
    },
    "RING_FINGER_TIP": {
        "x": 0.7833665609359741,
        "y": 0.6732518672943115
    },
    "PINKY_MCP": {
        "x": 0.8589568734169006,
        "y": 0.6193259358406067
    },
    "PINKY_PIP": {
        "x": 0.8821232318878174,
        "y": 0.6626470685005188
    },
    "PINKY_DIP": {
        "x": 0.8582454323768616,
        "y": 0.6735487580299377
    },
    "PINKY_TIP": {
        "x": 0.8338345885276794,
        "y": 0.6729793548583984
    }
}