{
    "WRIST": {
        "x": 0.792407751083374,
        "y": 0.6083409786224365
    },
    "THUMB_CMC": {
        "x": 0.796446681022644,
        "y": 0.6256036758422852
    },
    "THUMB_MCP": {
        "x": 0.7881772518157959,
        "y": 0.6398093700408936
    },
    "THUMB_IP": {
        "x": 0.7712109684944153,
        "y": 0.6574519276618958
    },
    "THUMB_TIP": {
        "x": 0.7632229924201965,
        "y": 0.6749536991119385
    },
    "INDEX_FINGER_MCP": {
        "x": 0.7659555077552795,
        "y": 0.6156211495399475
    },
    "INDEX_FINGER_PIP": {
        "x": 0.7558342814445496,
        "y": 0.6592472791671753
    },
    "INDEX_FINGER_DIP": {
        "x": 0.7558073401451111,
        "y": 0.6959799528121948
    },
    "INDEX_FINGER_TIP": {
        "x": 0.7604127526283264,
        "y": 0.7249875068664551
    },
    "MIDDLE_FINGER_MCP": {
        "x": 0.7616263031959534,
        "y": 0.6097275614738464
    },
    "MIDDLE_FINGER_PIP": {
        "x": 0.7484675645828247,
        "y": 0.6622057557106018
    },
    "MIDDLE_FINGER_DIP": {
        "x": 0.7442688941955566,
        "y": 0.7075707912445068
    },
    "MIDDLE_FINGER_TIP": {
        "x": 0.747671902179718,
        "y": 0.7378330230712891
    },
    "RING_FINGER_MCP": {
        "x": 0.7593762874603271,
        "y": 0.6122157573699951
    },
    "RING_FINGER_PIP": {
        "x": 0.7491255402565002,
        "y": 0.66245436668396
    },
    "RING_FINGER_DIP": {
        "x": 0.7445155382156372,
        "y": 0.7060012221336365
    },
    "RING_FINGER_TIP": {
        "x": 0.7442008852958679,
        "y": 0.7291728258132935
    },
    "PINKY_MCP": {
        "x": 0.7535237669944763,
        "y": 0.6162607073783875
    },
    "PINKY_PIP": {
        "x": 0.7550245523452759,
        "y": 0.6595324873924255
    },
    "PINKY_DIP": {
        "x": 0.755182147026062,
        "y": 0.6913394331932068
    },
    "PINKY_TIP": {
        "x": 0.7578561305999756,
        "y": 0.7126713991165161
    }
}