{
    "WRIST": {
        "x": 0.825574517250061,
        "y": 0.6075788736343384
    },
    "THUMB_CMC": {
        "x": 0.755716860294342,
        "y": 0.590671956539154
    },
    "THUMB_MCP": {
        "x": 0.6890379190444946,
        "y": 0.5862959027290344
    },
    "THUMB_IP": {
        "x": 0.6388450860977173,
        "y": 0.5997829437255859
    },
    "THUMB_TIP": {
        "x": 0.6108423471450806,
        "y": 0.6215224266052246
    },
    "INDEX_FINGER_MCP": {
        "x": 0.6761651635169983,
        "y": 0.5325055122375488
    },
    "INDEX_FINGER_PIP": {
        "x": 0.5948829650878906,
        "y": 0.561957061290741
    },
    "INDEX_FINGER_DIP": {
        "x": 0.5476435422897339,
        "y": 0.5920201539993286
    },
    "INDEX_FINGER_TIP": {
        "x": 0.5155571103096008,
        "y": 0.6187419891357422
    },
    "MIDDLE_FINGER_MCP": {
        "x": 0.7121764421463013,
        "y": 0.5446500778198242
    },
    "MIDDLE_FINGER_PIP": {
        "x": 0.6174240708351135,
        "y": 0.5814592838287354
    },
    "MIDDLE_FINGER_DIP": {
        "x": 0.5626716613769531,
        "y": 0.6150143146514893
    },
    "MIDDLE_FINGER_TIP": {
        "x": 0.5294392108917236,
        "y": 0.6385664939880371
    },
    "RING_FINGER_MCP": {
        "x": 0.7455407381057739,
        "y": 0.5673461556434631
    },
    "RING_FINGER_PIP": {
        "x": 0.6651294231414795,
        "y": 0.6128787398338318
    },
    "RING_FINGER_DIP": {
        "x": 0.6795092821121216,
        "y": 0.622223973274231
    },
    "RING_FINGER_TIP": {
        "x": 0.7009629011154175,
        "y": 0.6140923500061035
    },
    "PINKY_MCP": {
        "x": 0.7681568264961243,
        "y": 0.5938982367515564
    },
    "PINKY_PIP": {
        "x": 0.7003878951072693,
        "y": 0.6357937455177307
    },
    "PINKY_DIP": {
        "x": 0.7076156139373779,
        "y": 0.6344460844993591
    },
    "PINKY_TIP": {
        "x": 0.7266176342964172,
        "y": 0.6176007986068726
    }
}