{
    "WRIST": {
        "x": 0.7817977070808411,
        "y": 0.6492148637771606
    },
    "THUMB_CMC": {
        "x": 0.7150793671607971,
        "y": 0.6543611884117126
    },
    "THUMB_MCP": {
        "x": 0.6723440289497375,
        "y": 0.6702205538749695
    },
    "THUMB_IP": {
        "x": 0.6742841601371765,
        "y": 0.6999284625053406
    },
    "THUMB_TIP": {
        "x": 0.6963921785354614,
        "y": 0.7226598262786865
    },
    "INDEX_FINGER_MCP": {
        "x": 0.6881463527679443,
        "y": 0.6191695332527161
    },
    "INDEX_FINGER_PIP": {
        "x": 0.679411768913269,
        "y": 0.6806502342224121
    },
    "INDEX_FINGER_DIP": {
        "x": 0.6837981343269348,
        "y": 0.7209149599075317
    },
    "INDEX_FINGER_TIP": {
        "x": 0.695480227470398,
        "y": 0.7479537725448608
    },
    "MIDDLE_FINGER_MCP": {
        "x": 0.7753026485443115,
        "y": 0.6108231544494629
    },
    "MIDDLE_FINGER_PIP": {
        "x": 0.767051637172699,
        "y": 0.6813117265701294
    },
    "MIDDLE_FINGER_DIP": {
        "x": 0.7595661282539368,
        "y": 0.7207895517349243
    },
    "MIDDLE_FINGER_TIP": {
        "x": 0.7590793967247009,
        "y": 0.7398496866226196
    },
    "RING_FINGER_MCP": {
        "x": 0.8472714424133301,
        "y": 0.6190819144248962
    },
    "RING_FINGER_PIP": {
        "x": 0.8287059664726257,
        "y": 0.6880008578300476
    },
    "RING_FINGER_DIP": {
        "x": 0.7913865447044373,
        "y": 0.6924268007278442
    },
    "RING_FINGER_TIP": {
        "x": 0.7750917673110962,
        "y": 0.6788424849510193
    },
    "PINKY_MCP": {
        "x": 0.8955404162406921,
        "y": 0.6354973316192627
    },
    "PINKY_PIP": {
        "x": 0.8662917017936707,
        "y": 0.7004612684249878
    },
    "PINKY_DIP": {
        "x": 0.8288888335227966,
        "y": 0.6991579532623291
    },
    "PINKY_TIP": {
        "x": 0.8126509785652161,
        "y": 0.6838441491127014
    }
}