{
    "WRIST": {
        "x": 0.8688411116600037,
        "y": 0.6607944369316101
    },
    "THUMB_CMC": {
        "x": 0.8119578957557678,
        "y": 0.6452926993370056
    },
    "THUMB_MCP": {
        "x": 0.7425128221511841,
        "y": 0.6372427940368652
    },
    "THUMB_IP": {
        "x": 0.6800348162651062,
        "y": 0.6414954662322998
    },
    "THUMB_TIP": {
        "x": 0.6439396739006042,
        "y": 0.6488264799118042
    },
    "INDEX_FINGER_MCP": {
        "x": 0.7103385329246521,
        "y": 0.6089593172073364
    },
    "INDEX_FINGER_PIP": {
        "x": 0.6428403258323669,
        "y": 0.6258196234703064
    },
    "INDEX_FINGER_DIP": {
        "x": 0.6551596522331238,
        "y": 0.6462036967277527
    },
    "INDEX_FINGER_TIP": {
        "x": 0.6802375316619873,
        "y": 0.6563727259635925
    },
    "MIDDLE_FINGER_MCP": {
        "x": 0.7129297256469727,
        "y": 0.6143652200698853
    },
    "MIDDLE_FINGER_PIP": {
        "x": 0.6386175155639648,
        "y": 0.636006772518158
    },
    "MIDDLE_FINGER_DIP": {
        "x": 0.65741366147995,
        "y": 0.6540510654449463
    },
    "MIDDLE_FINGER_TIP": {
        "x": 0.6870980262756348,
        "y": 0.6617247462272644
    },
    "RING_FINGER_MCP": {
        "x": 0.7246788144111633,
        "y": 0.6253184080123901
    },
    "RING_FINGER_PIP": {
        "x": 0.653383731842041,
        "y": 0.6466283798217773
    },
    "RING_FINGER_DIP": {
        "x": 0.6710481643676758,
        "y": 0.6598039269447327
    },
    "RING_FINGER_TIP": {
        "x": 0.6999289989471436,
        "y": 0.663819432258606
    },
    "PINKY_MCP": {
        "x": 0.7432917952537537,
        "y": 0.6384798884391785
    },
    "PINKY_PIP": {
        "x": 0.6886375546455383,
        "y": 0.6537129282951355
    },
    "PINKY_DIP": {
        "x": 0.6916249394416809,
        "y": 0.6651456952095032
    },
    "PINKY_TIP": {
        "x": 0.7047513723373413,
        "y": 0.6699908971786499
    }
}