{
    "WRIST": {
        "x": 0.7675440907478333,
        "y": 0.6989463567733765
    },
    "THUMB_CMC": {
        "x": 0.7023224234580994,
        "y": 0.7223061323165894
    },
    "THUMB_MCP": {
        "x": 0.6816692352294922,
        "y": 0.737510085105896
    },
    "THUMB_IP": {
        "x": 0.6988985538482666,
        "y": 0.7564420700073242
    },
    "THUMB_TIP": {
        "x": 0.7222617268562317,
        "y": 0.7711088061332703
    },
    "INDEX_FINGER_MCP": {
        "x": 0.6782274842262268,
        "y": 0.6702609062194824
    },
    "INDEX_FINGER_PIP": {
        "x": 0.7178358435630798,
        "y": 0.7179070711135864
    },
    "INDEX_FINGER_DIP": {
        "x": 0.7502053380012512,
        "y": 0.7585761547088623
    },
    "INDEX_FINGER_TIP": {
        "x": 0.7690302729606628,
        "y": 0.7842379808425903
    },
    "MIDDLE_FINGER_MCP": {
        "x": 0.7413633465766907,
        "y": 0.6527158617973328
    },
    "MIDDLE_FINGER_PIP": {
        "x": 0.7873027920722961,
        "y": 0.7054808139801025
    },
    "MIDDLE_FINGER_DIP": {
        "x": 0.8039441108703613,
        "y": 0.7558879852294922
    },
    "MIDDLE_FINGER_TIP": {
        "x": 0.807736873626709,
        "y": 0.7873771786689758
    },
    "RING_FINGER_MCP": {
        "x": 0.7982178926467896,
        "y": 0.6522451043128967
    },
    "RING_FINGER_PIP": {
        "x": 0.834980309009552,
        "y": 0.7135136127471924
    },
    "RING_FINGER_DIP": {
        "x": 0.837723433971405,
        "y": 0.7591918110847473
    },
    "RING_FINGER_TIP": {
        "x": 0.827886164188385,
        "y": 0.7830345630645752
    },
    "PINKY_MCP": {
        "x": 0.8403118848800659,
        "y": 0.6623048782348633
    },
    "PINKY_PIP": {
        "x": 0.8673649430274963,
        "y": 0.7073941230773926
    },
    "PINKY_DIP": {
        "x": 0.866007924079895,
        "y": 0.7407651543617249
    },
    "PINKY_TIP": {
        "x": 0.8516573905944824,
        "y": 0.7595876455307007
    }
}