{
    "WRIST": {
        "x": 0.8264538049697876,
        "y": 0.722466230392456
    },
    "THUMB_CMC": {
        "x": 0.892910361289978,
        "y": 0.7101937532424927
    },
    "THUMB_MCP": {
        "x": 0.9233834147453308,
        "y": 0.6800625324249268
    },
    "THUMB_IP": {
        "x": 0.9082561731338501,
        "y": 0.6486853957176208
    },
    "THUMB_TIP": {
        "x": 0.8871181011199951,
        "y": 0.6347262263298035
    },
    "INDEX_FINGER_MCP": {
        "x": 0.9445386528968811,
        "y": 0.6623926162719727
    },
    "INDEX_FINGER_PIP": {
        "x": 0.8883222937583923,
        "y": 0.6250895857810974
    },
    "INDEX_FINGER_DIP": {
        "x": 0.8603236079216003,
        "y": 0.6379042863845825
    },
    "INDEX_FINGER_TIP": {
        "x": 0.8596128225326538,
        "y": 0.6521353125572205
    },
    "MIDDLE_FINGER_MCP": {
        "x": 0.9036642909049988,
        "y": 0.6541399359703064
    },
    "MIDDLE_FINGER_PIP": {
        "x": 0.8390516638755798,
        "y": 0.6163282990455627
    },
    "MIDDLE_FINGER_DIP": {
        "x": 0.8160683512687683,
        "y": 0.6336257457733154
    },
    "MIDDLE_FINGER_TIP": {
        "x": 0.823366641998291,
        "y": 0.6484599113464355
    },
    "RING_FINGER_MCP": {
        "x": 0.8563980460166931,
        "y": 0.6488893628120422
    },
    "RING_FINGER_PIP": {
        "x": 0.8032881617546082,
        "y": 0.6096016764640808
    },
    "RING_FINGER_DIP": {
        "x": 0.7803129553794861,
        "y": 0.6237794756889343
    },
    "RING_FINGER_TIP": {
        "x": 0.7830858826637268,
        "y": 0.6381627917289734
    },
    "PINKY_MCP": {
        "x": 0.8082659244537354,
        "y": 0.6465736031532288
    },
    "PINKY_PIP": {
        "x": 0.7700126767158508,
        "y": 0.6082779169082642
    },
    "PINKY_DIP": {
        "x": 0.7494921088218689,
        "y": 0.6005146503448486
    },
    "PINKY_TIP": {
        "x": 0.7410068511962891,
        "y": 0.5966426134109497
    }
}