{
    "WRIST": {
        "x": 0.841592013835907,
        "y": 0.6049107909202576
    },
    "THUMB_CMC": {
        "x": 0.7682000398635864,
        "y": 0.5915318131446838
    },
    "THUMB_MCP": {
        "x": 0.6923890709877014,
        "y": 0.5899597406387329
    },
    "THUMB_IP": {
        "x": 0.6445211172103882,
        "y": 0.606488049030304
    },
    "THUMB_TIP": {
        "x": 0.6192530989646912,
        "y": 0.6266885995864868
    },
    "INDEX_FINGER_MCP": {
        "x": 0.6751341819763184,
        "y": 0.5350298285484314
    },
    "INDEX_FINGER_PIP": {
        "x": 0.5887920260429382,
        "y": 0.5674439072608948
    },
    "INDEX_FINGER_DIP": {
        "x": 0.5520196557044983,
        "y": 0.5972647070884705
    },
    "INDEX_FINGER_TIP": {
        "x": 0.5300395488739014,
        "y": 0.6221699714660645
    },
    "MIDDLE_FINGER_MCP": {
        "x": 0.7097692489624023,
        "y": 0.546220600605011
    },
    "MIDDLE_FINGER_PIP": {
        "x": 0.6167190074920654,
        "y": 0.5875867009162903
    },
    "MIDDLE_FINGER_DIP": {
        "x": 0.5681120157241821,
        "y": 0.6235857009887695
    },
    "MIDDLE_FINGER_TIP": {
        "x": 0.5371264219284058,
        "y": 0.6510358452796936
    },
    "RING_FINGER_MCP": {
        "x": 0.7407546043395996,
        "y": 0.5688413977622986
    },
    "RING_FINGER_PIP": {
        "x": 0.6692858338356018,
        "y": 0.6159610152244568
    },
    "RING_FINGER_DIP": {
        "x": 0.6888716220855713,
        "y": 0.6256117820739746
    },
    "RING_FINGER_TIP": {
        "x": 0.7079885601997375,
        "y": 0.620261549949646
    },
    "PINKY_MCP": {
        "x": 0.7650672197341919,
        "y": 0.5962715744972229
    },
    "PINKY_PIP": {
        "x": 0.7067852020263672,
        "y": 0.633569598197937
    },
    "PINKY_DIP": {
        "x": 0.7160627841949463,
        "y": 0.6349233984947205
    },
    "PINKY_TIP": {
        "x": 0.7292130589485168,
        "y": 0.6241347789764404
    }
}