{
    "WRIST": {
        "x": 0.8235507011413574,
        "y": 0.6239761710166931
    },
    "THUMB_CMC": {
        "x": 0.7351440787315369,
        "y": 0.6118050217628479
    },
    "THUMB_MCP": {
        "x": 0.669137716293335,
        "y": 0.5980505347251892
    },
    "THUMB_IP": {
        "x": 0.614815890789032,
        "y": 0.598944365978241
    },
    "THUMB_TIP": {
        "x": 0.5697051286697388,
        "y": 0.6069992184638977
    },
    "INDEX_FINGER_MCP": {
        "x": 0.6928836107254028,
        "y": 0.5506880879402161
    },
    "INDEX_FINGER_PIP": {
        "x": 0.6286615133285522,
        "y": 0.562425971031189
    },
    "INDEX_FINGER_DIP": {
        "x": 0.5835893750190735,
        "y": 0.5947129130363464
    },
    "INDEX_FINGER_TIP": {
        "x": 0.5529648065567017,
        "y": 0.6180148124694824
    },
    "MIDDLE_FINGER_MCP": {
        "x": 0.7292526960372925,
        "y": 0.5598843693733215
    },
    "MIDDLE_FINGER_PIP": {
        "x": 0.644665002822876,
        "y": 0.5765138268470764
    },
    "MIDDLE_FINGER_DIP": {
        "x": 0.5926716923713684,
        "y": 0.612141489982605
    },
    "MIDDLE_FINGER_TIP": {
        "x": 0.5634768009185791,
        "y": 0.637870728969574
    },
    "RING_FINGER_MCP": {
        "x": 0.7632685899734497,
        "y": 0.5782869458198547
    },
    "RING_FINGER_PIP": {
        "x": 0.688626229763031,
        "y": 0.5933747887611389
    },
    "RING_FINGER_DIP": {
        "x": 0.6459614038467407,
        "y": 0.6199843883514404
    },
    "RING_FINGER_TIP": {
        "x": 0.6261062622070312,
        "y": 0.6376211643218994
    },
    "PINKY_MCP": {
        "x": 0.7913522720336914,
        "y": 0.5979757308959961
    },
    "PINKY_PIP": {
        "x": 0.7464101314544678,
        "y": 0.6131011843681335
    },
    "PINKY_DIP": {
        "x": 0.7204631567001343,
        "y": 0.6282430291175842
    },
    "PINKY_TIP": {
        "x": 0.7043420076370239,
        "y": 0.6359192132949829
    }
}