{
    "WRIST": {
        "x": 0.7328208684921265,
        "y": 0.6532905697822571
    },
    "THUMB_CMC": {
        "x": 0.6750108003616333,
        "y": 0.6588939428329468
    },
    "THUMB_MCP": {
        "x": 0.6309239268302917,
        "y": 0.671775221824646
    },
    "THUMB_IP": {
        "x": 0.6167990565299988,
        "y": 0.7028276920318604
    },
    "THUMB_TIP": {
        "x": 0.6272393465042114,
        "y": 0.7283315658569336
    },
    "INDEX_FINGER_MCP": {
        "x": 0.671403706073761,
        "y": 0.6099337339401245
    },
    "INDEX_FINGER_PIP": {
        "x": 0.6789060831069946,
        "y": 0.6016644835472107
    },
    "INDEX_FINGER_DIP": {
        "x": 0.6804072856903076,
        "y": 0.6040903925895691
    },
    "INDEX_FINGER_TIP": {
        "x": 0.6832485198974609,
        "y": 0.6125150918960571
    },
    "MIDDLE_FINGER_MCP": {
        "x": 0.7398883104324341,
        "y": 0.6008506417274475
    },
    "MIDDLE_FINGER_PIP": {
        "x": 0.7534145712852478,
        "y": 0.6301862597465515
    },
    "MIDDLE_FINGER_DIP": {
        "x": 0.7510535717010498,
        "y": 0.655883252620697
    },
    "MIDDLE_FINGER_TIP": {
        "x": 0.7538029551506042,
        "y": 0.6687118411064148
    },
    "RING_FINGER_MCP": {
        "x": 0.79484623670578,
        "y": 0.6090428829193115
    },
    "RING_FINGER_PIP": {
        "x": 0.793598473072052,
        "y": 0.6560845971107483
    },
    "RING_FINGER_DIP": {
        "x": 0.7673102617263794,
        "y": 0.6727747917175293
    },
    "RING_FINGER_TIP": {
        "x": 0.7582817077636719,
        "y": 0.6721189618110657
    },
    "PINKY_MCP": {
        "x": 0.8281810879707336,
        "y": 0.6237072348594666
    },
    "PINKY_PIP": {
        "x": 0.8106856942176819,
        "y": 0.6700838208198547
    },
    "PINKY_DIP": {
        "x": 0.7831209301948547,
        "y": 0.6822907328605652
    },
    "PINKY_TIP": {
        "x": 0.7710851430892944,
        "y": 0.6772453784942627
    }
}