{
    "WRIST": {
        "x": 0.7434765696525574,
        "y": 0.6514729261398315
    },
    "THUMB_CMC": {
        "x": 0.7395215630531311,
        "y": 0.6616155505180359
    },
    "THUMB_MCP": {
        "x": 0.7364940643310547,
        "y": 0.6742663383483887
    },
    "THUMB_IP": {
        "x": 0.7335864901542664,
        "y": 0.6896665692329407
    },
    "THUMB_TIP": {
        "x": 0.7361268401145935,
        "y": 0.7102152109146118
    },
    "INDEX_FINGER_MCP": {
        "x": 0.716153085231781,
        "y": 0.6646436452865601
    },
    "INDEX_FINGER_PIP": {
        "x": 0.7227941751480103,
        "y": 0.7059866786003113
    },
    "INDEX_FINGER_DIP": {
        "x": 0.7336196899414062,
        "y": 0.7395593523979187
    },
    "INDEX_FINGER_TIP": {
        "x": 0.7415432929992676,
        "y": 0.7675600051879883
    },
    "MIDDLE_FINGER_MCP": {
        "x": 0.7306860089302063,
        "y": 0.6653800010681152
    },
    "MIDDLE_FINGER_PIP": {
        "x": 0.7341441512107849,
        "y": 0.711700439453125
    },
    "MIDDLE_FINGER_DIP": {
        "x": 0.7311568260192871,
        "y": 0.7535866498947144
    },
    "MIDDLE_FINGER_TIP": {
        "x": 0.7318715453147888,
        "y": 0.787323534488678
    },
    "RING_FINGER_MCP": {
        "x": 0.7452548742294312,
        "y": 0.6686581373214722
    },
    "RING_FINGER_PIP": {
        "x": 0.7532352209091187,
        "y": 0.7145625948905945
    },
    "RING_FINGER_DIP": {
        "x": 0.7489714622497559,
        "y": 0.7558466196060181
    },
    "RING_FINGER_TIP": {
        "x": 0.7476242184638977,
        "y": 0.7820071578025818
    },
    "PINKY_MCP": {
        "x": 0.7551299929618835,
        "y": 0.670024037361145
    },
    "PINKY_PIP": {
        "x": 0.7735243439674377,
        "y": 0.7088336944580078
    },
    "PINKY_DIP": {
        "x": 0.7729839086532593,
        "y": 0.739743709564209
    },
    "PINKY_TIP": {
        "x": 0.7715274095535278,
        "y": 0.7645941972732544
    }
}