{
    "WRIST": {
        "x": 0.8319705128669739,
        "y": 0.6500827670097351
    },
    "THUMB_CMC": {
        "x": 0.764816403388977,
        "y": 0.6734378933906555
    },
    "THUMB_MCP": {
        "x": 0.7409871220588684,
        "y": 0.6892004013061523
    },
    "THUMB_IP": {
        "x": 0.7641525268554688,
        "y": 0.7040891051292419
    },
    "THUMB_TIP": {
        "x": 0.7986606359481812,
        "y": 0.7168911099433899
    },
    "INDEX_FINGER_MCP": {
        "x": 0.7496472597122192,
        "y": 0.650041937828064
    },
    "INDEX_FINGER_PIP": {
        "x": 0.7852919101715088,
        "y": 0.7001755237579346
    },
    "INDEX_FINGER_DIP": {
        "x": 0.8194876909255981,
        "y": 0.7451283931732178
    },
    "INDEX_FINGER_TIP": {
        "x": 0.8408297300338745,
        "y": 0.780637264251709
    },
    "MIDDLE_FINGER_MCP": {
        "x": 0.8160273432731628,
        "y": 0.6326411962509155
    },
    "MIDDLE_FINGER_PIP": {
        "x": 0.8567148447036743,
        "y": 0.684743344783783
    },
    "MIDDLE_FINGER_DIP": {
        "x": 0.8751119375228882,
        "y": 0.7383521199226379
    },
    "MIDDLE_FINGER_TIP": {
        "x": 0.8796034455299377,
        "y": 0.7761456966400146
    },
    "RING_FINGER_MCP": {
        "x": 0.876713752746582,
        "y": 0.6283562779426575
    },
    "RING_FINGER_PIP": {
        "x": 0.9132187366485596,
        "y": 0.6748722791671753
    },
    "RING_FINGER_DIP": {
        "x": 0.9135614633560181,
        "y": 0.7160292267799377
    },
    "RING_FINGER_TIP": {
        "x": 0.9048370122909546,
        "y": 0.7382730841636658
    },
    "PINKY_MCP": {
        "x": 0.9244457483291626,
        "y": 0.6312921643257141
    },
    "PINKY_PIP": {
        "x": 0.951988935470581,
        "y": 0.6636693477630615
    },
    "PINKY_DIP": {
        "x": 0.9522718191146851,
        "y": 0.692226767539978
    },
    "PINKY_TIP": {
        "x": 0.9412896633148193,
        "y": 0.7126158475875854
    }
}