{
    "WRIST": {
        "x": 0.7238070964813232,
        "y": 0.6380488872528076
    },
    "THUMB_CMC": {
        "x": 0.6690139174461365,
        "y": 0.6357386112213135
    },
    "THUMB_MCP": {
        "x": 0.6279115676879883,
        "y": 0.6328384876251221
    },
    "THUMB_IP": {
        "x": 0.6007924675941467,
        "y": 0.6404527425765991
    },
    "THUMB_TIP": {
        "x": 0.5899818539619446,
        "y": 0.6519379615783691
    },
    "INDEX_FINGER_MCP": {
        "x": 0.6545776724815369,
        "y": 0.5681579113006592
    },
    "INDEX_FINGER_PIP": {
        "x": 0.594286322593689,
        "y": 0.5909221768379211
    },
    "INDEX_FINGER_DIP": {
        "x": 0.5587766170501709,
        "y": 0.6309147477149963
    },
    "INDEX_FINGER_TIP": {
        "x": 0.5347216129302979,
        "y": 0.6621454954147339
    },
    "MIDDLE_FINGER_MCP": {
        "x": 0.7042593955993652,
        "y": 0.5741356015205383
    },
    "MIDDLE_FINGER_PIP": {
        "x": 0.6269661784172058,
        "y": 0.6053877472877502
    },
    "MIDDLE_FINGER_DIP": {
        "x": 0.5906686782836914,
        "y": 0.6424661874771118
    },
    "MIDDLE_FINGER_TIP": {
        "x": 0.5694049596786499,
        "y": 0.6630500555038452
    },
    "RING_FINGER_MCP": {
        "x": 0.7446587085723877,
        "y": 0.5944684743881226
    },
    "RING_FINGER_PIP": {
        "x": 0.6817304491996765,
        "y": 0.630557119846344
    },
    "RING_FINGER_DIP": {
        "x": 0.6647103428840637,
        "y": 0.6506485342979431
    },
    "RING_FINGER_TIP": {
        "x": 0.6632326245307922,
        "y": 0.654063880443573
    },
    "PINKY_MCP": {
        "x": 0.7740592956542969,
        "y": 0.6208292245864868
    },
    "PINKY_PIP": {
        "x": 0.7260818481445312,
        "y": 0.6535930037498474
    },
    "PINKY_DIP": {
        "x": 0.7188930511474609,
        "y": 0.6628660559654236
    },
    "PINKY_TIP": {
        "x": 0.7220907211303711,
        "y": 0.6616047620773315
    }
}