{
    "WRIST": {
        "x": 0.7144322991371155,
        "y": 0.6284140944480896
    },
    "THUMB_CMC": {
        "x": 0.6564171314239502,
        "y": 0.6461650133132935
    },
    "THUMB_MCP": {
        "x": 0.610837996006012,
        "y": 0.6551414728164673
    },
    "THUMB_IP": {
        "x": 0.5887935161590576,
        "y": 0.6744022369384766
    },
    "THUMB_TIP": {
        "x": 0.5857465863227844,
        "y": 0.6902858018875122
    },
    "INDEX_FINGER_MCP": {
        "x": 0.6319695711135864,
        "y": 0.5922706127166748
    },
    "INDEX_FINGER_PIP": {
        "x": 0.612453818321228,
        "y": 0.6324306726455688
    },
    "INDEX_FINGER_DIP": {
        "x": 0.5968905687332153,
        "y": 0.6642939448356628
    },
    "INDEX_FINGER_TIP": {
        "x": 0.5835491418838501,
        "y": 0.6825443506240845
    },
    "MIDDLE_FINGER_MCP": {
        "x": 0.6819337606430054,
        "y": 0.5798718929290771
    },
    "MIDDLE_FINGER_PIP": {
        "x": 0.6734493374824524,
        "y": 0.6304824352264404
    },
    "MIDDLE_FINGER_DIP": {
        "x": 0.6611475348472595,
        "y": 0.6632701754570007
    },
    "MIDDLE_FINGER_TIP": {
        "x": 0.6450492739677429,
        "y": 0.6740525364875793
    },
    "RING_FINGER_MCP": {
        "x": 0.7293685674667358,
        "y": 0.5853795409202576
    },
    "RING_FINGER_PIP": {
        "x": 0.7325291633605957,
        "y": 0.6367253661155701
    },
    "RING_FINGER_DIP": {
        "x": 0.7161505222320557,
        "y": 0.6575279831886292
    },
    "RING_FINGER_TIP": {
        "x": 0.7006416916847229,
        "y": 0.6561862826347351
    },
    "PINKY_MCP": {
        "x": 0.7663984894752502,
        "y": 0.599230170249939
    },
    "PINKY_PIP": {
        "x": 0.7699623703956604,
        "y": 0.6424368023872375
    },
    "PINKY_DIP": {
        "x": 0.7592848539352417,
        "y": 0.6574534177780151
    },
    "PINKY_TIP": {
        "x": 0.74695885181427,
        "y": 0.6561914086341858
    }
}