{
    "WRIST": {
        "x": 0.8345144987106323,
        "y": 0.6339594125747681
    },
    "THUMB_CMC": {
        "x": 0.8137216567993164,
        "y": 0.6537403464317322
    },
    "THUMB_MCP": {
        "x": 0.7855882048606873,
        "y": 0.6613460779190063
    },
    "THUMB_IP": {
        "x": 0.7625243663787842,
        "y": 0.6726171970367432
    },
    "THUMB_TIP": {
        "x": 0.7468551397323608,
        "y": 0.6863962411880493
    },
    "INDEX_FINGER_MCP": {
        "x": 0.7557608485221863,
        "y": 0.6176312565803528
    },
    "INDEX_FINGER_PIP": {
        "x": 0.7293915152549744,
        "y": 0.6618893146514893
    },
    "INDEX_FINGER_DIP": {
        "x": 0.7319973111152649,
        "y": 0.706143319606781
    },
    "INDEX_FINGER_TIP": {
        "x": 0.7408288717269897,
        "y": 0.7436608076095581
    },
    "MIDDLE_FINGER_MCP": {
        "x": 0.7702085375785828,
        "y": 0.6083996891975403
    },
    "MIDDLE_FINGER_PIP": {
        "x": 0.7297827005386353,
        "y": 0.6591126918792725
    },
    "MIDDLE_FINGER_DIP": {
        "x": 0.7292379140853882,
        "y": 0.7126590013504028
    },
    "MIDDLE_FINGER_TIP": {
        "x": 0.7370887994766235,
        "y": 0.7530367970466614
    },
    "RING_FINGER_MCP": {
        "x": 0.790222704410553,
        "y": 0.6119481325149536
    },
    "RING_FINGER_PIP": {
        "x": 0.7553657293319702,
        "y": 0.6589930057525635
    },
    "RING_FINGER_DIP": {
        "x": 0.7534428834915161,
        "y": 0.7099978923797607
    },
    "RING_FINGER_TIP": {
        "x": 0.7546706199645996,
        "y": 0.7449163198471069
    },
    "PINKY_MCP": {
        "x": 0.8070268630981445,
        "y": 0.6206244826316833
    },
    "PINKY_PIP": {
        "x": 0.7900781631469727,
        "y": 0.6599137187004089
    },
    "PINKY_DIP": {
        "x": 0.7826941013336182,
        "y": 0.6961184740066528
    },
    "PINKY_TIP": {
        "x": 0.7762689590454102,
        "y": 0.7260175347328186
    }
}