{
    "WRIST": {
        "x": 0.8106426000595093,
        "y": 0.6289031505584717
    },
    "THUMB_CMC": {
        "x": 0.734937310218811,
        "y": 0.6307471990585327
    },
    "THUMB_MCP": {
        "x": 0.6651724576950073,
        "y": 0.624337911605835
    },
    "THUMB_IP": {
        "x": 0.6079795360565186,
        "y": 0.6300095915794373
    },
    "THUMB_TIP": {
        "x": 0.5669450163841248,
        "y": 0.6442760825157166
    },
    "INDEX_FINGER_MCP": {
        "x": 0.6787009239196777,
        "y": 0.5736916065216064
    },
    "INDEX_FINGER_PIP": {
        "x": 0.6406623125076294,
        "y": 0.5850395560264587
    },
    "INDEX_FINGER_DIP": {
        "x": 0.6196483373641968,
        "y": 0.6176270842552185
    },
    "INDEX_FINGER_TIP": {
        "x": 0.6061791777610779,
        "y": 0.6395988464355469
    },
    "MIDDLE_FINGER_MCP": {
        "x": 0.7250389456748962,
        "y": 0.5732588171958923
    },
    "MIDDLE_FINGER_PIP": {
        "x": 0.693524956703186,
        "y": 0.5866169333457947
    },
    "MIDDLE_FINGER_DIP": {
        "x": 0.6689184308052063,
        "y": 0.6192276477813721
    },
    "MIDDLE_FINGER_TIP": {
        "x": 0.652666449546814,
        "y": 0.637261688709259
    },
    "RING_FINGER_MCP": {
        "x": 0.7690378427505493,
        "y": 0.5878100395202637
    },
    "RING_FINGER_PIP": {
        "x": 0.7427471280097961,
        "y": 0.6005405187606812
    },
    "RING_FINGER_DIP": {
        "x": 0.7216778993606567,
        "y": 0.6230842471122742
    },
    "RING_FINGER_TIP": {
        "x": 0.710287868976593,
        "y": 0.6338616013526917
    },
    "PINKY_MCP": {
        "x": 0.8043897747993469,
        "y": 0.6062234044075012
    },
    "PINKY_PIP": {
        "x": 0.7993123531341553,
        "y": 0.625369668006897
    },
    "PINKY_DIP": {
        "x": 0.7919560074806213,
        "y": 0.6404434442520142
    },
    "PINKY_TIP": {
        "x": 0.7824492454528809,
        "y": 0.6471370458602905
    }
}