{
    "WRIST": {
        "x": 0.848188579082489,
        "y": 0.667121946811676
    },
    "THUMB_CMC": {
        "x": 0.7496823072433472,
        "y": 0.6528297662734985
    },
    "THUMB_MCP": {
        "x": 0.6591981649398804,
        "y": 0.6083835363388062
    },
    "THUMB_IP": {
        "x": 0.5885117650032043,
        "y": 0.580681562423706
    },
    "THUMB_TIP": {
        "x": 0.5229964256286621,
        "y": 0.568915069103241
    },
    "INDEX_FINGER_MCP": {
        "x": 0.7503770589828491,
        "y": 0.5284082889556885
    },
    "INDEX_FINGER_PIP": {
        "x": 0.7530957460403442,
        "y": 0.4646584987640381
    },
    "INDEX_FINGER_DIP": {
        "x": 0.752622127532959,
        "y": 0.42954879999160767
    },
    "INDEX_FINGER_TIP": {
        "x": 0.752768337726593,
        "y": 0.40085530281066895
    },
    "MIDDLE_FINGER_MCP": {
        "x": 0.8190638422966003,
        "y": 0.5299391150474548
    },
    "MIDDLE_FINGER_PIP": {
        "x": 0.8295407891273499,
        "y": 0.5031729340553284
    },
    "MIDDLE_FINGER_DIP": {
        "x": 0.8282670974731445,
        "y": 0.5549441576004028
    },
    "MIDDLE_FINGER_TIP": {
        "x": 0.8310837149620056,
        "y": 0.5891432762145996
    },
    "RING_FINGER_MCP": {
        "x": 0.8777841329574585,
        "y": 0.5422252416610718
    },
    "RING_FINGER_PIP": {
        "x": 0.8904078006744385,
        "y": 0.5173876285552979
    },
    "RING_FINGER_DIP": {
        "x": 0.8752161860466003,
        "y": 0.5651417374610901
    },
    "RING_FINGER_TIP": {
        "x": 0.866868793964386,
        "y": 0.594601035118103
    },
    "PINKY_MCP": {
        "x": 0.9310826063156128,
        "y": 0.5617624521255493
    },
    "PINKY_PIP": {
        "x": 0.9414286613464355,
        "y": 0.5382677316665649
    },
    "PINKY_DIP": {
        "x": 0.9205125570297241,
        "y": 0.5698727965354919
    },
    "PINKY_TIP": {
        "x": 0.907302737236023,
        "y": 0.5907846093177795
    }
}