{
    "WRIST": {
        "x": 0.8314096927642822,
        "y": 0.5956569314002991
    },
    "THUMB_CMC": {
        "x": 0.7520461082458496,
        "y": 0.5949695706367493
    },
    "THUMB_MCP": {
        "x": 0.6965987682342529,
        "y": 0.5769445300102234
    },
    "THUMB_IP": {
        "x": 0.6632667183876038,
        "y": 0.5610122680664062
    },
    "THUMB_TIP": {
        "x": 0.6332678198814392,
        "y": 0.5507732033729553
    },
    "INDEX_FINGER_MCP": {
        "x": 0.7188820242881775,
        "y": 0.5232527256011963
    },
    "INDEX_FINGER_PIP": {
        "x": 0.6895008683204651,
        "y": 0.5479678511619568
    },
    "INDEX_FINGER_DIP": {
        "x": 0.7018262147903442,
        "y": 0.5877591371536255
    },
    "INDEX_FINGER_TIP": {
        "x": 0.7153154015541077,
        "y": 0.6159690618515015
    },
    "MIDDLE_FINGER_MCP": {
        "x": 0.7833843231201172,
        "y": 0.5213295817375183
    },
    "MIDDLE_FINGER_PIP": {
        "x": 0.7548249363899231,
        "y": 0.5599159598350525
    },
    "MIDDLE_FINGER_DIP": {
        "x": 0.7575433254241943,
        "y": 0.6054633855819702
    },
    "MIDDLE_FINGER_TIP": {
        "x": 0.764087438583374,
        "y": 0.6307547092437744
    },
    "RING_FINGER_MCP": {
        "x": 0.8405280709266663,
        "y": 0.5319951176643372
    },
    "RING_FINGER_PIP": {
        "x": 0.8184325695037842,
        "y": 0.5694921016693115
    },
    "RING_FINGER_DIP": {
        "x": 0.8055955767631531,
        "y": 0.6099332571029663
    },
    "RING_FINGER_TIP": {
        "x": 0.8002456426620483,
        "y": 0.63309246301651
    },
    "PINKY_MCP": {
        "x": 0.8927613496780396,
        "y": 0.5458654165267944
    },
    "PINKY_PIP": {
        "x": 0.8797231912612915,
        "y": 0.5771738886833191
    },
    "PINKY_DIP": {
        "x": 0.8541683554649353,
        "y": 0.604892909526825
    },
    "PINKY_TIP": {
        "x": 0.8379479646682739,
        "y": 0.6247841119766235
    }
}