{
    "WRIST": {
        "x": 0.7980268597602844,
        "y": 0.656256377696991
    },
    "THUMB_CMC": {
        "x": 0.710785448551178,
        "y": 0.6384183168411255
    },
    "THUMB_MCP": {
        "x": 0.634773850440979,
        "y": 0.5982058644294739
    },
    "THUMB_IP": {
        "x": 0.5743194222450256,
        "y": 0.5716574192047119
    },
    "THUMB_TIP": {
        "x": 0.5149024724960327,
        "y": 0.5614485740661621
    },
    "INDEX_FINGER_MCP": {
        "x": 0.7107070684432983,
        "y": 0.5317225456237793
    },
    "INDEX_FINGER_PIP": {
        "x": 0.7086942791938782,
        "y": 0.4751228392124176
    },
    "INDEX_FINGER_DIP": {
        "x": 0.704014778137207,
        "y": 0.4468498229980469
    },
    "INDEX_FINGER_TIP": {
        "x": 0.7054622769355774,
        "y": 0.42405787110328674
    },
    "MIDDLE_FINGER_MCP": {
        "x": 0.7656893134117126,
        "y": 0.5334810018539429
    },
    "MIDDLE_FINGER_PIP": {
        "x": 0.7526525259017944,
        "y": 0.497962087392807
    },
    "MIDDLE_FINGER_DIP": {
        "x": 0.7469293475151062,
        "y": 0.5423008799552917
    },
    "MIDDLE_FINGER_TIP": {
        "x": 0.7550119757652283,
        "y": 0.5669876933097839
    },
    "RING_FINGER_MCP": {
        "x": 0.8160940408706665,
        "y": 0.5419765710830688
    },
    "RING_FINGER_PIP": {
        "x": 0.8085129261016846,
        "y": 0.5088592171669006
    },
    "RING_FINGER_DIP": {
        "x": 0.7943971157073975,
        "y": 0.5522929430007935
    },
    "RING_FINGER_TIP": {
        "x": 0.796800971031189,
        "y": 0.5743027925491333
    },
    "PINKY_MCP": {
        "x": 0.869226336479187,
        "y": 0.5565928816795349
    },
    "PINKY_PIP": {
        "x": 0.8658340573310852,
        "y": 0.5272420644760132
    },
    "PINKY_DIP": {
        "x": 0.8446720838546753,
        "y": 0.5549030303955078
    },
    "PINKY_TIP": {
        "x": 0.8397088646888733,
        "y": 0.5722523927688599
    }
}