{
    "WRIST": {
        "x": 0.839238166809082,
        "y": 0.6622245907783508
    },
    "THUMB_CMC": {
        "x": 0.7423436045646667,
        "y": 0.6504234671592712
    },
    "THUMB_MCP": {
        "x": 0.6526287198066711,
        "y": 0.607143223285675
    },
    "THUMB_IP": {
        "x": 0.5819907188415527,
        "y": 0.5800290107727051
    },
    "THUMB_TIP": {
        "x": 0.5196018218994141,
        "y": 0.5688802003860474
    },
    "INDEX_FINGER_MCP": {
        "x": 0.7462767958641052,
        "y": 0.5311921238899231
    },
    "INDEX_FINGER_PIP": {
        "x": 0.7505284547805786,
        "y": 0.47376951575279236
    },
    "INDEX_FINGER_DIP": {
        "x": 0.7511191964149475,
        "y": 0.44029390811920166
    },
    "INDEX_FINGER_TIP": {
        "x": 0.7525665760040283,
        "y": 0.4100363254547119
    },
    "MIDDLE_FINGER_MCP": {
        "x": 0.8101769685745239,
        "y": 0.5318843126296997
    },
    "MIDDLE_FINGER_PIP": {
        "x": 0.8208195567131042,
        "y": 0.500726044178009
    },
    "MIDDLE_FINGER_DIP": {
        "x": 0.8223467469215393,
        "y": 0.5508908629417419
    },
    "MIDDLE_FINGER_TIP": {
        "x": 0.8254963755607605,
        "y": 0.5838086009025574
    },
    "RING_FINGER_MCP": {
        "x": 0.8678566217422485,
        "y": 0.5423052906990051
    },
    "RING_FINGER_PIP": {
        "x": 0.8805426359176636,
        "y": 0.5147119760513306
    },
    "RING_FINGER_DIP": {
        "x": 0.866055965423584,
        "y": 0.5618138909339905
    },
    "RING_FINGER_TIP": {
        "x": 0.8560740351676941,
        "y": 0.5899661183357239
    },
    "PINKY_MCP": {
        "x": 0.9212552309036255,
        "y": 0.5598282814025879
    },
    "PINKY_PIP": {
        "x": 0.931853175163269,
        "y": 0.5364381670951843
    },
    "PINKY_DIP": {
        "x": 0.9124541878700256,
        "y": 0.5667638182640076
    },
    "PINKY_TIP": {
        "x": 0.8986762762069702,
        "y": 0.5871182084083557
    }
}