{
    "WRIST": {
        "x": 0.8533357977867126,
        "y": 0.6700968146324158
    },
    "THUMB_CMC": {
        "x": 0.7533980011940002,
        "y": 0.6528217792510986
    },
    "THUMB_MCP": {
        "x": 0.6636701822280884,
        "y": 0.6095824241638184
    },
    "THUMB_IP": {
        "x": 0.593718409538269,
        "y": 0.5816490650177002
    },
    "THUMB_TIP": {
        "x": 0.5325152277946472,
        "y": 0.5686397552490234
    },
    "INDEX_FINGER_MCP": {
        "x": 0.7526456117630005,
        "y": 0.5290939807891846
    },
    "INDEX_FINGER_PIP": {
        "x": 0.7547628283500671,
        "y": 0.4655788540840149
    },
    "INDEX_FINGER_DIP": {
        "x": 0.7551807761192322,
        "y": 0.4297349452972412
    },
    "INDEX_FINGER_TIP": {
        "x": 0.755159318447113,
        "y": 0.40096279978752136
    },
    "MIDDLE_FINGER_MCP": {
        "x": 0.8224684596061707,
        "y": 0.5311717391014099
    },
    "MIDDLE_FINGER_PIP": {
        "x": 0.8375840783119202,
        "y": 0.5020233392715454
    },
    "MIDDLE_FINGER_DIP": {
        "x": 0.8396238684654236,
        "y": 0.5534986853599548
    },
    "MIDDLE_FINGER_TIP": {
        "x": 0.8420877456665039,
        "y": 0.5884703993797302
    },
    "RING_FINGER_MCP": {
        "x": 0.8811431527137756,
        "y": 0.5438746213912964
    },
    "RING_FINGER_PIP": {
        "x": 0.9000893831253052,
        "y": 0.5167346000671387
    },
    "RING_FINGER_DIP": {
        "x": 0.8847270011901855,
        "y": 0.5650045871734619
    },
    "RING_FINGER_TIP": {
        "x": 0.8743404746055603,
        "y": 0.5958238244056702
    },
    "PINKY_MCP": {
        "x": 0.9344837665557861,
        "y": 0.5638033747673035
    },
    "PINKY_PIP": {
        "x": 0.9487810134887695,
        "y": 0.5399699211120605
    },
    "PINKY_DIP": {
        "x": 0.929976761341095,
        "y": 0.5712327361106873
    },
    "PINKY_TIP": {
        "x": 0.9178515076637268,
        "y": 0.5932750701904297
    }
}