{
    "WRIST": {
        "x": 0.7889978885650635,
        "y": 0.6278586387634277
    },
    "THUMB_CMC": {
        "x": 0.7032987475395203,
        "y": 0.6141161918640137
    },
    "THUMB_MCP": {
        "x": 0.6393201947212219,
        "y": 0.5682125091552734
    },
    "THUMB_IP": {
        "x": 0.6095147132873535,
        "y": 0.5312932133674622
    },
    "THUMB_TIP": {
        "x": 0.5740677714347839,
        "y": 0.5095760226249695
    },
    "INDEX_FINGER_MCP": {
        "x": 0.6803017258644104,
        "y": 0.5169816017150879
    },
    "INDEX_FINGER_PIP": {
        "x": 0.6569398045539856,
        "y": 0.4636935293674469
    },
    "INDEX_FINGER_DIP": {
        "x": 0.647188663482666,
        "y": 0.4383586645126343
    },
    "INDEX_FINGER_TIP": {
        "x": 0.6380903720855713,
        "y": 0.41730040311813354
    },
    "MIDDLE_FINGER_MCP": {
        "x": 0.7368507981300354,
        "y": 0.5164501667022705
    },
    "MIDDLE_FINGER_PIP": {
        "x": 0.7177397012710571,
        "y": 0.48991113901138306
    },
    "MIDDLE_FINGER_DIP": {
        "x": 0.7160527110099792,
        "y": 0.5338068008422852
    },
    "MIDDLE_FINGER_TIP": {
        "x": 0.721051037311554,
        "y": 0.5623695254325867
    },
    "RING_FINGER_MCP": {
        "x": 0.790269672870636,
        "y": 0.5240530967712402
    },
    "RING_FINGER_PIP": {
        "x": 0.7724807262420654,
        "y": 0.50590980052948
    },
    "RING_FINGER_DIP": {
        "x": 0.762330949306488,
        "y": 0.5479736328125
    },
    "RING_FINGER_TIP": {
        "x": 0.7627273201942444,
        "y": 0.5740648508071899
    },
    "PINKY_MCP": {
        "x": 0.8467423915863037,
        "y": 0.5376724004745483
    },
    "PINKY_PIP": {
        "x": 0.8289841413497925,
        "y": 0.5163283348083496
    },
    "PINKY_DIP": {
        "x": 0.8064660429954529,
        "y": 0.541496753692627
    },
    "PINKY_TIP": {
        "x": 0.7954173684120178,
        "y": 0.5595493316650391
    }
}