{
    "WRIST": {
        "x": 0.792129635810852,
        "y": 0.6218608617782593
    },
    "THUMB_CMC": {
        "x": 0.7200319766998291,
        "y": 0.615226686000824
    },
    "THUMB_MCP": {
        "x": 0.6610283255577087,
        "y": 0.5764487981796265
    },
    "THUMB_IP": {
        "x": 0.6368135809898376,
        "y": 0.5417079329490662
    },
    "THUMB_TIP": {
        "x": 0.6014078855514526,
        "y": 0.5169973969459534
    },
    "INDEX_FINGER_MCP": {
        "x": 0.66935133934021,
        "y": 0.5121186971664429
    },
    "INDEX_FINGER_PIP": {
        "x": 0.6528582572937012,
        "y": 0.47651323676109314
    },
    "INDEX_FINGER_DIP": {
        "x": 0.6488198041915894,
        "y": 0.47567814588546753
    },
    "INDEX_FINGER_TIP": {
        "x": 0.6479710340499878,
        "y": 0.4765773117542267
    },
    "MIDDLE_FINGER_MCP": {
        "x": 0.734345555305481,
        "y": 0.5058675408363342
    },
    "MIDDLE_FINGER_PIP": {
        "x": 0.7190881967544556,
        "y": 0.5212843418121338
    },
    "MIDDLE_FINGER_DIP": {
        "x": 0.7282567620277405,
        "y": 0.5687089562416077
    },
    "MIDDLE_FINGER_TIP": {
        "x": 0.7385680079460144,
        "y": 0.5965276956558228
    },
    "RING_FINGER_MCP": {
        "x": 0.7978046536445618,
        "y": 0.5165141820907593
    },
    "RING_FINGER_PIP": {
        "x": 0.7713443040847778,
        "y": 0.5399079322814941
    },
    "RING_FINGER_DIP": {
        "x": 0.7756964564323425,
        "y": 0.5816043615341187
    },
    "RING_FINGER_TIP": {
        "x": 0.7871357798576355,
        "y": 0.6071826219558716
    },
    "PINKY_MCP": {
        "x": 0.8576499223709106,
        "y": 0.5323103666305542
    },
    "PINKY_PIP": {
        "x": 0.8283986449241638,
        "y": 0.5530616641044617
    },
    "PINKY_DIP": {
        "x": 0.8199437260627747,
        "y": 0.581328272819519
    },
    "PINKY_TIP": {
        "x": 0.8214204907417297,
        "y": 0.5996391773223877
    }
}