{
    "WRIST": {
        "x": 0.8362167477607727,
        "y": 0.6633269786834717
    },
    "THUMB_CMC": {
        "x": 0.736633837223053,
        "y": 0.6492019295692444
    },
    "THUMB_MCP": {
        "x": 0.6482325792312622,
        "y": 0.6073046326637268
    },
    "THUMB_IP": {
        "x": 0.5783050656318665,
        "y": 0.5803097486495972
    },
    "THUMB_TIP": {
        "x": 0.5178710222244263,
        "y": 0.5670570135116577
    },
    "INDEX_FINGER_MCP": {
        "x": 0.7433286905288696,
        "y": 0.528398871421814
    },
    "INDEX_FINGER_PIP": {
        "x": 0.7492945194244385,
        "y": 0.4705561697483063
    },
    "INDEX_FINGER_DIP": {
        "x": 0.7511751651763916,
        "y": 0.43722599744796753
    },
    "INDEX_FINGER_TIP": {
        "x": 0.7534624338150024,
        "y": 0.4075477421283722
    },
    "MIDDLE_FINGER_MCP": {
        "x": 0.807550847530365,
        "y": 0.5306662321090698
    },
    "MIDDLE_FINGER_PIP": {
        "x": 0.8202877044677734,
        "y": 0.498080313205719
    },
    "MIDDLE_FINGER_DIP": {
        "x": 0.8192667961120605,
        "y": 0.5470747947692871
    },
    "MIDDLE_FINGER_TIP": {
        "x": 0.8201473951339722,
        "y": 0.5819054245948792
    },
    "RING_FINGER_MCP": {
        "x": 0.864808976650238,
        "y": 0.5432043671607971
    },
    "RING_FINGER_PIP": {
        "x": 0.8794333338737488,
        "y": 0.5156059861183167
    },
    "RING_FINGER_DIP": {
        "x": 0.8624576330184937,
        "y": 0.5622314810752869
    },
    "RING_FINGER_TIP": {
        "x": 0.85068279504776,
        "y": 0.5920785665512085
    },
    "PINKY_MCP": {
        "x": 0.9182314276695251,
        "y": 0.5630091428756714
    },
    "PINKY_PIP": {
        "x": 0.9295272827148438,
        "y": 0.541151225566864
    },
    "PINKY_DIP": {
        "x": 0.9090982675552368,
        "y": 0.5711584687232971
    },
    "PINKY_TIP": {
        "x": 0.8945542573928833,
        "y": 0.5918301343917847
    }
}