{
    "WRIST": {
        "x": 0.8202422857284546,
        "y": 0.6631346940994263
    },
    "THUMB_CMC": {
        "x": 0.7249675989151001,
        "y": 0.6470393538475037
    },
    "THUMB_MCP": {
        "x": 0.6385363936424255,
        "y": 0.6029314398765564
    },
    "THUMB_IP": {
        "x": 0.5751827359199524,
        "y": 0.5752836465835571
    },
    "THUMB_TIP": {
        "x": 0.5153860449790955,
        "y": 0.5646829009056091
    },
    "INDEX_FINGER_MCP": {
        "x": 0.7320217490196228,
        "y": 0.5281214714050293
    },
    "INDEX_FINGER_PIP": {
        "x": 0.7362521290779114,
        "y": 0.46755141019821167
    },
    "INDEX_FINGER_DIP": {
        "x": 0.731460452079773,
        "y": 0.4374557137489319
    },
    "INDEX_FINGER_TIP": {
        "x": 0.7296708226203918,
        "y": 0.41321468353271484
    },
    "MIDDLE_FINGER_MCP": {
        "x": 0.7917752265930176,
        "y": 0.5285423994064331
    },
    "MIDDLE_FINGER_PIP": {
        "x": 0.77128666639328,
        "y": 0.5059832334518433
    },
    "MIDDLE_FINGER_DIP": {
        "x": 0.7666957378387451,
        "y": 0.5517975091934204
    },
    "MIDDLE_FINGER_TIP": {
        "x": 0.7773129940032959,
        "y": 0.5768685340881348
    },
    "RING_FINGER_MCP": {
        "x": 0.8440576791763306,
        "y": 0.5379775762557983
    },
    "RING_FINGER_PIP": {
        "x": 0.8276469111442566,
        "y": 0.5170332193374634
    },
    "RING_FINGER_DIP": {
        "x": 0.815661609172821,
        "y": 0.55833899974823
    },
    "RING_FINGER_TIP": {
        "x": 0.8200672268867493,
        "y": 0.5802696943283081
    },
    "PINKY_MCP": {
        "x": 0.8982207179069519,
        "y": 0.5533308386802673
    },
    "PINKY_PIP": {
        "x": 0.8822454810142517,
        "y": 0.5317149758338928
    },
    "PINKY_DIP": {
        "x": 0.8633722066879272,
        "y": 0.5592024326324463
    },
    "PINKY_TIP": {
        "x": 0.8615447878837585,
        "y": 0.5747601389884949
    }
}