{
    "WRIST": {
        "x": 0.763744592666626,
        "y": 0.6173446178436279
    },
    "THUMB_CMC": {
        "x": 0.6818765997886658,
        "y": 0.6130155324935913
    },
    "THUMB_MCP": {
        "x": 0.6143556833267212,
        "y": 0.5845983624458313
    },
    "THUMB_IP": {
        "x": 0.5638258457183838,
        "y": 0.5635062456130981
    },
    "THUMB_TIP": {
        "x": 0.520868182182312,
        "y": 0.5508290529251099
    },
    "INDEX_FINGER_MCP": {
        "x": 0.691928505897522,
        "y": 0.5208563208580017
    },
    "INDEX_FINGER_PIP": {
        "x": 0.681826114654541,
        "y": 0.4693664014339447
    },
    "INDEX_FINGER_DIP": {
        "x": 0.678000807762146,
        "y": 0.4421721398830414
    },
    "INDEX_FINGER_TIP": {
        "x": 0.6811979413032532,
        "y": 0.4202312231063843
    },
    "MIDDLE_FINGER_MCP": {
        "x": 0.7431301474571228,
        "y": 0.5219460129737854
    },
    "MIDDLE_FINGER_PIP": {
        "x": 0.7351614236831665,
        "y": 0.49509045481681824
    },
    "MIDDLE_FINGER_DIP": {
        "x": 0.7262347340583801,
        "y": 0.5334774851799011
    },
    "MIDDLE_FINGER_TIP": {
        "x": 0.7277553677558899,
        "y": 0.559262752532959
    },
    "RING_FINGER_MCP": {
        "x": 0.7935737371444702,
        "y": 0.5299761891365051
    },
    "RING_FINGER_PIP": {
        "x": 0.7860943078994751,
        "y": 0.5106770992279053
    },
    "RING_FINGER_DIP": {
        "x": 0.7695700526237488,
        "y": 0.5456640124320984
    },
    "RING_FINGER_TIP": {
        "x": 0.7646762132644653,
        "y": 0.5682530403137207
    },
    "PINKY_MCP": {
        "x": 0.8453354239463806,
        "y": 0.5440075397491455
    },
    "PINKY_PIP": {
        "x": 0.8422787189483643,
        "y": 0.5243092179298401
    },
    "PINKY_DIP": {
        "x": 0.8176396489143372,
        "y": 0.5437811613082886
    },
    "PINKY_TIP": {
        "x": 0.8033167719841003,
        "y": 0.5580739378929138
    }
}