{
    "WRIST": {
        "x": 0.8382377028465271,
        "y": 0.6639671325683594
    },
    "THUMB_CMC": {
        "x": 0.737365186214447,
        "y": 0.650191068649292
    },
    "THUMB_MCP": {
        "x": 0.6484676599502563,
        "y": 0.6071140766143799
    },
    "THUMB_IP": {
        "x": 0.579452633857727,
        "y": 0.579232931137085
    },
    "THUMB_TIP": {
        "x": 0.5186606645584106,
        "y": 0.5663232803344727
    },
    "INDEX_FINGER_MCP": {
        "x": 0.7426791191101074,
        "y": 0.5282984375953674
    },
    "INDEX_FINGER_PIP": {
        "x": 0.7495734095573425,
        "y": 0.46846631169319153
    },
    "INDEX_FINGER_DIP": {
        "x": 0.7521063685417175,
        "y": 0.43541955947875977
    },
    "INDEX_FINGER_TIP": {
        "x": 0.754790723323822,
        "y": 0.4066891074180603
    },
    "MIDDLE_FINGER_MCP": {
        "x": 0.8089462518692017,
        "y": 0.5289998054504395
    },
    "MIDDLE_FINGER_PIP": {
        "x": 0.8213217258453369,
        "y": 0.4997918903827667
    },
    "MIDDLE_FINGER_DIP": {
        "x": 0.8208897113800049,
        "y": 0.5507591366767883
    },
    "MIDDLE_FINGER_TIP": {
        "x": 0.8228183388710022,
        "y": 0.5856552720069885
    },
    "RING_FINGER_MCP": {
        "x": 0.8667815923690796,
        "y": 0.5406436324119568
    },
    "RING_FINGER_PIP": {
        "x": 0.8814972639083862,
        "y": 0.516223669052124
    },
    "RING_FINGER_DIP": {
        "x": 0.865784764289856,
        "y": 0.5637762546539307
    },
    "RING_FINGER_TIP": {
        "x": 0.8565590977668762,
        "y": 0.5936058759689331
    },
    "PINKY_MCP": {
        "x": 0.9205055832862854,
        "y": 0.5594304203987122
    },
    "PINKY_PIP": {
        "x": 0.9313948750495911,
        "y": 0.5362859964370728
    },
    "PINKY_DIP": {
        "x": 0.9107528924942017,
        "y": 0.5677732825279236
    },
    "PINKY_TIP": {
        "x": 0.8981231451034546,
        "y": 0.589451789855957
    }
}