{
    "WRIST": {
        "x": 0.7800849676132202,
        "y": 0.6184018850326538
    },
    "THUMB_CMC": {
        "x": 0.6931488513946533,
        "y": 0.6084491610527039
    },
    "THUMB_MCP": {
        "x": 0.6242898106575012,
        "y": 0.5716719031333923
    },
    "THUMB_IP": {
        "x": 0.5847395062446594,
        "y": 0.5407955646514893
    },
    "THUMB_TIP": {
        "x": 0.5480055212974548,
        "y": 0.5173320174217224
    },
    "INDEX_FINGER_MCP": {
        "x": 0.683272123336792,
        "y": 0.5175691843032837
    },
    "INDEX_FINGER_PIP": {
        "x": 0.6638431549072266,
        "y": 0.4600348472595215
    },
    "INDEX_FINGER_DIP": {
        "x": 0.653114914894104,
        "y": 0.4317032992839813
    },
    "INDEX_FINGER_TIP": {
        "x": 0.6482589840888977,
        "y": 0.40955159068107605
    },
    "MIDDLE_FINGER_MCP": {
        "x": 0.7361291646957397,
        "y": 0.5196675062179565
    },
    "MIDDLE_FINGER_PIP": {
        "x": 0.7221195697784424,
        "y": 0.4936610758304596
    },
    "MIDDLE_FINGER_DIP": {
        "x": 0.7175033092498779,
        "y": 0.5382885932922363
    },
    "MIDDLE_FINGER_TIP": {
        "x": 0.7231547236442566,
        "y": 0.5652768015861511
    },
    "RING_FINGER_MCP": {
        "x": 0.7863032817840576,
        "y": 0.5264295935630798
    },
    "RING_FINGER_PIP": {
        "x": 0.77283775806427,
        "y": 0.5031633377075195
    },
    "RING_FINGER_DIP": {
        "x": 0.7594506144523621,
        "y": 0.5446571111679077
    },
    "RING_FINGER_TIP": {
        "x": 0.7591039538383484,
        "y": 0.5694378614425659
    },
    "PINKY_MCP": {
        "x": 0.8377016186714172,
        "y": 0.5383342504501343
    },
    "PINKY_PIP": {
        "x": 0.8279960751533508,
        "y": 0.5134233832359314
    },
    "PINKY_DIP": {
        "x": 0.8034729957580566,
        "y": 0.5371565818786621
    },
    "PINKY_TIP": {
        "x": 0.7906734943389893,
        "y": 0.5551002621650696
    }
}