{
    "WRIST": {
        "x": 0.7723153829574585,
        "y": 0.6262367963790894
    },
    "THUMB_CMC": {
        "x": 0.6928845047950745,
        "y": 0.6141047477722168
    },
    "THUMB_MCP": {
        "x": 0.621790885925293,
        "y": 0.5769729018211365
    },
    "THUMB_IP": {
        "x": 0.5700690150260925,
        "y": 0.5511964559555054
    },
    "THUMB_TIP": {
        "x": 0.5205065011978149,
        "y": 0.5371365547180176
    },
    "INDEX_FINGER_MCP": {
        "x": 0.6812241077423096,
        "y": 0.5173554420471191
    },
    "INDEX_FINGER_PIP": {
        "x": 0.6637502908706665,
        "y": 0.4636150598526001
    },
    "INDEX_FINGER_DIP": {
        "x": 0.6568318605422974,
        "y": 0.4354635179042816
    },
    "INDEX_FINGER_TIP": {
        "x": 0.6555692553520203,
        "y": 0.41174814105033875
    },
    "MIDDLE_FINGER_MCP": {
        "x": 0.735778272151947,
        "y": 0.5195338726043701
    },
    "MIDDLE_FINGER_PIP": {
        "x": 0.7199427485466003,
        "y": 0.48801106214523315
    },
    "MIDDLE_FINGER_DIP": {
        "x": 0.7161301374435425,
        "y": 0.5326470732688904
    },
    "MIDDLE_FINGER_TIP": {
        "x": 0.7221899032592773,
        "y": 0.5597293376922607
    },
    "RING_FINGER_MCP": {
        "x": 0.7875011563301086,
        "y": 0.5271981954574585
    },
    "RING_FINGER_PIP": {
        "x": 0.7736496925354004,
        "y": 0.5016357898712158
    },
    "RING_FINGER_DIP": {
        "x": 0.7590782046318054,
        "y": 0.544575572013855
    },
    "RING_FINGER_TIP": {
        "x": 0.7581560015678406,
        "y": 0.5699238777160645
    },
    "PINKY_MCP": {
        "x": 0.8424443602561951,
        "y": 0.5411948561668396
    },
    "PINKY_PIP": {
        "x": 0.8300924897193909,
        "y": 0.5178832411766052
    },
    "PINKY_DIP": {
        "x": 0.8017568588256836,
        "y": 0.5417628288269043
    },
    "PINKY_TIP": {
        "x": 0.7881544828414917,
        "y": 0.5596089959144592
    }
}