{
    "WRIST": {
        "x": 0.8380906581878662,
        "y": 0.6682406663894653
    },
    "THUMB_CMC": {
        "x": 0.7376494407653809,
        "y": 0.6504723429679871
    },
    "THUMB_MCP": {
        "x": 0.6496731638908386,
        "y": 0.6081598401069641
    },
    "THUMB_IP": {
        "x": 0.5803471803665161,
        "y": 0.5793219804763794
    },
    "THUMB_TIP": {
        "x": 0.5192186832427979,
        "y": 0.5642538070678711
    },
    "INDEX_FINGER_MCP": {
        "x": 0.7438472509384155,
        "y": 0.52944415807724
    },
    "INDEX_FINGER_PIP": {
        "x": 0.7460349202156067,
        "y": 0.4705997407436371
    },
    "INDEX_FINGER_DIP": {
        "x": 0.7467871308326721,
        "y": 0.43741095066070557
    },
    "INDEX_FINGER_TIP": {
        "x": 0.7493932843208313,
        "y": 0.407634973526001
    },
    "MIDDLE_FINGER_MCP": {
        "x": 0.8084179759025574,
        "y": 0.5310379862785339
    },
    "MIDDLE_FINGER_PIP": {
        "x": 0.8198927044868469,
        "y": 0.49993157386779785
    },
    "MIDDLE_FINGER_DIP": {
        "x": 0.8211675882339478,
        "y": 0.5502442121505737
    },
    "MIDDLE_FINGER_TIP": {
        "x": 0.823630154132843,
        "y": 0.5840370059013367
    },
    "RING_FINGER_MCP": {
        "x": 0.8650981783866882,
        "y": 0.5433437824249268
    },
    "RING_FINGER_PIP": {
        "x": 0.879273533821106,
        "y": 0.5191478729248047
    },
    "RING_FINGER_DIP": {
        "x": 0.8653042912483215,
        "y": 0.5672100186347961
    },
    "RING_FINGER_TIP": {
        "x": 0.85633385181427,
        "y": 0.5965846180915833
    },
    "PINKY_MCP": {
        "x": 0.9197434782981873,
        "y": 0.5635316967964172
    },
    "PINKY_PIP": {
        "x": 0.9305806159973145,
        "y": 0.5386742949485779
    },
    "PINKY_DIP": {
        "x": 0.9107236266136169,
        "y": 0.5700063705444336
    },
    "PINKY_TIP": {
        "x": 0.8972088694572449,
        "y": 0.5918976068496704
    }
}