{
    "WRIST": {
        "x": 0.7730225920677185,
        "y": 0.6390057802200317
    },
    "THUMB_CMC": {
        "x": 0.6916287541389465,
        "y": 0.6288902163505554
    },
    "THUMB_MCP": {
        "x": 0.6198420524597168,
        "y": 0.5908018350601196
    },
    "THUMB_IP": {
        "x": 0.5613409280776978,
        "y": 0.5661665797233582
    },
    "THUMB_TIP": {
        "x": 0.506174623966217,
        "y": 0.5535528659820557
    },
    "INDEX_FINGER_MCP": {
        "x": 0.6982145309448242,
        "y": 0.5247153639793396
    },
    "INDEX_FINGER_PIP": {
        "x": 0.6938644051551819,
        "y": 0.4704565703868866
    },
    "INDEX_FINGER_DIP": {
        "x": 0.6901006698608398,
        "y": 0.4441927373409271
    },
    "INDEX_FINGER_TIP": {
        "x": 0.6940680146217346,
        "y": 0.42648205161094666
    },
    "MIDDLE_FINGER_MCP": {
        "x": 0.7509156465530396,
        "y": 0.527050256729126
    },
    "MIDDLE_FINGER_PIP": {
        "x": 0.7399460673332214,
        "y": 0.4923567473888397
    },
    "MIDDLE_FINGER_DIP": {
        "x": 0.7307909727096558,
        "y": 0.535576581954956
    },
    "MIDDLE_FINGER_TIP": {
        "x": 0.7368581891059875,
        "y": 0.5635628700256348
    },
    "RING_FINGER_MCP": {
        "x": 0.8004845976829529,
        "y": 0.5363296866416931
    },
    "RING_FINGER_PIP": {
        "x": 0.7905566692352295,
        "y": 0.5061110258102417
    },
    "RING_FINGER_DIP": {
        "x": 0.77480548620224,
        "y": 0.5485775470733643
    },
    "RING_FINGER_TIP": {
        "x": 0.776345431804657,
        "y": 0.5724489092826843
    },
    "PINKY_MCP": {
        "x": 0.8515329957008362,
        "y": 0.551483690738678
    },
    "PINKY_PIP": {
        "x": 0.8455082178115845,
        "y": 0.5245154500007629
    },
    "PINKY_DIP": {
        "x": 0.8219462633132935,
        "y": 0.5504127740859985
    },
    "PINKY_TIP": {
        "x": 0.8164842128753662,
        "y": 0.5672908425331116
    }
}