{
    "WRIST": {
        "x": 0.7855538129806519,
        "y": 0.6182719469070435
    },
    "THUMB_CMC": {
        "x": 0.7103744745254517,
        "y": 0.6159780025482178
    },
    "THUMB_MCP": {
        "x": 0.645855724811554,
        "y": 0.5696858763694763
    },
    "THUMB_IP": {
        "x": 0.6229965090751648,
        "y": 0.5300887823104858
    },
    "THUMB_TIP": {
        "x": 0.5871536135673523,
        "y": 0.5066853761672974
    },
    "INDEX_FINGER_MCP": {
        "x": 0.6778135895729065,
        "y": 0.5202119946479797
    },
    "INDEX_FINGER_PIP": {
        "x": 0.6548619270324707,
        "y": 0.46342384815216064
    },
    "INDEX_FINGER_DIP": {
        "x": 0.6511461138725281,
        "y": 0.4322313368320465
    },
    "INDEX_FINGER_TIP": {
        "x": 0.6472800374031067,
        "y": 0.40615734457969666
    },
    "MIDDLE_FINGER_MCP": {
        "x": 0.7322972416877747,
        "y": 0.517083466053009
    },
    "MIDDLE_FINGER_PIP": {
        "x": 0.7212935090065002,
        "y": 0.5055100321769714
    },
    "MIDDLE_FINGER_DIP": {
        "x": 0.7302819490432739,
        "y": 0.5438215136528015
    },
    "MIDDLE_FINGER_TIP": {
        "x": 0.7334270477294922,
        "y": 0.563095211982727
    },
    "RING_FINGER_MCP": {
        "x": 0.7887707948684692,
        "y": 0.524643063545227
    },
    "RING_FINGER_PIP": {
        "x": 0.7704909443855286,
        "y": 0.5183197259902954
    },
    "RING_FINGER_DIP": {
        "x": 0.7722419500350952,
        "y": 0.5611526966094971
    },
    "RING_FINGER_TIP": {
        "x": 0.7748711109161377,
        "y": 0.5875430107116699
    },
    "PINKY_MCP": {
        "x": 0.8472385406494141,
        "y": 0.537058413028717
    },
    "PINKY_PIP": {
        "x": 0.8265350461006165,
        "y": 0.5292106866836548
    },
    "PINKY_DIP": {
        "x": 0.8120294809341431,
        "y": 0.5578497648239136
    },
    "PINKY_TIP": {
        "x": 0.8056467771530151,
        "y": 0.5766252279281616
    }
}