{
    "WRIST": {
        "x": 0.8495298624038696,
        "y": 0.6715831756591797
    },
    "THUMB_CMC": {
        "x": 0.754370391368866,
        "y": 0.6528605222702026
    },
    "THUMB_MCP": {
        "x": 0.662746012210846,
        "y": 0.6082636117935181
    },
    "THUMB_IP": {
        "x": 0.589547872543335,
        "y": 0.5782688856124878
    },
    "THUMB_TIP": {
        "x": 0.5236150622367859,
        "y": 0.5668707489967346
    },
    "INDEX_FINGER_MCP": {
        "x": 0.7443283200263977,
        "y": 0.528693437576294
    },
    "INDEX_FINGER_PIP": {
        "x": 0.7533228993415833,
        "y": 0.4668404161930084
    },
    "INDEX_FINGER_DIP": {
        "x": 0.7550768256187439,
        "y": 0.43226751685142517
    },
    "INDEX_FINGER_TIP": {
        "x": 0.7567093968391418,
        "y": 0.4037298560142517
    },
    "MIDDLE_FINGER_MCP": {
        "x": 0.8108367323875427,
        "y": 0.528032660484314
    },
    "MIDDLE_FINGER_PIP": {
        "x": 0.8091707229614258,
        "y": 0.5045498013496399
    },
    "MIDDLE_FINGER_DIP": {
        "x": 0.8134429454803467,
        "y": 0.5534563660621643
    },
    "MIDDLE_FINGER_TIP": {
        "x": 0.8225101232528687,
        "y": 0.5817933678627014
    },
    "RING_FINGER_MCP": {
        "x": 0.8692694902420044,
        "y": 0.5385490655899048
    },
    "RING_FINGER_PIP": {
        "x": 0.8715001344680786,
        "y": 0.5169015526771545
    },
    "RING_FINGER_DIP": {
        "x": 0.8663989901542664,
        "y": 0.5618785619735718
    },
    "RING_FINGER_TIP": {
        "x": 0.8682078123092651,
        "y": 0.5870144367218018
    },
    "PINKY_MCP": {
        "x": 0.9262807369232178,
        "y": 0.5557084083557129
    },
    "PINKY_PIP": {
        "x": 0.9261265397071838,
        "y": 0.533944308757782
    },
    "PINKY_DIP": {
        "x": 0.9134838581085205,
        "y": 0.5642852783203125
    },
    "PINKY_TIP": {
        "x": 0.9101428985595703,
        "y": 0.5836017727851868
    }
}