{
    "WRIST": {
        "x": 0.7248857617378235,
        "y": 0.6248694658279419
    },
    "THUMB_CMC": {
        "x": 0.6510838270187378,
        "y": 0.6049498319625854
    },
    "THUMB_MCP": {
        "x": 0.6116650104522705,
        "y": 0.5556543469429016
    },
    "THUMB_IP": {
        "x": 0.607938826084137,
        "y": 0.5165432095527649
    },
    "THUMB_TIP": {
        "x": 0.6036772727966309,
        "y": 0.49105411767959595
    },
    "INDEX_FINGER_MCP": {
        "x": 0.6617127060890198,
        "y": 0.5082778334617615
    },
    "INDEX_FINGER_PIP": {
        "x": 0.6589701771736145,
        "y": 0.4532405436038971
    },
    "INDEX_FINGER_DIP": {
        "x": 0.6587486267089844,
        "y": 0.44259265065193176
    },
    "INDEX_FINGER_TIP": {
        "x": 0.6591289639472961,
        "y": 0.43976694345474243
    },
    "MIDDLE_FINGER_MCP": {
        "x": 0.7160518765449524,
        "y": 0.51511150598526
    },
    "MIDDLE_FINGER_PIP": {
        "x": 0.702334463596344,
        "y": 0.49637898802757263
    },
    "MIDDLE_FINGER_DIP": {
        "x": 0.6855745911598206,
        "y": 0.5362716317176819
    },
    "MIDDLE_FINGER_TIP": {
        "x": 0.678153932094574,
        "y": 0.5619418621063232
    },
    "RING_FINGER_MCP": {
        "x": 0.765015721321106,
        "y": 0.5298951268196106
    },
    "RING_FINGER_PIP": {
        "x": 0.7470089793205261,
        "y": 0.5152063369750977
    },
    "RING_FINGER_DIP": {
        "x": 0.720797598361969,
        "y": 0.5512473583221436
    },
    "RING_FINGER_TIP": {
        "x": 0.7097516059875488,
        "y": 0.5754011869430542
    },
    "PINKY_MCP": {
        "x": 0.8116521239280701,
        "y": 0.5491735339164734
    },
    "PINKY_PIP": {
        "x": 0.7993622422218323,
        "y": 0.5388683080673218
    },
    "PINKY_DIP": {
        "x": 0.7689388990402222,
        "y": 0.5597988963127136
    },
    "PINKY_TIP": {
        "x": 0.7504065632820129,
        "y": 0.5741615891456604
    }
}