{
    "WRIST": {
        "x": 0.8178311586380005,
        "y": 0.6785217523574829
    },
    "THUMB_CMC": {
        "x": 0.8025123476982117,
        "y": 0.6422359943389893
    },
    "THUMB_MCP": {
        "x": 0.75484699010849,
        "y": 0.6161826252937317
    },
    "THUMB_IP": {
        "x": 0.7006084322929382,
        "y": 0.6071171760559082
    },
    "THUMB_TIP": {
        "x": 0.6563896536827087,
        "y": 0.606509804725647
    },
    "INDEX_FINGER_MCP": {
        "x": 0.7386981844902039,
        "y": 0.585724949836731
    },
    "INDEX_FINGER_PIP": {
        "x": 0.6631308197975159,
        "y": 0.5464113354682922
    },
    "INDEX_FINGER_DIP": {
        "x": 0.6174408197402954,
        "y": 0.5201500058174133
    },
    "INDEX_FINGER_TIP": {
        "x": 0.5805667638778687,
        "y": 0.4995037317276001
    },
    "MIDDLE_FINGER_MCP": {
        "x": 0.7220617532730103,
        "y": 0.6057589650154114
    },
    "MIDDLE_FINGER_PIP": {
        "x": 0.6040198802947998,
        "y": 0.6150038242340088
    },
    "MIDDLE_FINGER_DIP": {
        "x": 0.5723788738250732,
        "y": 0.6327260136604309
    },
    "MIDDLE_FINGER_TIP": {
        "x": 0.5541913509368896,
        "y": 0.6400375962257385
    },
    "RING_FINGER_MCP": {
        "x": 0.7098279595375061,
        "y": 0.6376861333847046
    },
    "RING_FINGER_PIP": {
        "x": 0.6173638701438904,
        "y": 0.6578287482261658
    },
    "RING_FINGER_DIP": {
        "x": 0.6394361853599548,
        "y": 0.672827959060669
    },
    "RING_FINGER_TIP": {
        "x": 0.6669878959655762,
        "y": 0.6753066778182983
    },
    "PINKY_MCP": {
        "x": 0.6969374418258667,
        "y": 0.6724939346313477
    },
    "PINKY_PIP": {
        "x": 0.6302779316902161,
        "y": 0.6831075549125671
    },
    "PINKY_DIP": {
        "x": 0.6549083590507507,
        "y": 0.6926366686820984
    },
    "PINKY_TIP": {
        "x": 0.6830713152885437,
        "y": 0.6953456997871399
    }
}