{
    "WRIST": {
        "x": 0.7342211604118347,
        "y": 0.6318715810775757
    },
    "THUMB_CMC": {
        "x": 0.6565041542053223,
        "y": 0.6164184212684631
    },
    "THUMB_MCP": {
        "x": 0.6084076762199402,
        "y": 0.5670124292373657
    },
    "THUMB_IP": {
        "x": 0.6021910309791565,
        "y": 0.5281758904457092
    },
    "THUMB_TIP": {
        "x": 0.6004773378372192,
        "y": 0.4985295236110687
    },
    "INDEX_FINGER_MCP": {
        "x": 0.6510539054870605,
        "y": 0.526393473148346
    },
    "INDEX_FINGER_PIP": {
        "x": 0.6278506517410278,
        "y": 0.4726709723472595
    },
    "INDEX_FINGER_DIP": {
        "x": 0.6135379076004028,
        "y": 0.44395536184310913
    },
    "INDEX_FINGER_TIP": {
        "x": 0.5963646769523621,
        "y": 0.419700562953949
    },
    "MIDDLE_FINGER_MCP": {
        "x": 0.7029944658279419,
        "y": 0.5275593400001526
    },
    "MIDDLE_FINGER_PIP": {
        "x": 0.6827666163444519,
        "y": 0.5050707459449768
    },
    "MIDDLE_FINGER_DIP": {
        "x": 0.662269651889801,
        "y": 0.5347435474395752
    },
    "MIDDLE_FINGER_TIP": {
        "x": 0.6458656191825867,
        "y": 0.5589557886123657
    },
    "RING_FINGER_MCP": {
        "x": 0.7502188682556152,
        "y": 0.5372808575630188
    },
    "RING_FINGER_PIP": {
        "x": 0.719455897808075,
        "y": 0.5297430753707886
    },
    "RING_FINGER_DIP": {
        "x": 0.6986258029937744,
        "y": 0.5622546672821045
    },
    "RING_FINGER_TIP": {
        "x": 0.6858963370323181,
        "y": 0.586713433265686
    },
    "PINKY_MCP": {
        "x": 0.7975976467132568,
        "y": 0.551931619644165
    },
    "PINKY_PIP": {
        "x": 0.7668406963348389,
        "y": 0.5483837127685547
    },
    "PINKY_DIP": {
        "x": 0.7380910515785217,
        "y": 0.5716106295585632
    },
    "PINKY_TIP": {
        "x": 0.7177217602729797,
        "y": 0.589641273021698
    }
}