{
    "WRIST": {
        "x": 0.8333941102027893,
        "y": 0.6847093105316162
    },
    "THUMB_CMC": {
        "x": 0.8144837021827698,
        "y": 0.6467111110687256
    },
    "THUMB_MCP": {
        "x": 0.7654643058776855,
        "y": 0.6202415227890015
    },
    "THUMB_IP": {
        "x": 0.7089554071426392,
        "y": 0.6109566688537598
    },
    "THUMB_TIP": {
        "x": 0.6642706990242004,
        "y": 0.6105089783668518
    },
    "INDEX_FINGER_MCP": {
        "x": 0.7562800645828247,
        "y": 0.5881070494651794
    },
    "INDEX_FINGER_PIP": {
        "x": 0.6737881898880005,
        "y": 0.5521886944770813
    },
    "INDEX_FINGER_DIP": {
        "x": 0.6227256059646606,
        "y": 0.5264139175415039
    },
    "INDEX_FINGER_TIP": {
        "x": 0.5871351361274719,
        "y": 0.5056934356689453
    },
    "MIDDLE_FINGER_MCP": {
        "x": 0.7424193620681763,
        "y": 0.6100570559501648
    },
    "MIDDLE_FINGER_PIP": {
        "x": 0.6323286294937134,
        "y": 0.6227078437805176
    },
    "MIDDLE_FINGER_DIP": {
        "x": 0.6323806047439575,
        "y": 0.644351601600647
    },
    "MIDDLE_FINGER_TIP": {
        "x": 0.6501920223236084,
        "y": 0.6520448923110962
    },
    "RING_FINGER_MCP": {
        "x": 0.729939341545105,
        "y": 0.6431756615638733
    },
    "RING_FINGER_PIP": {
        "x": 0.6384290456771851,
        "y": 0.6637125611305237
    },
    "RING_FINGER_DIP": {
        "x": 0.6582938432693481,
        "y": 0.6791514158248901
    },
    "RING_FINGER_TIP": {
        "x": 0.6861158013343811,
        "y": 0.680604100227356
    },
    "PINKY_MCP": {
        "x": 0.7156842350959778,
        "y": 0.678216814994812
    },
    "PINKY_PIP": {
        "x": 0.6480512619018555,
        "y": 0.6896825432777405
    },
    "PINKY_DIP": {
        "x": 0.6717550754547119,
        "y": 0.6992674469947815
    },
    "PINKY_TIP": {
        "x": 0.6984890699386597,
        "y": 0.7014631032943726
    }
}