{
    "WRIST": {
        "x": 0.838492751121521,
        "y": 0.68641597032547
    },
    "THUMB_CMC": {
        "x": 0.8175117373466492,
        "y": 0.6511358618736267
    },
    "THUMB_MCP": {
        "x": 0.7638830542564392,
        "y": 0.6239636540412903
    },
    "THUMB_IP": {
        "x": 0.7042303085327148,
        "y": 0.614177942276001
    },
    "THUMB_TIP": {
        "x": 0.6591564416885376,
        "y": 0.6128647327423096
    },
    "INDEX_FINGER_MCP": {
        "x": 0.7527338862419128,
        "y": 0.5905283689498901
    },
    "INDEX_FINGER_PIP": {
        "x": 0.6698629856109619,
        "y": 0.5538760423660278
    },
    "INDEX_FINGER_DIP": {
        "x": 0.6192914247512817,
        "y": 0.5278307199478149
    },
    "INDEX_FINGER_TIP": {
        "x": 0.5817222595214844,
        "y": 0.5057060718536377
    },
    "MIDDLE_FINGER_MCP": {
        "x": 0.7414249777793884,
        "y": 0.6117782592773438
    },
    "MIDDLE_FINGER_PIP": {
        "x": 0.6244146227836609,
        "y": 0.6240831017494202
    },
    "MIDDLE_FINGER_DIP": {
        "x": 0.6152954697608948,
        "y": 0.6457343101501465
    },
    "MIDDLE_FINGER_TIP": {
        "x": 0.621892511844635,
        "y": 0.6538015604019165
    },
    "RING_FINGER_MCP": {
        "x": 0.732111930847168,
        "y": 0.6451179385185242
    },
    "RING_FINGER_PIP": {
        "x": 0.6377695202827454,
        "y": 0.6680353283882141
    },
    "RING_FINGER_DIP": {
        "x": 0.6619346141815186,
        "y": 0.6841957569122314
    },
    "RING_FINGER_TIP": {
        "x": 0.6905823349952698,
        "y": 0.6850169897079468
    },
    "PINKY_MCP": {
        "x": 0.7200967073440552,
        "y": 0.6806492805480957
    },
    "PINKY_PIP": {
        "x": 0.6522693634033203,
        "y": 0.6951023936271667
    },
    "PINKY_DIP": {
        "x": 0.6783294677734375,
        "y": 0.7052194476127625
    },
    "PINKY_TIP": {
        "x": 0.7060081362724304,
        "y": 0.7059175968170166
    }
}