{
    "WRIST": {
        "x": 0.8137217164039612,
        "y": 0.6733694076538086
    },
    "THUMB_CMC": {
        "x": 0.7978589534759521,
        "y": 0.6397765278816223
    },
    "THUMB_MCP": {
        "x": 0.7482838034629822,
        "y": 0.6145375370979309
    },
    "THUMB_IP": {
        "x": 0.6945857405662537,
        "y": 0.6048353910446167
    },
    "THUMB_TIP": {
        "x": 0.6506655812263489,
        "y": 0.6059024930000305
    },
    "INDEX_FINGER_MCP": {
        "x": 0.7256687879562378,
        "y": 0.5825017094612122
    },
    "INDEX_FINGER_PIP": {
        "x": 0.6503755450248718,
        "y": 0.5417980551719666
    },
    "INDEX_FINGER_DIP": {
        "x": 0.6057750582695007,
        "y": 0.5177484154701233
    },
    "INDEX_FINGER_TIP": {
        "x": 0.5713041424751282,
        "y": 0.49879035353660583
    },
    "MIDDLE_FINGER_MCP": {
        "x": 0.7090875506401062,
        "y": 0.6014043092727661
    },
    "MIDDLE_FINGER_PIP": {
        "x": 0.5874460935592651,
        "y": 0.6125883460044861
    },
    "MIDDLE_FINGER_DIP": {
        "x": 0.5500184893608093,
        "y": 0.6278307437896729
    },
    "MIDDLE_FINGER_TIP": {
        "x": 0.5267922878265381,
        "y": 0.6321567893028259
    },
    "RING_FINGER_MCP": {
        "x": 0.6981717944145203,
        "y": 0.6313692927360535
    },
    "RING_FINGER_PIP": {
        "x": 0.6126933693885803,
        "y": 0.6536033153533936
    },
    "RING_FINGER_DIP": {
        "x": 0.6373461484909058,
        "y": 0.6674866080284119
    },
    "RING_FINGER_TIP": {
        "x": 0.6628841161727905,
        "y": 0.6680681109428406
    },
    "PINKY_MCP": {
        "x": 0.6891446709632874,
        "y": 0.6630245447158813
    },
    "PINKY_PIP": {
        "x": 0.6324962973594666,
        "y": 0.6772965788841248
    },
    "PINKY_DIP": {
        "x": 0.6585625410079956,
        "y": 0.6865295171737671
    },
    "PINKY_TIP": {
        "x": 0.6838285326957703,
        "y": 0.6867786049842834
    }
}