{
    "WRIST": {
        "x": 0.7574796676635742,
        "y": 0.6384068727493286
    },
    "THUMB_CMC": {
        "x": 0.6902949810028076,
        "y": 0.6291258335113525
    },
    "THUMB_MCP": {
        "x": 0.636197030544281,
        "y": 0.5936057567596436
    },
    "THUMB_IP": {
        "x": 0.6274229288101196,
        "y": 0.5581150054931641
    },
    "THUMB_TIP": {
        "x": 0.6571542620658875,
        "y": 0.5340538024902344
    },
    "INDEX_FINGER_MCP": {
        "x": 0.6884180307388306,
        "y": 0.5284748077392578
    },
    "INDEX_FINGER_PIP": {
        "x": 0.6851760745048523,
        "y": 0.5010839700698853
    },
    "INDEX_FINGER_DIP": {
        "x": 0.686599850654602,
        "y": 0.5389540791511536
    },
    "INDEX_FINGER_TIP": {
        "x": 0.6898452639579773,
        "y": 0.5702589750289917
    },
    "MIDDLE_FINGER_MCP": {
        "x": 0.7525436282157898,
        "y": 0.5295209884643555
    },
    "MIDDLE_FINGER_PIP": {
        "x": 0.745439350605011,
        "y": 0.5253575444221497
    },
    "MIDDLE_FINGER_DIP": {
        "x": 0.737291693687439,
        "y": 0.5698983073234558
    },
    "MIDDLE_FINGER_TIP": {
        "x": 0.7366873621940613,
        "y": 0.5989347696304321
    },
    "RING_FINGER_MCP": {
        "x": 0.8123436570167542,
        "y": 0.5412222146987915
    },
    "RING_FINGER_PIP": {
        "x": 0.7993590235710144,
        "y": 0.5430563688278198
    },
    "RING_FINGER_DIP": {
        "x": 0.7787801623344421,
        "y": 0.5794260501861572
    },
    "RING_FINGER_TIP": {
        "x": 0.7709254622459412,
        "y": 0.6050550937652588
    },
    "PINKY_MCP": {
        "x": 0.8661941289901733,
        "y": 0.5569263696670532
    },
    "PINKY_PIP": {
        "x": 0.8542170524597168,
        "y": 0.5636536478996277
    },
    "PINKY_DIP": {
        "x": 0.8255951404571533,
        "y": 0.5881757736206055
    },
    "PINKY_TIP": {
        "x": 0.8099074363708496,
        "y": 0.606486976146698
    }
}