{
    "WRIST": {
        "x": 0.7344794869422913,
        "y": 0.6158324480056763
    },
    "THUMB_CMC": {
        "x": 0.6951422691345215,
        "y": 0.5817030072212219
    },
    "THUMB_MCP": {
        "x": 0.6747177243232727,
        "y": 0.5529077053070068
    },
    "THUMB_IP": {
        "x": 0.6548336148262024,
        "y": 0.5447920560836792
    },
    "THUMB_TIP": {
        "x": 0.6372711062431335,
        "y": 0.552350640296936
    },
    "INDEX_FINGER_MCP": {
        "x": 0.6776400804519653,
        "y": 0.5309792160987854
    },
    "INDEX_FINGER_PIP": {
        "x": 0.6300689578056335,
        "y": 0.49617406725883484
    },
    "INDEX_FINGER_DIP": {
        "x": 0.6030758023262024,
        "y": 0.47541144490242004
    },
    "INDEX_FINGER_TIP": {
        "x": 0.5831092000007629,
        "y": 0.45433366298675537
    },
    "MIDDLE_FINGER_MCP": {
        "x": 0.6793773770332336,
        "y": 0.5479001402854919
    },
    "MIDDLE_FINGER_PIP": {
        "x": 0.6043023467063904,
        "y": 0.5422893166542053
    },
    "MIDDLE_FINGER_DIP": {
        "x": 0.5696684122085571,
        "y": 0.5459346175193787
    },
    "MIDDLE_FINGER_TIP": {
        "x": 0.5423038005828857,
        "y": 0.5466924905776978
    },
    "RING_FINGER_MCP": {
        "x": 0.6772091388702393,
        "y": 0.5677650570869446
    },
    "RING_FINGER_PIP": {
        "x": 0.6326804757118225,
        "y": 0.5783675312995911
    },
    "RING_FINGER_DIP": {
        "x": 0.6438612937927246,
        "y": 0.5895951986312866
    },
    "RING_FINGER_TIP": {
        "x": 0.6544493436813354,
        "y": 0.596412181854248
    },
    "PINKY_MCP": {
        "x": 0.6738162636756897,
        "y": 0.5860974788665771
    },
    "PINKY_PIP": {
        "x": 0.6369092464447021,
        "y": 0.5947145819664001
    },
    "PINKY_DIP": {
        "x": 0.6464633941650391,
        "y": 0.6055421829223633
    },
    "PINKY_TIP": {
        "x": 0.6587179899215698,
        "y": 0.6124823093414307
    }
}