{
    "WRIST": {
        "x": 0.8275831937789917,
        "y": 0.6789224147796631
    },
    "THUMB_CMC": {
        "x": 0.8133587837219238,
        "y": 0.6422744393348694
    },
    "THUMB_MCP": {
        "x": 0.7626245021820068,
        "y": 0.6152847409248352
    },
    "THUMB_IP": {
        "x": 0.7041064500808716,
        "y": 0.6056666970252991
    },
    "THUMB_TIP": {
        "x": 0.6582839488983154,
        "y": 0.6046096682548523
    },
    "INDEX_FINGER_MCP": {
        "x": 0.754505455493927,
        "y": 0.5869459509849548
    },
    "INDEX_FINGER_PIP": {
        "x": 0.6735652685165405,
        "y": 0.5513039827346802
    },
    "INDEX_FINGER_DIP": {
        "x": 0.6245368719100952,
        "y": 0.526901125907898
    },
    "INDEX_FINGER_TIP": {
        "x": 0.5908082723617554,
        "y": 0.5071225762367249
    },
    "MIDDLE_FINGER_MCP": {
        "x": 0.7394765615463257,
        "y": 0.6080695390701294
    },
    "MIDDLE_FINGER_PIP": {
        "x": 0.6299595236778259,
        "y": 0.6213345527648926
    },
    "MIDDLE_FINGER_DIP": {
        "x": 0.6246626973152161,
        "y": 0.6428236365318298
    },
    "MIDDLE_FINGER_TIP": {
        "x": 0.6365824341773987,
        "y": 0.6511516571044922
    },
    "RING_FINGER_MCP": {
        "x": 0.7270117402076721,
        "y": 0.6409677267074585
    },
    "RING_FINGER_PIP": {
        "x": 0.6375211477279663,
        "y": 0.6619486808776855
    },
    "RING_FINGER_DIP": {
        "x": 0.6559311151504517,
        "y": 0.6771568655967712
    },
    "RING_FINGER_TIP": {
        "x": 0.6822481155395508,
        "y": 0.678608238697052
    },
    "PINKY_MCP": {
        "x": 0.7127405405044556,
        "y": 0.6757357120513916
    },
    "PINKY_PIP": {
        "x": 0.6485345363616943,
        "y": 0.6866601705551147
    },
    "PINKY_DIP": {
        "x": 0.6721453070640564,
        "y": 0.6955217719078064
    },
    "PINKY_TIP": {
        "x": 0.6985876560211182,
        "y": 0.6968061327934265
    }
}