{
    "WRIST": {
        "x": 0.777214527130127,
        "y": 0.6402186751365662
    },
    "THUMB_CMC": {
        "x": 0.7397315502166748,
        "y": 0.605973482131958
    },
    "THUMB_MCP": {
        "x": 0.7014915943145752,
        "y": 0.5765308141708374
    },
    "THUMB_IP": {
        "x": 0.6601079106330872,
        "y": 0.5671839714050293
    },
    "THUMB_TIP": {
        "x": 0.6282854080200195,
        "y": 0.5722340941429138
    },
    "INDEX_FINGER_MCP": {
        "x": 0.683867871761322,
        "y": 0.5475301146507263
    },
    "INDEX_FINGER_PIP": {
        "x": 0.6266894936561584,
        "y": 0.5025936365127563
    },
    "INDEX_FINGER_DIP": {
        "x": 0.5911728143692017,
        "y": 0.4828213155269623
    },
    "INDEX_FINGER_TIP": {
        "x": 0.5667844414710999,
        "y": 0.46571600437164307
    },
    "MIDDLE_FINGER_MCP": {
        "x": 0.6748391389846802,
        "y": 0.5621532797813416
    },
    "MIDDLE_FINGER_PIP": {
        "x": 0.5853569507598877,
        "y": 0.5689155459403992
    },
    "MIDDLE_FINGER_DIP": {
        "x": 0.5639842748641968,
        "y": 0.5842312574386597
    },
    "MIDDLE_FINGER_TIP": {
        "x": 0.5567938685417175,
        "y": 0.5891348719596863
    },
    "RING_FINGER_MCP": {
        "x": 0.6655099987983704,
        "y": 0.5847678780555725
    },
    "RING_FINGER_PIP": {
        "x": 0.6186777353286743,
        "y": 0.6064916253089905
    },
    "RING_FINGER_DIP": {
        "x": 0.6414092779159546,
        "y": 0.6154537796974182
    },
    "RING_FINGER_TIP": {
        "x": 0.6620569229125977,
        "y": 0.6133130788803101
    },
    "PINKY_MCP": {
        "x": 0.6609373092651367,
        "y": 0.608984112739563
    },
    "PINKY_PIP": {
        "x": 0.6301716566085815,
        "y": 0.6227924823760986
    },
    "PINKY_DIP": {
        "x": 0.6505858898162842,
        "y": 0.6294357180595398
    },
    "PINKY_TIP": {
        "x": 0.6696995496749878,
        "y": 0.6293762922286987
    }
}