{
    "WRIST": {
        "x": 0.6980070471763611,
        "y": 0.6175729036331177
    },
    "THUMB_CMC": {
        "x": 0.6371366381645203,
        "y": 0.6019755601882935
    },
    "THUMB_MCP": {
        "x": 0.6156675815582275,
        "y": 0.5640947818756104
    },
    "THUMB_IP": {
        "x": 0.6273561120033264,
        "y": 0.5352354645729065
    },
    "THUMB_TIP": {
        "x": 0.6276054978370667,
        "y": 0.5179511904716492
    },
    "INDEX_FINGER_MCP": {
        "x": 0.6429449915885925,
        "y": 0.520164430141449
    },
    "INDEX_FINGER_PIP": {
        "x": 0.6217247843742371,
        "y": 0.47460630536079407
    },
    "INDEX_FINGER_DIP": {
        "x": 0.6098871827125549,
        "y": 0.4456050395965576
    },
    "INDEX_FINGER_TIP": {
        "x": 0.5972210168838501,
        "y": 0.4192383587360382
    },
    "MIDDLE_FINGER_MCP": {
        "x": 0.6875674724578857,
        "y": 0.5245007872581482
    },
    "MIDDLE_FINGER_PIP": {
        "x": 0.6218352913856506,
        "y": 0.5124874114990234
    },
    "MIDDLE_FINGER_DIP": {
        "x": 0.5747422575950623,
        "y": 0.5100724101066589
    },
    "MIDDLE_FINGER_TIP": {
        "x": 0.5413931012153625,
        "y": 0.5089078545570374
    },
    "RING_FINGER_MCP": {
        "x": 0.7245954275131226,
        "y": 0.5380311608314514
    },
    "RING_FINGER_PIP": {
        "x": 0.6635221242904663,
        "y": 0.55533766746521
    },
    "RING_FINGER_DIP": {
        "x": 0.6460729241371155,
        "y": 0.5759944915771484
    },
    "RING_FINGER_TIP": {
        "x": 0.6461433172225952,
        "y": 0.5873303413391113
    },
    "PINKY_MCP": {
        "x": 0.7555137872695923,
        "y": 0.555946946144104
    },
    "PINKY_PIP": {
        "x": 0.6956872344017029,
        "y": 0.5715808868408203
    },
    "PINKY_DIP": {
        "x": 0.6718626022338867,
        "y": 0.5858926773071289
    },
    "PINKY_TIP": {
        "x": 0.6684853434562683,
        "y": 0.5927289724349976
    }
}