{
    "WRIST": {
        "x": 0.8066896796226501,
        "y": 0.6529742479324341
    },
    "THUMB_CMC": {
        "x": 0.7789652347564697,
        "y": 0.6220153570175171
    },
    "THUMB_MCP": {
        "x": 0.7273838520050049,
        "y": 0.5998079776763916
    },
    "THUMB_IP": {
        "x": 0.6716901063919067,
        "y": 0.5977944731712341
    },
    "THUMB_TIP": {
        "x": 0.6261103749275208,
        "y": 0.6023654937744141
    },
    "INDEX_FINGER_MCP": {
        "x": 0.7079171538352966,
        "y": 0.5747165679931641
    },
    "INDEX_FINGER_PIP": {
        "x": 0.631171464920044,
        "y": 0.5347566604614258
    },
    "INDEX_FINGER_DIP": {
        "x": 0.592150866985321,
        "y": 0.5126332640647888
    },
    "INDEX_FINGER_TIP": {
        "x": 0.5650972127914429,
        "y": 0.492521733045578
    },
    "MIDDLE_FINGER_MCP": {
        "x": 0.690222978591919,
        "y": 0.5955780744552612
    },
    "MIDDLE_FINGER_PIP": {
        "x": 0.5792953968048096,
        "y": 0.6006301641464233
    },
    "MIDDLE_FINGER_DIP": {
        "x": 0.5406902432441711,
        "y": 0.6041194200515747
    },
    "MIDDLE_FINGER_TIP": {
        "x": 0.5163906812667847,
        "y": 0.602939248085022
    },
    "RING_FINGER_MCP": {
        "x": 0.6771430969238281,
        "y": 0.6232388615608215
    },
    "RING_FINGER_PIP": {
        "x": 0.6124987602233887,
        "y": 0.6398433446884155
    },
    "RING_FINGER_DIP": {
        "x": 0.6363105773925781,
        "y": 0.6466705799102783
    },
    "RING_FINGER_TIP": {
        "x": 0.6561410427093506,
        "y": 0.6475040316581726
    },
    "PINKY_MCP": {
        "x": 0.6715403199195862,
        "y": 0.6518625020980835
    },
    "PINKY_PIP": {
        "x": 0.631281316280365,
        "y": 0.6572955846786499
    },
    "PINKY_DIP": {
        "x": 0.6561132073402405,
        "y": 0.6620110869407654
    },
    "PINKY_TIP": {
        "x": 0.6767487525939941,
        "y": 0.6642277836799622
    }
}