{
    "WRIST": {
        "x": 0.722235918045044,
        "y": 0.6141012907028198
    },
    "THUMB_CMC": {
        "x": 0.6564403176307678,
        "y": 0.5944540500640869
    },
    "THUMB_MCP": {
        "x": 0.6314928531646729,
        "y": 0.5678468942642212
    },
    "THUMB_IP": {
        "x": 0.6269177198410034,
        "y": 0.5476298928260803
    },
    "THUMB_TIP": {
        "x": 0.628044843673706,
        "y": 0.533453106880188
    },
    "INDEX_FINGER_MCP": {
        "x": 0.6574328541755676,
        "y": 0.523151695728302
    },
    "INDEX_FINGER_PIP": {
        "x": 0.6229503154754639,
        "y": 0.4822370111942291
    },
    "INDEX_FINGER_DIP": {
        "x": 0.6017774939537048,
        "y": 0.4542289078235626
    },
    "INDEX_FINGER_TIP": {
        "x": 0.5842411518096924,
        "y": 0.428228497505188
    },
    "MIDDLE_FINGER_MCP": {
        "x": 0.691105842590332,
        "y": 0.5287882089614868
    },
    "MIDDLE_FINGER_PIP": {
        "x": 0.6169856786727905,
        "y": 0.5224274396896362
    },
    "MIDDLE_FINGER_DIP": {
        "x": 0.5778034925460815,
        "y": 0.513496994972229
    },
    "MIDDLE_FINGER_TIP": {
        "x": 0.5473031401634216,
        "y": 0.5036921501159668
    },
    "RING_FINGER_MCP": {
        "x": 0.7163702845573425,
        "y": 0.5439742803573608
    },
    "RING_FINGER_PIP": {
        "x": 0.6403258442878723,
        "y": 0.5670806169509888
    },
    "RING_FINGER_DIP": {
        "x": 0.6359836459159851,
        "y": 0.5869662165641785
    },
    "RING_FINGER_TIP": {
        "x": 0.6417808532714844,
        "y": 0.5965052843093872
    },
    "PINKY_MCP": {
        "x": 0.7365847229957581,
        "y": 0.5647314190864563
    },
    "PINKY_PIP": {
        "x": 0.6616926193237305,
        "y": 0.5837464928627014
    },
    "PINKY_DIP": {
        "x": 0.6450241208076477,
        "y": 0.5978489518165588
    },
    "PINKY_TIP": {
        "x": 0.6465632319450378,
        "y": 0.6058363914489746
    }
}