{
    "WRIST": {
        "x": 0.8200145363807678,
        "y": 0.6775818467140198
    },
    "THUMB_CMC": {
        "x": 0.8066173195838928,
        "y": 0.643028974533081
    },
    "THUMB_MCP": {
        "x": 0.7585995197296143,
        "y": 0.6167495250701904
    },
    "THUMB_IP": {
        "x": 0.7017163038253784,
        "y": 0.6073781251907349
    },
    "THUMB_TIP": {
        "x": 0.654649555683136,
        "y": 0.6060574650764465
    },
    "INDEX_FINGER_MCP": {
        "x": 0.7472648024559021,
        "y": 0.5847381949424744
    },
    "INDEX_FINGER_PIP": {
        "x": 0.6728475689888,
        "y": 0.5491164922714233
    },
    "INDEX_FINGER_DIP": {
        "x": 0.6271422505378723,
        "y": 0.5241696238517761
    },
    "INDEX_FINGER_TIP": {
        "x": 0.5932316780090332,
        "y": 0.5047154426574707
    },
    "MIDDLE_FINGER_MCP": {
        "x": 0.7333230376243591,
        "y": 0.6039854288101196
    },
    "MIDDLE_FINGER_PIP": {
        "x": 0.6189935207366943,
        "y": 0.6146170496940613
    },
    "MIDDLE_FINGER_DIP": {
        "x": 0.5976260900497437,
        "y": 0.6353172063827515
    },
    "MIDDLE_FINGER_TIP": {
        "x": 0.5942356586456299,
        "y": 0.6442704796791077
    },
    "RING_FINGER_MCP": {
        "x": 0.721281886100769,
        "y": 0.6354227066040039
    },
    "RING_FINGER_PIP": {
        "x": 0.6262840032577515,
        "y": 0.6562701463699341
    },
    "RING_FINGER_DIP": {
        "x": 0.6440643072128296,
        "y": 0.6725956797599792
    },
    "RING_FINGER_TIP": {
        "x": 0.6715805530548096,
        "y": 0.6749839782714844
    },
    "PINKY_MCP": {
        "x": 0.7081584334373474,
        "y": 0.6696171164512634
    },
    "PINKY_PIP": {
        "x": 0.6424281597137451,
        "y": 0.6828232407569885
    },
    "PINKY_DIP": {
        "x": 0.6636462211608887,
        "y": 0.6932963728904724
    },
    "PINKY_TIP": {
        "x": 0.6898934245109558,
        "y": 0.695520281791687
    }
}