{
    "WRIST": {
        "x": 0.7939246296882629,
        "y": 0.6422686576843262
    },
    "THUMB_CMC": {
        "x": 0.7712847590446472,
        "y": 0.6113414764404297
    },
    "THUMB_MCP": {
        "x": 0.7283666133880615,
        "y": 0.5864980220794678
    },
    "THUMB_IP": {
        "x": 0.6811381578445435,
        "y": 0.5808069109916687
    },
    "THUMB_TIP": {
        "x": 0.6447061896324158,
        "y": 0.58619225025177
    },
    "INDEX_FINGER_MCP": {
        "x": 0.6985937356948853,
        "y": 0.5651729106903076
    },
    "INDEX_FINGER_PIP": {
        "x": 0.6251364946365356,
        "y": 0.5246655344963074
    },
    "INDEX_FINGER_DIP": {
        "x": 0.5876800417900085,
        "y": 0.501355767250061
    },
    "INDEX_FINGER_TIP": {
        "x": 0.5646945238113403,
        "y": 0.48063915967941284
    },
    "MIDDLE_FINGER_MCP": {
        "x": 0.6796217560768127,
        "y": 0.5838621258735657
    },
    "MIDDLE_FINGER_PIP": {
        "x": 0.6011658310890198,
        "y": 0.5978538393974304
    },
    "MIDDLE_FINGER_DIP": {
        "x": 0.6067007780075073,
        "y": 0.6115202307701111
    },
    "MIDDLE_FINGER_TIP": {
        "x": 0.6210161447525024,
        "y": 0.6136839389801025
    },
    "RING_FINGER_MCP": {
        "x": 0.6663677096366882,
        "y": 0.6104670763015747
    },
    "RING_FINGER_PIP": {
        "x": 0.6133373379707336,
        "y": 0.6267618536949158
    },
    "RING_FINGER_DIP": {
        "x": 0.6322664618492126,
        "y": 0.6319655179977417
    },
    "RING_FINGER_TIP": {
        "x": 0.653404712677002,
        "y": 0.6318753957748413
    },
    "PINKY_MCP": {
        "x": 0.6617071628570557,
        "y": 0.6379770636558533
    },
    "PINKY_PIP": {
        "x": 0.6255635023117065,
        "y": 0.644817590713501
    },
    "PINKY_DIP": {
        "x": 0.6483979225158691,
        "y": 0.6490986347198486
    },
    "PINKY_TIP": {
        "x": 0.6699960231781006,
        "y": 0.6509814858436584
    }
}