{
    "WRIST": {
        "x": 0.8246631622314453,
        "y": 0.6759723424911499
    },
    "THUMB_CMC": {
        "x": 0.808441162109375,
        "y": 0.6420050263404846
    },
    "THUMB_MCP": {
        "x": 0.7610149383544922,
        "y": 0.616553783416748
    },
    "THUMB_IP": {
        "x": 0.7093963623046875,
        "y": 0.6076604723930359
    },
    "THUMB_TIP": {
        "x": 0.6683459281921387,
        "y": 0.6054813265800476
    },
    "INDEX_FINGER_MCP": {
        "x": 0.7514766454696655,
        "y": 0.5858158469200134
    },
    "INDEX_FINGER_PIP": {
        "x": 0.6754264831542969,
        "y": 0.5518440008163452
    },
    "INDEX_FINGER_DIP": {
        "x": 0.6274925470352173,
        "y": 0.5267573595046997
    },
    "INDEX_FINGER_TIP": {
        "x": 0.5952696204185486,
        "y": 0.5067431330680847
    },
    "MIDDLE_FINGER_MCP": {
        "x": 0.738663375377655,
        "y": 0.6047481298446655
    },
    "MIDDLE_FINGER_PIP": {
        "x": 0.6234468221664429,
        "y": 0.6167533993721008
    },
    "MIDDLE_FINGER_DIP": {
        "x": 0.6248377561569214,
        "y": 0.6379833817481995
    },
    "MIDDLE_FINGER_TIP": {
        "x": 0.6462716460227966,
        "y": 0.6440653204917908
    },
    "RING_FINGER_MCP": {
        "x": 0.7267109155654907,
        "y": 0.6363219618797302
    },
    "RING_FINGER_PIP": {
        "x": 0.6257577538490295,
        "y": 0.6561684012413025
    },
    "RING_FINGER_DIP": {
        "x": 0.645977258682251,
        "y": 0.672893226146698
    },
    "RING_FINGER_TIP": {
        "x": 0.6760871410369873,
        "y": 0.6733785271644592
    },
    "PINKY_MCP": {
        "x": 0.7135154604911804,
        "y": 0.6706938147544861
    },
    "PINKY_PIP": {
        "x": 0.6429517269134521,
        "y": 0.6832669377326965
    },
    "PINKY_DIP": {
        "x": 0.6646682024002075,
        "y": 0.6937556266784668
    },
    "PINKY_TIP": {
        "x": 0.6916165947914124,
        "y": 0.6947058439254761
    }
}