{
    "WRIST": {
        "x": 0.7363261580467224,
        "y": 0.6224701404571533
    },
    "THUMB_CMC": {
        "x": 0.6666871309280396,
        "y": 0.6113376021385193
    },
    "THUMB_MCP": {
        "x": 0.6161301732063293,
        "y": 0.5694072842597961
    },
    "THUMB_IP": {
        "x": 0.6065559387207031,
        "y": 0.5327416658401489
    },
    "THUMB_TIP": {
        "x": 0.6240299940109253,
        "y": 0.5087855458259583
    },
    "INDEX_FINGER_MCP": {
        "x": 0.6714326739311218,
        "y": 0.5147750973701477
    },
    "INDEX_FINGER_PIP": {
        "x": 0.6690300703048706,
        "y": 0.4870174825191498
    },
    "INDEX_FINGER_DIP": {
        "x": 0.6673470139503479,
        "y": 0.5167956352233887
    },
    "INDEX_FINGER_TIP": {
        "x": 0.6668241620063782,
        "y": 0.5397297739982605
    },
    "MIDDLE_FINGER_MCP": {
        "x": 0.7337327003479004,
        "y": 0.5189198851585388
    },
    "MIDDLE_FINGER_PIP": {
        "x": 0.7264038324356079,
        "y": 0.5122883319854736
    },
    "MIDDLE_FINGER_DIP": {
        "x": 0.7126004695892334,
        "y": 0.5567366480827332
    },
    "MIDDLE_FINGER_TIP": {
        "x": 0.7103621959686279,
        "y": 0.5811765193939209
    },
    "RING_FINGER_MCP": {
        "x": 0.7902587652206421,
        "y": 0.5316280722618103
    },
    "RING_FINGER_PIP": {
        "x": 0.7763592600822449,
        "y": 0.525917112827301
    },
    "RING_FINGER_DIP": {
        "x": 0.7519579529762268,
        "y": 0.5631951093673706
    },
    "RING_FINGER_TIP": {
        "x": 0.7461408376693726,
        "y": 0.5850858688354492
    },
    "PINKY_MCP": {
        "x": 0.8414086103439331,
        "y": 0.5475364923477173
    },
    "PINKY_PIP": {
        "x": 0.8391509652137756,
        "y": 0.5450849533081055
    },
    "PINKY_DIP": {
        "x": 0.810346245765686,
        "y": 0.5663923621177673
    },
    "PINKY_TIP": {
        "x": 0.7971259951591492,
        "y": 0.5796232223510742
    }
}