{
    "WRIST": {
        "x": 0.7126398682594299,
        "y": 0.6210588216781616
    },
    "THUMB_CMC": {
        "x": 0.6463770270347595,
        "y": 0.6102190613746643
    },
    "THUMB_MCP": {
        "x": 0.6081127524375916,
        "y": 0.5713317394256592
    },
    "THUMB_IP": {
        "x": 0.6103513836860657,
        "y": 0.5363257527351379
    },
    "THUMB_TIP": {
        "x": 0.6152247786521912,
        "y": 0.5138235092163086
    },
    "INDEX_FINGER_MCP": {
        "x": 0.6380427479743958,
        "y": 0.5304323434829712
    },
    "INDEX_FINGER_PIP": {
        "x": 0.6202172636985779,
        "y": 0.47592851519584656
    },
    "INDEX_FINGER_DIP": {
        "x": 0.6069250106811523,
        "y": 0.446493923664093
    },
    "INDEX_FINGER_TIP": {
        "x": 0.5915879011154175,
        "y": 0.4214227497577667
    },
    "MIDDLE_FINGER_MCP": {
        "x": 0.6869598031044006,
        "y": 0.5309724807739258
    },
    "MIDDLE_FINGER_PIP": {
        "x": 0.6488361954689026,
        "y": 0.5072066783905029
    },
    "MIDDLE_FINGER_DIP": {
        "x": 0.6282843947410583,
        "y": 0.5190156102180481
    },
    "MIDDLE_FINGER_TIP": {
        "x": 0.6147662401199341,
        "y": 0.5305137634277344
    },
    "RING_FINGER_MCP": {
        "x": 0.7326204776763916,
        "y": 0.5385942459106445
    },
    "RING_FINGER_PIP": {
        "x": 0.6850008964538574,
        "y": 0.5420859456062317
    },
    "RING_FINGER_DIP": {
        "x": 0.6617729067802429,
        "y": 0.5665938854217529
    },
    "RING_FINGER_TIP": {
        "x": 0.6515845656394958,
        "y": 0.5874201059341431
    },
    "PINKY_MCP": {
        "x": 0.7768315672874451,
        "y": 0.5510983467102051
    },
    "PINKY_PIP": {
        "x": 0.731132984161377,
        "y": 0.5584413409233093
    },
    "PINKY_DIP": {
        "x": 0.6964035034179688,
        "y": 0.5776846408843994
    },
    "PINKY_TIP": {
        "x": 0.6752204895019531,
        "y": 0.5939400792121887
    }
}