{
    "WRIST": {
        "x": 0.8264457583427429,
        "y": 0.678083062171936
    },
    "THUMB_CMC": {
        "x": 0.811145544052124,
        "y": 0.6437575221061707
    },
    "THUMB_MCP": {
        "x": 0.7626756429672241,
        "y": 0.6187382340431213
    },
    "THUMB_IP": {
        "x": 0.7077748775482178,
        "y": 0.6107702851295471
    },
    "THUMB_TIP": {
        "x": 0.6646541953086853,
        "y": 0.6104934215545654
    },
    "INDEX_FINGER_MCP": {
        "x": 0.7540771961212158,
        "y": 0.5863112211227417
    },
    "INDEX_FINGER_PIP": {
        "x": 0.6779816746711731,
        "y": 0.5504068732261658
    },
    "INDEX_FINGER_DIP": {
        "x": 0.629542350769043,
        "y": 0.5248353481292725
    },
    "INDEX_FINGER_TIP": {
        "x": 0.5946803689002991,
        "y": 0.5046678781509399
    },
    "MIDDLE_FINGER_MCP": {
        "x": 0.7398126125335693,
        "y": 0.6058858633041382
    },
    "MIDDLE_FINGER_PIP": {
        "x": 0.6253800988197327,
        "y": 0.6145178079605103
    },
    "MIDDLE_FINGER_DIP": {
        "x": 0.6111939549446106,
        "y": 0.6343677043914795
    },
    "MIDDLE_FINGER_TIP": {
        "x": 0.6185416579246521,
        "y": 0.6420198082923889
    },
    "RING_FINGER_MCP": {
        "x": 0.7265000939369202,
        "y": 0.6379619240760803
    },
    "RING_FINGER_PIP": {
        "x": 0.6304690837860107,
        "y": 0.6596781015396118
    },
    "RING_FINGER_DIP": {
        "x": 0.6493208408355713,
        "y": 0.6758655309677124
    },
    "RING_FINGER_TIP": {
        "x": 0.6783071160316467,
        "y": 0.6771236658096313
    },
    "PINKY_MCP": {
        "x": 0.7121838331222534,
        "y": 0.6728190779685974
    },
    "PINKY_PIP": {
        "x": 0.6456568241119385,
        "y": 0.6858358979225159
    },
    "PINKY_DIP": {
        "x": 0.6687389016151428,
        "y": 0.6950138807296753
    },
    "PINKY_TIP": {
        "x": 0.6959590911865234,
        "y": 0.695582926273346
    }
}