{
    "WRIST": {
        "x": 0.8520601391792297,
        "y": 0.6355777382850647
    },
    "THUMB_CMC": {
        "x": 0.8016695976257324,
        "y": 0.6694454550743103
    },
    "THUMB_MCP": {
        "x": 0.7891046404838562,
        "y": 0.7133585810661316
    },
    "THUMB_IP": {
        "x": 0.8036972880363464,
        "y": 0.7538824081420898
    },
    "THUMB_TIP": {
        "x": 0.806091845035553,
        "y": 0.786174476146698
    },
    "INDEX_FINGER_MCP": {
        "x": 0.8655436038970947,
        "y": 0.6762238144874573
    },
    "INDEX_FINGER_PIP": {
        "x": 0.8973159193992615,
        "y": 0.7319496273994446
    },
    "INDEX_FINGER_DIP": {
        "x": 0.901652455329895,
        "y": 0.7679831981658936
    },
    "INDEX_FINGER_TIP": {
        "x": 0.9032334089279175,
        "y": 0.7954057455062866
    },
    "MIDDLE_FINGER_MCP": {
        "x": 0.9198400974273682,
        "y": 0.6690648794174194
    },
    "MIDDLE_FINGER_PIP": {
        "x": 0.9286802411079407,
        "y": 0.7275136113166809
    },
    "MIDDLE_FINGER_DIP": {
        "x": 0.9009392857551575,
        "y": 0.7266589999198914
    },
    "MIDDLE_FINGER_TIP": {
        "x": 0.8800568580627441,
        "y": 0.7167338132858276
    },
    "RING_FINGER_MCP": {
        "x": 0.952574610710144,
        "y": 0.6665714979171753
    },
    "RING_FINGER_PIP": {
        "x": 0.9546675682067871,
        "y": 0.7202535271644592
    },
    "RING_FINGER_DIP": {
        "x": 0.9205214977264404,
        "y": 0.7220329642295837
    },
    "RING_FINGER_TIP": {
        "x": 0.899491012096405,
        "y": 0.7147986888885498
    },
    "PINKY_MCP": {
        "x": 0.9709684252738953,
        "y": 0.6679463982582092
    },
    "PINKY_PIP": {
        "x": 0.9790447950363159,
        "y": 0.7061015963554382
    },
    "PINKY_DIP": {
        "x": 0.9528452157974243,
        "y": 0.7105399370193481
    },
    "PINKY_TIP": {
        "x": 0.9305956363677979,
        "y": 0.7065842151641846
    }
}