{
    "WRIST": {
        "x": 0.852717936038971,
        "y": 0.6339284181594849
    },
    "THUMB_CMC": {
        "x": 0.8019605875015259,
        "y": 0.6678779125213623
    },
    "THUMB_MCP": {
        "x": 0.7893221378326416,
        "y": 0.7117472290992737
    },
    "THUMB_IP": {
        "x": 0.8072060942649841,
        "y": 0.7535313963890076
    },
    "THUMB_TIP": {
        "x": 0.8104591369628906,
        "y": 0.7889882922172546
    },
    "INDEX_FINGER_MCP": {
        "x": 0.8529676795005798,
        "y": 0.6670656204223633
    },
    "INDEX_FINGER_PIP": {
        "x": 0.8744639158248901,
        "y": 0.7146844267845154
    },
    "INDEX_FINGER_DIP": {
        "x": 0.8712875247001648,
        "y": 0.7463696599006653
    },
    "INDEX_FINGER_TIP": {
        "x": 0.8717387318611145,
        "y": 0.7719581127166748
    },
    "MIDDLE_FINGER_MCP": {
        "x": 0.9045600891113281,
        "y": 0.6590164303779602
    },
    "MIDDLE_FINGER_PIP": {
        "x": 0.9220064878463745,
        "y": 0.7151618003845215
    },
    "MIDDLE_FINGER_DIP": {
        "x": 0.9020684957504272,
        "y": 0.7377169132232666
    },
    "MIDDLE_FINGER_TIP": {
        "x": 0.8840097784996033,
        "y": 0.7484130859375
    },
    "RING_FINGER_MCP": {
        "x": 0.9390965700149536,
        "y": 0.6593358516693115
    },
    "RING_FINGER_PIP": {
        "x": 0.9511581063270569,
        "y": 0.7142919898033142
    },
    "RING_FINGER_DIP": {
        "x": 0.9226225018501282,
        "y": 0.7299865484237671
    },
    "RING_FINGER_TIP": {
        "x": 0.9028016328811646,
        "y": 0.7351036667823792
    },
    "PINKY_MCP": {
        "x": 0.9600701928138733,
        "y": 0.6652218103408813
    },
    "PINKY_PIP": {
        "x": 0.9744465351104736,
        "y": 0.7077153921127319
    },
    "PINKY_DIP": {
        "x": 0.9479768872261047,
        "y": 0.7218177318572998
    },
    "PINKY_TIP": {
        "x": 0.9225143790245056,
        "y": 0.7260118722915649
    }
}