{
    "WRIST": {
        "x": 0.6918440461158752,
        "y": 0.43497517704963684
    },
    "THUMB_CMC": {
        "x": 0.6742062568664551,
        "y": 0.4708572328090668
    },
    "THUMB_MCP": {
        "x": 0.6726825833320618,
        "y": 0.503377377986908
    },
    "THUMB_IP": {
        "x": 0.6783643364906311,
        "y": 0.532301127910614
    },
    "THUMB_TIP": {
        "x": 0.687093198299408,
        "y": 0.5468745827674866
    },
    "INDEX_FINGER_MCP": {
        "x": 0.6690136194229126,
        "y": 0.4602700471878052
    },
    "INDEX_FINGER_PIP": {
        "x": 0.719437301158905,
        "y": 0.47729262709617615
    },
    "INDEX_FINGER_DIP": {
        "x": 0.7412394285202026,
        "y": 0.49173519015312195
    },
    "INDEX_FINGER_TIP": {
        "x": 0.7489092350006104,
        "y": 0.500437319278717
    },
    "MIDDLE_FINGER_MCP": {
        "x": 0.7055242657661438,
        "y": 0.44178688526153564
    },
    "MIDDLE_FINGER_PIP": {
        "x": 0.763400673866272,
        "y": 0.4602211117744446
    },
    "MIDDLE_FINGER_DIP": {
        "x": 0.7728742957115173,
        "y": 0.4689464569091797
    },
    "MIDDLE_FINGER_TIP": {
        "x": 0.7662726640701294,
        "y": 0.4716204106807709
    },
    "RING_FINGER_MCP": {
        "x": 0.741761326789856,
        "y": 0.4305702745914459
    },
    "RING_FINGER_PIP": {
        "x": 0.7816093564033508,
        "y": 0.45121753215789795
    },
    "RING_FINGER_DIP": {
        "x": 0.7783663272857666,
        "y": 0.45820245146751404
    },
    "RING_FINGER_TIP": {
        "x": 0.7610560655593872,
        "y": 0.45811349153518677
    },
    "PINKY_MCP": {
        "x": 0.7740963101387024,
        "y": 0.42816075682640076
    },
    "PINKY_PIP": {
        "x": 0.8004637360572815,
        "y": 0.45735347270965576
    },
    "PINKY_DIP": {
        "x": 0.804110050201416,
        "y": 0.48178213834762573
    },
    "PINKY_TIP": {
        "x": 0.7953230738639832,
        "y": 0.49602940678596497
    }
}