{
    "WRIST": {
        "x": 0.7277892231941223,
        "y": 0.45773667097091675
    },
    "THUMB_CMC": {
        "x": 0.7196444869041443,
        "y": 0.4862794876098633
    },
    "THUMB_MCP": {
        "x": 0.7178986072540283,
        "y": 0.5122851729393005
    },
    "THUMB_IP": {
        "x": 0.722667396068573,
        "y": 0.535568118095398
    },
    "THUMB_TIP": {
        "x": 0.7069776058197021,
        "y": 0.5542532801628113
    },
    "INDEX_FINGER_MCP": {
        "x": 0.6946004033088684,
        "y": 0.4648105800151825
    },
    "INDEX_FINGER_PIP": {
        "x": 0.7326584458351135,
        "y": 0.48311951756477356
    },
    "INDEX_FINGER_DIP": {
        "x": 0.7569943070411682,
        "y": 0.49923765659332275
    },
    "INDEX_FINGER_TIP": {
        "x": 0.7636088132858276,
        "y": 0.5056576728820801
    },
    "MIDDLE_FINGER_MCP": {
        "x": 0.7067708969116211,
        "y": 0.45003893971443176
    },
    "MIDDLE_FINGER_PIP": {
        "x": 0.755052924156189,
        "y": 0.4663149118423462
    },
    "MIDDLE_FINGER_DIP": {
        "x": 0.7747906446456909,
        "y": 0.4687211215496063
    },
    "MIDDLE_FINGER_TIP": {
        "x": 0.779198169708252,
        "y": 0.4625513255596161
    },
    "RING_FINGER_MCP": {
        "x": 0.727570116519928,
        "y": 0.441967248916626
    },
    "RING_FINGER_PIP": {
        "x": 0.7731054425239563,
        "y": 0.47366663813591003
    },
    "RING_FINGER_DIP": {
        "x": 0.7945858836174011,
        "y": 0.4989773631095886
    },
    "RING_FINGER_TIP": {
        "x": 0.8008596897125244,
        "y": 0.5086811780929565
    },
    "PINKY_MCP": {
        "x": 0.7538696527481079,
        "y": 0.4430668354034424
    },
    "PINKY_PIP": {
        "x": 0.7873830199241638,
        "y": 0.4705418646335602
    },
    "PINKY_DIP": {
        "x": 0.8003610968589783,
        "y": 0.4943937361240387
    },
    "PINKY_TIP": {
        "x": 0.8028278350830078,
        "y": 0.5061389803886414
    }
}