{
    "WRIST": {
        "x": 0.6909071803092957,
        "y": 0.4712308943271637
    },
    "THUMB_CMC": {
        "x": 0.644521176815033,
        "y": 0.48715850710868835
    },
    "THUMB_MCP": {
        "x": 0.6243358254432678,
        "y": 0.4976544976234436
    },
    "THUMB_IP": {
        "x": 0.6086044311523438,
        "y": 0.5105845928192139
    },
    "THUMB_TIP": {
        "x": 0.5989160537719727,
        "y": 0.5179553031921387
    },
    "INDEX_FINGER_MCP": {
        "x": 0.680704653263092,
        "y": 0.46954482793807983
    },
    "INDEX_FINGER_PIP": {
        "x": 0.7155277132987976,
        "y": 0.49000298976898193
    },
    "INDEX_FINGER_DIP": {
        "x": 0.7234253883361816,
        "y": 0.5095329284667969
    },
    "INDEX_FINGER_TIP": {
        "x": 0.7287386655807495,
        "y": 0.5224453806877136
    },
    "MIDDLE_FINGER_MCP": {
        "x": 0.7296637892723083,
        "y": 0.4651538133621216
    },
    "MIDDLE_FINGER_PIP": {
        "x": 0.7653412818908691,
        "y": 0.4807305335998535
    },
    "MIDDLE_FINGER_DIP": {
        "x": 0.7724765539169312,
        "y": 0.5017209053039551
    },
    "MIDDLE_FINGER_TIP": {
        "x": 0.7752669453620911,
        "y": 0.5158184766769409
    },
    "RING_FINGER_MCP": {
        "x": 0.7688890695571899,
        "y": 0.46391209959983826
    },
    "RING_FINGER_PIP": {
        "x": 0.7947431206703186,
        "y": 0.4635010361671448
    },
    "RING_FINGER_DIP": {
        "x": 0.7903645038604736,
        "y": 0.47136443853378296
    },
    "RING_FINGER_TIP": {
        "x": 0.7793892621994019,
        "y": 0.47860386967658997
    },
    "PINKY_MCP": {
        "x": 0.7940942645072937,
        "y": 0.4664147198200226
    },
    "PINKY_PIP": {
        "x": 0.8113220930099487,
        "y": 0.4645070731639862
    },
    "PINKY_DIP": {
        "x": 0.8033366203308105,
        "y": 0.465951532125473
    },
    "PINKY_TIP": {
        "x": 0.7962551712989807,
        "y": 0.46552419662475586
    }
}