{
    "WRIST": {
        "x": 0.7481933236122131,
        "y": 0.515468418598175
    },
    "THUMB_CMC": {
        "x": 0.688856303691864,
        "y": 0.538562536239624
    },
    "THUMB_MCP": {
        "x": 0.6672278046607971,
        "y": 0.5658155083656311
    },
    "THUMB_IP": {
        "x": 0.6536353230476379,
        "y": 0.5942632555961609
    },
    "THUMB_TIP": {
        "x": 0.641213059425354,
        "y": 0.6136366128921509
    },
    "INDEX_FINGER_MCP": {
        "x": 0.7144118547439575,
        "y": 0.5158583521842957
    },
    "INDEX_FINGER_PIP": {
        "x": 0.7379593849182129,
        "y": 0.5675926208496094
    },
    "INDEX_FINGER_DIP": {
        "x": 0.7430217266082764,
        "y": 0.6022663116455078
    },
    "INDEX_FINGER_TIP": {
        "x": 0.7489687204360962,
        "y": 0.6210591197013855
    },
    "MIDDLE_FINGER_MCP": {
        "x": 0.767229437828064,
        "y": 0.5084422826766968
    },
    "MIDDLE_FINGER_PIP": {
        "x": 0.7935252785682678,
        "y": 0.5695414543151855
    },
    "MIDDLE_FINGER_DIP": {
        "x": 0.79085373878479,
        "y": 0.5970318913459778
    },
    "MIDDLE_FINGER_TIP": {
        "x": 0.790774941444397,
        "y": 0.6063903570175171
    },
    "RING_FINGER_MCP": {
        "x": 0.8136841654777527,
        "y": 0.5098927617073059
    },
    "RING_FINGER_PIP": {
        "x": 0.8273502588272095,
        "y": 0.568901002407074
    },
    "RING_FINGER_DIP": {
        "x": 0.8159985542297363,
        "y": 0.5791645050048828
    },
    "RING_FINGER_TIP": {
        "x": 0.808862030506134,
        "y": 0.5717408657073975
    },
    "PINKY_MCP": {
        "x": 0.8480931520462036,
        "y": 0.5164722800254822
    },
    "PINKY_PIP": {
        "x": 0.855724036693573,
        "y": 0.5642960071563721
    },
    "PINKY_DIP": {
        "x": 0.8427770137786865,
        "y": 0.5731202363967896
    },
    "PINKY_TIP": {
        "x": 0.8335238099098206,
        "y": 0.5658092498779297
    }
}