{
    "WRIST": {
        "x": 0.8547375202178955,
        "y": 0.6281934976577759
    },
    "THUMB_CMC": {
        "x": 0.7985600233078003,
        "y": 0.6617154479026794
    },
    "THUMB_MCP": {
        "x": 0.7858415246009827,
        "y": 0.7089143991470337
    },
    "THUMB_IP": {
        "x": 0.8054345846176147,
        "y": 0.7539247274398804
    },
    "THUMB_TIP": {
        "x": 0.8138152360916138,
        "y": 0.7894752025604248
    },
    "INDEX_FINGER_MCP": {
        "x": 0.8769717216491699,
        "y": 0.6739940047264099
    },
    "INDEX_FINGER_PIP": {
        "x": 0.9065456390380859,
        "y": 0.7273410558700562
    },
    "INDEX_FINGER_DIP": {
        "x": 0.9027827978134155,
        "y": 0.7632147669792175
    },
    "INDEX_FINGER_TIP": {
        "x": 0.9020223021507263,
        "y": 0.7913748025894165
    },
    "MIDDLE_FINGER_MCP": {
        "x": 0.9293534159660339,
        "y": 0.6672651171684265
    },
    "MIDDLE_FINGER_PIP": {
        "x": 0.9348023533821106,
        "y": 0.7253813147544861
    },
    "MIDDLE_FINGER_DIP": {
        "x": 0.8998241424560547,
        "y": 0.7267827391624451
    },
    "MIDDLE_FINGER_TIP": {
        "x": 0.8793610334396362,
        "y": 0.718583881855011
    },
    "RING_FINGER_MCP": {
        "x": 0.9596396684646606,
        "y": 0.6663532853126526
    },
    "RING_FINGER_PIP": {
        "x": 0.959813117980957,
        "y": 0.7182594537734985
    },
    "RING_FINGER_DIP": {
        "x": 0.923404335975647,
        "y": 0.7232062220573425
    },
    "RING_FINGER_TIP": {
        "x": 0.9041505455970764,
        "y": 0.7200647592544556
    },
    "PINKY_MCP": {
        "x": 0.9750804901123047,
        "y": 0.6691991090774536
    },
    "PINKY_PIP": {
        "x": 0.9829943180084229,
        "y": 0.7072628736495972
    },
    "PINKY_DIP": {
        "x": 0.9583082795143127,
        "y": 0.7144317030906677
    },
    "PINKY_TIP": {
        "x": 0.9389656782150269,
        "y": 0.7138574123382568
    }
}