{
    "WRIST": {
        "x": 0.7873095273971558,
        "y": 0.49622607231140137
    },
    "THUMB_CMC": {
        "x": 0.7377397418022156,
        "y": 0.5211042761802673
    },
    "THUMB_MCP": {
        "x": 0.7155249714851379,
        "y": 0.5504439473152161
    },
    "THUMB_IP": {
        "x": 0.7226367592811584,
        "y": 0.5758060812950134
    },
    "THUMB_TIP": {
        "x": 0.7408814430236816,
        "y": 0.5927622318267822
    },
    "INDEX_FINGER_MCP": {
        "x": 0.7886685729026794,
        "y": 0.5395900011062622
    },
    "INDEX_FINGER_PIP": {
        "x": 0.8034337162971497,
        "y": 0.5573403239250183
    },
    "INDEX_FINGER_DIP": {
        "x": 0.798197865486145,
        "y": 0.5630888342857361
    },
    "INDEX_FINGER_TIP": {
        "x": 0.7978418469429016,
        "y": 0.5610462427139282
    },
    "MIDDLE_FINGER_MCP": {
        "x": 0.8309749364852905,
        "y": 0.5325934290885925
    },
    "MIDDLE_FINGER_PIP": {
        "x": 0.8507933020591736,
        "y": 0.5503070950508118
    },
    "MIDDLE_FINGER_DIP": {
        "x": 0.8331232666969299,
        "y": 0.5511650443077087
    },
    "MIDDLE_FINGER_TIP": {
        "x": 0.8250008225440979,
        "y": 0.5457634329795837
    },
    "RING_FINGER_MCP": {
        "x": 0.8628835678100586,
        "y": 0.5224791169166565
    },
    "RING_FINGER_PIP": {
        "x": 0.8771867752075195,
        "y": 0.5414844155311584
    },
    "RING_FINGER_DIP": {
        "x": 0.8640800714492798,
        "y": 0.5430834889411926
    },
    "RING_FINGER_TIP": {
        "x": 0.8589514493942261,
        "y": 0.5389318466186523
    },
    "PINKY_MCP": {
        "x": 0.8811928033828735,
        "y": 0.5141703486442566
    },
    "PINKY_PIP": {
        "x": 0.8938575387001038,
        "y": 0.526083767414093
    },
    "PINKY_DIP": {
        "x": 0.8874768614768982,
        "y": 0.527834415435791
    },
    "PINKY_TIP": {
        "x": 0.8829973340034485,
        "y": 0.5250550508499146
    }
}