{
    "WRIST": {
        "x": 0.8002126812934875,
        "y": 0.5421351790428162
    },
    "THUMB_CMC": {
        "x": 0.7260622382164001,
        "y": 0.5625379085540771
    },
    "THUMB_MCP": {
        "x": 0.6871523857116699,
        "y": 0.6036158204078674
    },
    "THUMB_IP": {
        "x": 0.6853898763656616,
        "y": 0.6434852480888367
    },
    "THUMB_TIP": {
        "x": 0.6913296580314636,
        "y": 0.6769320964813232
    },
    "INDEX_FINGER_MCP": {
        "x": 0.7754136323928833,
        "y": 0.5691161751747131
    },
    "INDEX_FINGER_PIP": {
        "x": 0.799403727054596,
        "y": 0.6263672113418579
    },
    "INDEX_FINGER_DIP": {
        "x": 0.8040231466293335,
        "y": 0.6668307781219482
    },
    "INDEX_FINGER_TIP": {
        "x": 0.8096296787261963,
        "y": 0.6966254115104675
    },
    "MIDDLE_FINGER_MCP": {
        "x": 0.8371209502220154,
        "y": 0.5751435160636902
    },
    "MIDDLE_FINGER_PIP": {
        "x": 0.8536310791969299,
        "y": 0.6432228088378906
    },
    "MIDDLE_FINGER_DIP": {
        "x": 0.8296630382537842,
        "y": 0.6682401895523071
    },
    "MIDDLE_FINGER_TIP": {
        "x": 0.8111909627914429,
        "y": 0.6771204471588135
    },
    "RING_FINGER_MCP": {
        "x": 0.8758254051208496,
        "y": 0.585355818271637
    },
    "RING_FINGER_PIP": {
        "x": 0.8805038928985596,
        "y": 0.6472352743148804
    },
    "RING_FINGER_DIP": {
        "x": 0.8421248197555542,
        "y": 0.6619293093681335
    },
    "RING_FINGER_TIP": {
        "x": 0.8176248073577881,
        "y": 0.6631597876548767
    },
    "PINKY_MCP": {
        "x": 0.8927726149559021,
        "y": 0.5959639549255371
    },
    "PINKY_PIP": {
        "x": 0.8871103525161743,
        "y": 0.6393669247627258
    },
    "PINKY_DIP": {
        "x": 0.8589159250259399,
        "y": 0.6577406525611877
    },
    "PINKY_TIP": {
        "x": 0.839423656463623,
        "y": 0.6665678024291992
    }
}