{
    "WRIST": {
        "x": 0.7886322140693665,
        "y": 0.540071964263916
    },
    "THUMB_CMC": {
        "x": 0.7278555035591125,
        "y": 0.561568558216095
    },
    "THUMB_MCP": {
        "x": 0.6881099343299866,
        "y": 0.589120090007782
    },
    "THUMB_IP": {
        "x": 0.6765515208244324,
        "y": 0.6241946816444397
    },
    "THUMB_TIP": {
        "x": 0.6639272570610046,
        "y": 0.6539525985717773
    },
    "INDEX_FINGER_MCP": {
        "x": 0.7333809733390808,
        "y": 0.5362386703491211
    },
    "INDEX_FINGER_PIP": {
        "x": 0.7612913250923157,
        "y": 0.5831707119941711
    },
    "INDEX_FINGER_DIP": {
        "x": 0.76963210105896,
        "y": 0.6229931712150574
    },
    "INDEX_FINGER_TIP": {
        "x": 0.778101921081543,
        "y": 0.6527963280677795
    },
    "MIDDLE_FINGER_MCP": {
        "x": 0.789287805557251,
        "y": 0.5347382426261902
    },
    "MIDDLE_FINGER_PIP": {
        "x": 0.8150690793991089,
        "y": 0.5828055143356323
    },
    "MIDDLE_FINGER_DIP": {
        "x": 0.8085459470748901,
        "y": 0.6070429682731628
    },
    "MIDDLE_FINGER_TIP": {
        "x": 0.8052091002464294,
        "y": 0.6179389357566833
    },
    "RING_FINGER_MCP": {
        "x": 0.834435760974884,
        "y": 0.5423649549484253
    },
    "RING_FINGER_PIP": {
        "x": 0.8490954637527466,
        "y": 0.5905487537384033
    },
    "RING_FINGER_DIP": {
        "x": 0.8326011896133423,
        "y": 0.6148321628570557
    },
    "RING_FINGER_TIP": {
        "x": 0.8203057050704956,
        "y": 0.6248382329940796
    },
    "PINKY_MCP": {
        "x": 0.8659533262252808,
        "y": 0.5557093024253845
    },
    "PINKY_PIP": {
        "x": 0.8751211166381836,
        "y": 0.5890639424324036
    },
    "PINKY_DIP": {
        "x": 0.8649020791053772,
        "y": 0.6133045554161072
    },
    "PINKY_TIP": {
        "x": 0.8546691536903381,
        "y": 0.6291896104812622
    }
}