{
    "WRIST": {
        "x": 0.7426425218582153,
        "y": 0.4298405349254608
    },
    "THUMB_CMC": {
        "x": 0.6928485035896301,
        "y": 0.44906237721443176
    },
    "THUMB_MCP": {
        "x": 0.6620502471923828,
        "y": 0.46520644426345825
    },
    "THUMB_IP": {
        "x": 0.669465959072113,
        "y": 0.4841386675834656
    },
    "THUMB_TIP": {
        "x": 0.6830162405967712,
        "y": 0.4983077347278595
    },
    "INDEX_FINGER_MCP": {
        "x": 0.6830854415893555,
        "y": 0.441628098487854
    },
    "INDEX_FINGER_PIP": {
        "x": 0.6873775124549866,
        "y": 0.48430314660072327
    },
    "INDEX_FINGER_DIP": {
        "x": 0.6938807964324951,
        "y": 0.5200600624084473
    },
    "INDEX_FINGER_TIP": {
        "x": 0.7005889415740967,
        "y": 0.5451956391334534
    },
    "MIDDLE_FINGER_MCP": {
        "x": 0.7364040017127991,
        "y": 0.43689990043640137
    },
    "MIDDLE_FINGER_PIP": {
        "x": 0.7575491070747375,
        "y": 0.4933244585990906
    },
    "MIDDLE_FINGER_DIP": {
        "x": 0.7558404803276062,
        "y": 0.5331872701644897
    },
    "MIDDLE_FINGER_TIP": {
        "x": 0.7482917904853821,
        "y": 0.5563743114471436
    },
    "RING_FINGER_MCP": {
        "x": 0.7862176299095154,
        "y": 0.43801775574684143
    },
    "RING_FINGER_PIP": {
        "x": 0.8123523592948914,
        "y": 0.49591219425201416
    },
    "RING_FINGER_DIP": {
        "x": 0.8018646836280823,
        "y": 0.5235647559165955
    },
    "RING_FINGER_TIP": {
        "x": 0.7920225262641907,
        "y": 0.5333734750747681
    },
    "PINKY_MCP": {
        "x": 0.831818699836731,
        "y": 0.4393492639064789
    },
    "PINKY_PIP": {
        "x": 0.8566031455993652,
        "y": 0.48512423038482666
    },
    "PINKY_DIP": {
        "x": 0.8396387100219727,
        "y": 0.5032216906547546
    },
    "PINKY_TIP": {
        "x": 0.8216914534568787,
        "y": 0.511997640132904
    }
}