{
    "WRIST": {
        "x": 0.8205136656761169,
        "y": 0.5800204277038574
    },
    "THUMB_CMC": {
        "x": 0.7475289702415466,
        "y": 0.6133624911308289
    },
    "THUMB_MCP": {
        "x": 0.7189489006996155,
        "y": 0.661396324634552
    },
    "THUMB_IP": {
        "x": 0.7237401008605957,
        "y": 0.7088913321495056
    },
    "THUMB_TIP": {
        "x": 0.7333258390426636,
        "y": 0.7454482316970825
    },
    "INDEX_FINGER_MCP": {
        "x": 0.8070773482322693,
        "y": 0.6584166884422302
    },
    "INDEX_FINGER_PIP": {
        "x": 0.8247547745704651,
        "y": 0.726044237613678
    },
    "INDEX_FINGER_DIP": {
        "x": 0.8200111389160156,
        "y": 0.7642643451690674
    },
    "INDEX_FINGER_TIP": {
        "x": 0.813734769821167,
        "y": 0.790590763092041
    },
    "MIDDLE_FINGER_MCP": {
        "x": 0.8624336123466492,
        "y": 0.6614229679107666
    },
    "MIDDLE_FINGER_PIP": {
        "x": 0.8835594654083252,
        "y": 0.7337775826454163
    },
    "MIDDLE_FINGER_DIP": {
        "x": 0.8618884682655334,
        "y": 0.7576309442520142
    },
    "MIDDLE_FINGER_TIP": {
        "x": 0.8394624590873718,
        "y": 0.7660817503929138
    },
    "RING_FINGER_MCP": {
        "x": 0.8935016393661499,
        "y": 0.6646564602851868
    },
    "RING_FINGER_PIP": {
        "x": 0.9140633344650269,
        "y": 0.7272365093231201
    },
    "RING_FINGER_DIP": {
        "x": 0.8879680633544922,
        "y": 0.7476652264595032
    },
    "RING_FINGER_TIP": {
        "x": 0.8616147637367249,
        "y": 0.7548286318778992
    },
    "PINKY_MCP": {
        "x": 0.903003454208374,
        "y": 0.6663258075714111
    },
    "PINKY_PIP": {
        "x": 0.9187343120574951,
        "y": 0.7132534384727478
    },
    "PINKY_DIP": {
        "x": 0.9030759930610657,
        "y": 0.7344081997871399
    },
    "PINKY_TIP": {
        "x": 0.8824262022972107,
        "y": 0.7449954152107239
    }
}