{
    "WRIST": {
        "x": 0.8690828680992126,
        "y": 0.6256028413772583
    },
    "THUMB_CMC": {
        "x": 0.8183181285858154,
        "y": 0.6546614766120911
    },
    "THUMB_MCP": {
        "x": 0.8141202926635742,
        "y": 0.7005554437637329
    },
    "THUMB_IP": {
        "x": 0.8143166303634644,
        "y": 0.7431082129478455
    },
    "THUMB_TIP": {
        "x": 0.814338207244873,
        "y": 0.7792865037918091
    },
    "INDEX_FINGER_MCP": {
        "x": 0.9355713129043579,
        "y": 0.6710102558135986
    },
    "INDEX_FINGER_PIP": {
        "x": 0.9334428310394287,
        "y": 0.7348805069923401
    },
    "INDEX_FINGER_DIP": {
        "x": 0.9232814908027649,
        "y": 0.7738027572631836
    },
    "INDEX_FINGER_TIP": {
        "x": 0.9222769141197205,
        "y": 0.8014590740203857
    },
    "MIDDLE_FINGER_MCP": {
        "x": 0.979880690574646,
        "y": 0.6699095964431763
    },
    "MIDDLE_FINGER_PIP": {
        "x": 0.9431537985801697,
        "y": 0.7275778651237488
    },
    "MIDDLE_FINGER_DIP": {
        "x": 0.9061254858970642,
        "y": 0.7238119840621948
    },
    "MIDDLE_FINGER_TIP": {
        "x": 0.9004851579666138,
        "y": 0.7136995196342468
    },
    "RING_FINGER_MCP": {
        "x": 0.9967578053474426,
        "y": 0.6696808338165283
    },
    "RING_FINGER_PIP": {
        "x": 0.9573749303817749,
        "y": 0.7171197533607483
    },
    "RING_FINGER_DIP": {
        "x": 0.9184521436691284,
        "y": 0.7125309109687805
    },
    "RING_FINGER_TIP": {
        "x": 0.9113144278526306,
        "y": 0.7031340599060059
    },
    "PINKY_MCP": {
        "x": 0.9988966584205627,
        "y": 0.6722771525382996
    },
    "PINKY_PIP": {
        "x": 0.9774242639541626,
        "y": 0.705149233341217
    },
    "PINKY_DIP": {
        "x": 0.9424134492874146,
        "y": 0.7018445134162903
    },
    "PINKY_TIP": {
        "x": 0.9249128699302673,
        "y": 0.6953213810920715
    }
}