{
    "WRIST": {
        "x": 0.8005613088607788,
        "y": 0.5502145290374756
    },
    "THUMB_CMC": {
        "x": 0.7322709560394287,
        "y": 0.5854195952415466
    },
    "THUMB_MCP": {
        "x": 0.7047600746154785,
        "y": 0.6330514550209045
    },
    "THUMB_IP": {
        "x": 0.705689549446106,
        "y": 0.6790903210639954
    },
    "THUMB_TIP": {
        "x": 0.7088078856468201,
        "y": 0.7158656716346741
    },
    "INDEX_FINGER_MCP": {
        "x": 0.793402910232544,
        "y": 0.6174532771110535
    },
    "INDEX_FINGER_PIP": {
        "x": 0.8201159834861755,
        "y": 0.6810596585273743
    },
    "INDEX_FINGER_DIP": {
        "x": 0.818710207939148,
        "y": 0.718352735042572
    },
    "INDEX_FINGER_TIP": {
        "x": 0.8110251426696777,
        "y": 0.7460210919380188
    },
    "MIDDLE_FINGER_MCP": {
        "x": 0.8504992723464966,
        "y": 0.6201572418212891
    },
    "MIDDLE_FINGER_PIP": {
        "x": 0.8853498697280884,
        "y": 0.6845983266830444
    },
    "MIDDLE_FINGER_DIP": {
        "x": 0.8779348731040955,
        "y": 0.7198998928070068
    },
    "MIDDLE_FINGER_TIP": {
        "x": 0.8648190498352051,
        "y": 0.7433355450630188
    },
    "RING_FINGER_MCP": {
        "x": 0.8835641145706177,
        "y": 0.6241981387138367
    },
    "RING_FINGER_PIP": {
        "x": 0.9141750335693359,
        "y": 0.6824601292610168
    },
    "RING_FINGER_DIP": {
        "x": 0.9006081819534302,
        "y": 0.7127371430397034
    },
    "RING_FINGER_TIP": {
        "x": 0.883514940738678,
        "y": 0.7316845655441284
    },
    "PINKY_MCP": {
        "x": 0.8962602615356445,
        "y": 0.6277879476547241
    },
    "PINKY_PIP": {
        "x": 0.9149156808853149,
        "y": 0.6730499267578125
    },
    "PINKY_DIP": {
        "x": 0.9080399870872498,
        "y": 0.6971431970596313
    },
    "PINKY_TIP": {
        "x": 0.8976631164550781,
        "y": 0.713910698890686
    }
}