{
    "WRIST": {
        "x": 0.8517354130744934,
        "y": 0.6274977326393127
    },
    "THUMB_CMC": {
        "x": 0.8002405762672424,
        "y": 0.6596024632453918
    },
    "THUMB_MCP": {
        "x": 0.7878292202949524,
        "y": 0.7080639004707336
    },
    "THUMB_IP": {
        "x": 0.8042243719100952,
        "y": 0.7522846460342407
    },
    "THUMB_TIP": {
        "x": 0.8096054792404175,
        "y": 0.7868271470069885
    },
    "INDEX_FINGER_MCP": {
        "x": 0.8812743425369263,
        "y": 0.6930452585220337
    },
    "INDEX_FINGER_PIP": {
        "x": 0.9062482118606567,
        "y": 0.7401755452156067
    },
    "INDEX_FINGER_DIP": {
        "x": 0.9064821600914001,
        "y": 0.7715564370155334
    },
    "INDEX_FINGER_TIP": {
        "x": 0.9083771109580994,
        "y": 0.7972561717033386
    },
    "MIDDLE_FINGER_MCP": {
        "x": 0.9268065690994263,
        "y": 0.6806334257125854
    },
    "MIDDLE_FINGER_PIP": {
        "x": 0.9252669811248779,
        "y": 0.7186991572380066
    },
    "MIDDLE_FINGER_DIP": {
        "x": 0.8959478139877319,
        "y": 0.7153614163398743
    },
    "MIDDLE_FINGER_TIP": {
        "x": 0.8841503858566284,
        "y": 0.7106599807739258
    },
    "RING_FINGER_MCP": {
        "x": 0.9570673108100891,
        "y": 0.6719828248023987
    },
    "RING_FINGER_PIP": {
        "x": 0.9534195065498352,
        "y": 0.7048895955085754
    },
    "RING_FINGER_DIP": {
        "x": 0.9257863759994507,
        "y": 0.7066118717193604
    },
    "RING_FINGER_TIP": {
        "x": 0.9143871068954468,
        "y": 0.7066684365272522
    },
    "PINKY_MCP": {
        "x": 0.9757462739944458,
        "y": 0.6672465205192566
    },
    "PINKY_PIP": {
        "x": 0.9977766275405884,
        "y": 0.6918622851371765
    },
    "PINKY_DIP": {
        "x": 1.00111722946167,
        "y": 0.6987333297729492
    },
    "PINKY_TIP": {
        "x": 1.0060068368911743,
        "y": 0.7029854655265808
    }
}