{
    "WRIST": {
        "x": 0.7511776089668274,
        "y": 0.512622594833374
    },
    "THUMB_CMC": {
        "x": 0.7301369905471802,
        "y": 0.5298814177513123
    },
    "THUMB_MCP": {
        "x": 0.7116093635559082,
        "y": 0.5526850819587708
    },
    "THUMB_IP": {
        "x": 0.6907438635826111,
        "y": 0.5802484154701233
    },
    "THUMB_TIP": {
        "x": 0.6589465141296387,
        "y": 0.5971882343292236
    },
    "INDEX_FINGER_MCP": {
        "x": 0.7193081974983215,
        "y": 0.4858187437057495
    },
    "INDEX_FINGER_PIP": {
        "x": 0.7462011575698853,
        "y": 0.526390552520752
    },
    "INDEX_FINGER_DIP": {
        "x": 0.7567958831787109,
        "y": 0.5576542615890503
    },
    "INDEX_FINGER_TIP": {
        "x": 0.758170485496521,
        "y": 0.5744864344596863
    },
    "MIDDLE_FINGER_MCP": {
        "x": 0.7417294383049011,
        "y": 0.47619542479515076
    },
    "MIDDLE_FINGER_PIP": {
        "x": 0.7763677835464478,
        "y": 0.5198166370391846
    },
    "MIDDLE_FINGER_DIP": {
        "x": 0.7881174087524414,
        "y": 0.5355770587921143
    },
    "MIDDLE_FINGER_TIP": {
        "x": 0.7910422682762146,
        "y": 0.5390517711639404
    },
    "RING_FINGER_MCP": {
        "x": 0.7683377861976624,
        "y": 0.47922512888908386
    },
    "RING_FINGER_PIP": {
        "x": 0.7938960194587708,
        "y": 0.526551365852356
    },
    "RING_FINGER_DIP": {
        "x": 0.7973715662956238,
        "y": 0.5557058453559875
    },
    "RING_FINGER_TIP": {
        "x": 0.7964708209037781,
        "y": 0.566362738609314
    },
    "PINKY_MCP": {
        "x": 0.7906093001365662,
        "y": 0.49271681904792786
    },
    "PINKY_PIP": {
        "x": 0.8079856038093567,
        "y": 0.5259771943092346
    },
    "PINKY_DIP": {
        "x": 0.7980114817619324,
        "y": 0.5515244603157043
    },
    "PINKY_TIP": {
        "x": 0.7843443155288696,
        "y": 0.5633805990219116
    }
}