{
    "WRIST": {
        "x": 0.6978178024291992,
        "y": 0.4334467649459839
    },
    "THUMB_CMC": {
        "x": 0.6703312397003174,
        "y": 0.45833390951156616
    },
    "THUMB_MCP": {
        "x": 0.6651422381401062,
        "y": 0.4935825765132904
    },
    "THUMB_IP": {
        "x": 0.6812582015991211,
        "y": 0.5250588059425354
    },
    "THUMB_TIP": {
        "x": 0.6804257035255432,
        "y": 0.548920750617981
    },
    "INDEX_FINGER_MCP": {
        "x": 0.6937135457992554,
        "y": 0.46756815910339355
    },
    "INDEX_FINGER_PIP": {
        "x": 0.7318886518478394,
        "y": 0.48274505138397217
    },
    "INDEX_FINGER_DIP": {
        "x": 0.7458344101905823,
        "y": 0.4991108179092407
    },
    "INDEX_FINGER_TIP": {
        "x": 0.7520971894264221,
        "y": 0.5125622153282166
    },
    "MIDDLE_FINGER_MCP": {
        "x": 0.7352389097213745,
        "y": 0.46213018894195557
    },
    "MIDDLE_FINGER_PIP": {
        "x": 0.7740440964698792,
        "y": 0.46530476212501526
    },
    "MIDDLE_FINGER_DIP": {
        "x": 0.7676429152488708,
        "y": 0.4631221890449524
    },
    "MIDDLE_FINGER_TIP": {
        "x": 0.7548385858535767,
        "y": 0.4635884165763855
    },
    "RING_FINGER_MCP": {
        "x": 0.767853856086731,
        "y": 0.45444315671920776
    },
    "RING_FINGER_PIP": {
        "x": 0.7971826791763306,
        "y": 0.4593205153942108
    },
    "RING_FINGER_DIP": {
        "x": 0.7861354351043701,
        "y": 0.45675790309906006
    },
    "RING_FINGER_TIP": {
        "x": 0.7734779119491577,
        "y": 0.4567480683326721
    },
    "PINKY_MCP": {
        "x": 0.7923248410224915,
        "y": 0.45061933994293213
    },
    "PINKY_PIP": {
        "x": 0.8160302042961121,
        "y": 0.46160653233528137
    },
    "PINKY_DIP": {
        "x": 0.8060359954833984,
        "y": 0.4721982777118683
    },
    "PINKY_TIP": {
        "x": 0.7898222804069519,
        "y": 0.48149505257606506
    }
}