{
    "WRIST": {
        "x": 0.8499231338500977,
        "y": 0.625115156173706
    },
    "THUMB_CMC": {
        "x": 0.7852200865745544,
        "y": 0.6526815891265869
    },
    "THUMB_MCP": {
        "x": 0.769172728061676,
        "y": 0.6997018456459045
    },
    "THUMB_IP": {
        "x": 0.7867286801338196,
        "y": 0.7444942593574524
    },
    "THUMB_TIP": {
        "x": 0.7956234812736511,
        "y": 0.78276526927948
    },
    "INDEX_FINGER_MCP": {
        "x": 0.8804373145103455,
        "y": 0.6695549488067627
    },
    "INDEX_FINGER_PIP": {
        "x": 0.8959208726882935,
        "y": 0.7302083969116211
    },
    "INDEX_FINGER_DIP": {
        "x": 0.8902823328971863,
        "y": 0.768395721912384
    },
    "INDEX_FINGER_TIP": {
        "x": 0.8896690607070923,
        "y": 0.7974929809570312
    },
    "MIDDLE_FINGER_MCP": {
        "x": 0.9412586092948914,
        "y": 0.6712081432342529
    },
    "MIDDLE_FINGER_PIP": {
        "x": 0.9199270606040955,
        "y": 0.7327773571014404
    },
    "MIDDLE_FINGER_DIP": {
        "x": 0.8784518241882324,
        "y": 0.7241127490997314
    },
    "MIDDLE_FINGER_TIP": {
        "x": 0.8631860017776489,
        "y": 0.7087369561195374
    },
    "RING_FINGER_MCP": {
        "x": 0.9715216159820557,
        "y": 0.6750934720039368
    },
    "RING_FINGER_PIP": {
        "x": 0.942740261554718,
        "y": 0.7287871241569519
    },
    "RING_FINGER_DIP": {
        "x": 0.8974597454071045,
        "y": 0.7231020331382751
    },
    "RING_FINGER_TIP": {
        "x": 0.8828284740447998,
        "y": 0.7111247181892395
    },
    "PINKY_MCP": {
        "x": 0.9823361039161682,
        "y": 0.6795251369476318
    },
    "PINKY_PIP": {
        "x": 0.9644808769226074,
        "y": 0.7182374000549316
    },
    "PINKY_DIP": {
        "x": 0.9295789003372192,
        "y": 0.7162482142448425
    },
    "PINKY_TIP": {
        "x": 0.9125641584396362,
        "y": 0.7070006728172302
    }
}