{
    "WRIST": {
        "x": 0.8450289964675903,
        "y": 0.6085478663444519
    },
    "THUMB_CMC": {
        "x": 0.801780641078949,
        "y": 0.6496642827987671
    },
    "THUMB_MCP": {
        "x": 0.7943006753921509,
        "y": 0.6977488398551941
    },
    "THUMB_IP": {
        "x": 0.8016542196273804,
        "y": 0.7361485958099365
    },
    "THUMB_TIP": {
        "x": 0.8043346405029297,
        "y": 0.7645464539527893
    },
    "INDEX_FINGER_MCP": {
        "x": 0.8870775699615479,
        "y": 0.6959972977638245
    },
    "INDEX_FINGER_PIP": {
        "x": 0.9137336015701294,
        "y": 0.7479203939437866
    },
    "INDEX_FINGER_DIP": {
        "x": 0.910805881023407,
        "y": 0.7719563841819763
    },
    "INDEX_FINGER_TIP": {
        "x": 0.9024591445922852,
        "y": 0.7891212701797485
    },
    "MIDDLE_FINGER_MCP": {
        "x": 0.9376313090324402,
        "y": 0.6836650371551514
    },
    "MIDDLE_FINGER_PIP": {
        "x": 0.9512636661529541,
        "y": 0.7223411798477173
    },
    "MIDDLE_FINGER_DIP": {
        "x": 0.922254204750061,
        "y": 0.7260173559188843
    },
    "MIDDLE_FINGER_TIP": {
        "x": 0.9002702236175537,
        "y": 0.7225328683853149
    },
    "RING_FINGER_MCP": {
        "x": 0.9661921262741089,
        "y": 0.666630208492279
    },
    "RING_FINGER_PIP": {
        "x": 0.976560115814209,
        "y": 0.6976784467697144
    },
    "RING_FINGER_DIP": {
        "x": 0.942599356174469,
        "y": 0.6989031434059143
    },
    "RING_FINGER_TIP": {
        "x": 0.9186892509460449,
        "y": 0.6946295499801636
    },
    "PINKY_MCP": {
        "x": 0.9769285917282104,
        "y": 0.6523115634918213
    },
    "PINKY_PIP": {
        "x": 0.995227575302124,
        "y": 0.6756264567375183
    },
    "PINKY_DIP": {
        "x": 0.9709885120391846,
        "y": 0.6794706583023071
    },
    "PINKY_TIP": {
        "x": 0.9470251202583313,
        "y": 0.6769241690635681
    }
}