{
    "WRIST": {
        "x": 0.7456644773483276,
        "y": 0.4741362929344177
    },
    "THUMB_CMC": {
        "x": 0.7409964203834534,
        "y": 0.483169287443161
    },
    "THUMB_MCP": {
        "x": 0.7352576851844788,
        "y": 0.5149791240692139
    },
    "THUMB_IP": {
        "x": 0.7279128432273865,
        "y": 0.5473602414131165
    },
    "THUMB_TIP": {
        "x": 0.7055266499519348,
        "y": 0.5781086683273315
    },
    "INDEX_FINGER_MCP": {
        "x": 0.7117579579353333,
        "y": 0.4918065071105957
    },
    "INDEX_FINGER_PIP": {
        "x": 0.7295188307762146,
        "y": 0.5138991475105286
    },
    "INDEX_FINGER_DIP": {
        "x": 0.7525515556335449,
        "y": 0.5385257601737976
    },
    "INDEX_FINGER_TIP": {
        "x": 0.7681924700737,
        "y": 0.557901918888092
    },
    "MIDDLE_FINGER_MCP": {
        "x": 0.7305061221122742,
        "y": 0.49474719166755676
    },
    "MIDDLE_FINGER_PIP": {
        "x": 0.7683093547821045,
        "y": 0.5225440263748169
    },
    "MIDDLE_FINGER_DIP": {
        "x": 0.8027461767196655,
        "y": 0.5459553599357605
    },
    "MIDDLE_FINGER_TIP": {
        "x": 0.8241735696792603,
        "y": 0.5599520206451416
    },
    "RING_FINGER_MCP": {
        "x": 0.7579248547554016,
        "y": 0.5006116032600403
    },
    "RING_FINGER_PIP": {
        "x": 0.8001822829246521,
        "y": 0.5362129211425781
    },
    "RING_FINGER_DIP": {
        "x": 0.8300036191940308,
        "y": 0.5649040937423706
    },
    "RING_FINGER_TIP": {
        "x": 0.8482256531715393,
        "y": 0.5814695358276367
    },
    "PINKY_MCP": {
        "x": 0.7871887683868408,
        "y": 0.5094600319862366
    },
    "PINKY_PIP": {
        "x": 0.8214391469955444,
        "y": 0.5363587141036987
    },
    "PINKY_DIP": {
        "x": 0.8371674418449402,
        "y": 0.5589861273765564
    },
    "PINKY_TIP": {
        "x": 0.8438114523887634,
        "y": 0.5752781629562378
    }
}