{
    "WRIST": {
        "x": 0.7065786123275757,
        "y": 0.4255925714969635
    },
    "THUMB_CMC": {
        "x": 0.678231954574585,
        "y": 0.43819883465766907
    },
    "THUMB_MCP": {
        "x": 0.6720956563949585,
        "y": 0.46899300813674927
    },
    "THUMB_IP": {
        "x": 0.6794880032539368,
        "y": 0.500529944896698
    },
    "THUMB_TIP": {
        "x": 0.6847693920135498,
        "y": 0.5266457796096802
    },
    "INDEX_FINGER_MCP": {
        "x": 0.7100062370300293,
        "y": 0.44422340393066406
    },
    "INDEX_FINGER_PIP": {
        "x": 0.7225049138069153,
        "y": 0.4705362021923065
    },
    "INDEX_FINGER_DIP": {
        "x": 0.7314275503158569,
        "y": 0.48893067240715027
    },
    "INDEX_FINGER_TIP": {
        "x": 0.7471745014190674,
        "y": 0.5046111941337585
    },
    "MIDDLE_FINGER_MCP": {
        "x": 0.7555123567581177,
        "y": 0.44460010528564453
    },
    "MIDDLE_FINGER_PIP": {
        "x": 0.7721304297447205,
        "y": 0.4582839906215668
    },
    "MIDDLE_FINGER_DIP": {
        "x": 0.7608460783958435,
        "y": 0.4520365595817566
    },
    "MIDDLE_FINGER_TIP": {
        "x": 0.7555171251296997,
        "y": 0.4494869112968445
    },
    "RING_FINGER_MCP": {
        "x": 0.7872325778007507,
        "y": 0.4431414008140564
    },
    "RING_FINGER_PIP": {
        "x": 0.793143630027771,
        "y": 0.4516628384590149
    },
    "RING_FINGER_DIP": {
        "x": 0.7759631276130676,
        "y": 0.4466322362422943
    },
    "RING_FINGER_TIP": {
        "x": 0.7701640725135803,
        "y": 0.4460873603820801
    },
    "PINKY_MCP": {
        "x": 0.8125277161598206,
        "y": 0.44282975792884827
    },
    "PINKY_PIP": {
        "x": 0.8171030282974243,
        "y": 0.4465659558773041
    },
    "PINKY_DIP": {
        "x": 0.80489182472229,
        "y": 0.44229692220687866
    },
    "PINKY_TIP": {
        "x": 0.7984579205513,
        "y": 0.44058528542518616
    }
}