{
    "WRIST": {
        "x": 0.8543811440467834,
        "y": 0.5332703590393066
    },
    "THUMB_CMC": {
        "x": 0.7966529130935669,
        "y": 0.5691036581993103
    },
    "THUMB_MCP": {
        "x": 0.7781257033348083,
        "y": 0.6131205558776855
    },
    "THUMB_IP": {
        "x": 0.7793474793434143,
        "y": 0.6524466872215271
    },
    "THUMB_TIP": {
        "x": 0.7829122543334961,
        "y": 0.6831742525100708
    },
    "INDEX_FINGER_MCP": {
        "x": 0.8606065511703491,
        "y": 0.6230210661888123
    },
    "INDEX_FINGER_PIP": {
        "x": 0.8789771795272827,
        "y": 0.6647886037826538
    },
    "INDEX_FINGER_DIP": {
        "x": 0.8804823160171509,
        "y": 0.6832239627838135
    },
    "INDEX_FINGER_TIP": {
        "x": 0.8802679181098938,
        "y": 0.6951947808265686
    },
    "MIDDLE_FINGER_MCP": {
        "x": 0.9044155478477478,
        "y": 0.6166064143180847
    },
    "MIDDLE_FINGER_PIP": {
        "x": 0.9039577841758728,
        "y": 0.6537721157073975
    },
    "MIDDLE_FINGER_DIP": {
        "x": 0.8791226148605347,
        "y": 0.6544202566146851
    },
    "MIDDLE_FINGER_TIP": {
        "x": 0.8632795810699463,
        "y": 0.6476154923439026
    },
    "RING_FINGER_MCP": {
        "x": 0.9312678575515747,
        "y": 0.6059456467628479
    },
    "RING_FINGER_PIP": {
        "x": 0.9299783706665039,
        "y": 0.6388657093048096
    },
    "RING_FINGER_DIP": {
        "x": 0.9039437174797058,
        "y": 0.6397814154624939
    },
    "RING_FINGER_TIP": {
        "x": 0.8886919617652893,
        "y": 0.6328843832015991
    },
    "PINKY_MCP": {
        "x": 0.9455016255378723,
        "y": 0.5940044522285461
    },
    "PINKY_PIP": {
        "x": 0.9495936632156372,
        "y": 0.6220552325248718
    },
    "PINKY_DIP": {
        "x": 0.9308673143386841,
        "y": 0.6254294514656067
    },
    "PINKY_TIP": {
        "x": 0.9162792563438416,
        "y": 0.6216272711753845
    }
}