{
    "WRIST": {
        "x": 0.8483566045761108,
        "y": 0.6315550804138184
    },
    "THUMB_CMC": {
        "x": 0.7946937680244446,
        "y": 0.6645486354827881
    },
    "THUMB_MCP": {
        "x": 0.7810919880867004,
        "y": 0.7080121636390686
    },
    "THUMB_IP": {
        "x": 0.7983401417732239,
        "y": 0.7489334940910339
    },
    "THUMB_TIP": {
        "x": 0.8061841726303101,
        "y": 0.7822988033294678
    },
    "INDEX_FINGER_MCP": {
        "x": 0.8660451173782349,
        "y": 0.6743801832199097
    },
    "INDEX_FINGER_PIP": {
        "x": 0.8986526727676392,
        "y": 0.7261044979095459
    },
    "INDEX_FINGER_DIP": {
        "x": 0.90067058801651,
        "y": 0.7633171081542969
    },
    "INDEX_FINGER_TIP": {
        "x": 0.9021347761154175,
        "y": 0.7918901443481445
    },
    "MIDDLE_FINGER_MCP": {
        "x": 0.9191030263900757,
        "y": 0.6683666706085205
    },
    "MIDDLE_FINGER_PIP": {
        "x": 0.9301052093505859,
        "y": 0.7232998013496399
    },
    "MIDDLE_FINGER_DIP": {
        "x": 0.8966323137283325,
        "y": 0.7261223793029785
    },
    "MIDDLE_FINGER_TIP": {
        "x": 0.8728842735290527,
        "y": 0.7181951999664307
    },
    "RING_FINGER_MCP": {
        "x": 0.950126051902771,
        "y": 0.6669489145278931
    },
    "RING_FINGER_PIP": {
        "x": 0.9540336728096008,
        "y": 0.7167869806289673
    },
    "RING_FINGER_DIP": {
        "x": 0.9174845218658447,
        "y": 0.7238360643386841
    },
    "RING_FINGER_TIP": {
        "x": 0.8949345350265503,
        "y": 0.7201142311096191
    },
    "PINKY_MCP": {
        "x": 0.9660125970840454,
        "y": 0.6690477728843689
    },
    "PINKY_PIP": {
        "x": 0.9766826629638672,
        "y": 0.706198513507843
    },
    "PINKY_DIP": {
        "x": 0.9503158330917358,
        "y": 0.7140396237373352
    },
    "PINKY_TIP": {
        "x": 0.9263034462928772,
        "y": 0.7124772071838379
    }
}