{
    "WRIST": {
        "x": 0.6841427087783813,
        "y": 0.42576104402542114
    },
    "THUMB_CMC": {
        "x": 0.6743701100349426,
        "y": 0.45343512296676636
    },
    "THUMB_MCP": {
        "x": 0.6762256026268005,
        "y": 0.48698514699935913
    },
    "THUMB_IP": {
        "x": 0.6860020756721497,
        "y": 0.5170454382896423
    },
    "THUMB_TIP": {
        "x": 0.6889514923095703,
        "y": 0.5360450744628906
    },
    "INDEX_FINGER_MCP": {
        "x": 0.688226044178009,
        "y": 0.44913357496261597
    },
    "INDEX_FINGER_PIP": {
        "x": 0.7312424778938293,
        "y": 0.4687042236328125
    },
    "INDEX_FINGER_DIP": {
        "x": 0.7521388530731201,
        "y": 0.4859459400177002
    },
    "INDEX_FINGER_TIP": {
        "x": 0.7615403532981873,
        "y": 0.4962991774082184
    },
    "MIDDLE_FINGER_MCP": {
        "x": 0.7181645631790161,
        "y": 0.4413684010505676
    },
    "MIDDLE_FINGER_PIP": {
        "x": 0.7663142681121826,
        "y": 0.45719319581985474
    },
    "MIDDLE_FINGER_DIP": {
        "x": 0.7756372094154358,
        "y": 0.46188002824783325
    },
    "MIDDLE_FINGER_TIP": {
        "x": 0.7719700932502747,
        "y": 0.4617692232131958
    },
    "RING_FINGER_MCP": {
        "x": 0.7445141077041626,
        "y": 0.43562737107276917
    },
    "RING_FINGER_PIP": {
        "x": 0.7780816555023193,
        "y": 0.45389872789382935
    },
    "RING_FINGER_DIP": {
        "x": 0.7775442600250244,
        "y": 0.45820844173431396
    },
    "RING_FINGER_TIP": {
        "x": 0.7667286396026611,
        "y": 0.45916256308555603
    },
    "PINKY_MCP": {
        "x": 0.766821563243866,
        "y": 0.4368778467178345
    },
    "PINKY_PIP": {
        "x": 0.7851541042327881,
        "y": 0.4545972943305969
    },
    "PINKY_DIP": {
        "x": 0.779148280620575,
        "y": 0.4681030511856079
    },
    "PINKY_TIP": {
        "x": 0.7635588049888611,
        "y": 0.4765497148036957
    }
}