{
    "WRIST": {
        "x": 0.844286322593689,
        "y": 0.6276283264160156
    },
    "THUMB_CMC": {
        "x": 0.7910609245300293,
        "y": 0.6551170945167542
    },
    "THUMB_MCP": {
        "x": 0.7781821489334106,
        "y": 0.7017157077789307
    },
    "THUMB_IP": {
        "x": 0.7899074554443359,
        "y": 0.7449334859848022
    },
    "THUMB_TIP": {
        "x": 0.7883614301681519,
        "y": 0.7798803448677063
    },
    "INDEX_FINGER_MCP": {
        "x": 0.8890802264213562,
        "y": 0.66765958070755
    },
    "INDEX_FINGER_PIP": {
        "x": 0.8969892263412476,
        "y": 0.7280722260475159
    },
    "INDEX_FINGER_DIP": {
        "x": 0.8910978436470032,
        "y": 0.7685040235519409
    },
    "INDEX_FINGER_TIP": {
        "x": 0.892349898815155,
        "y": 0.8016464710235596
    },
    "MIDDLE_FINGER_MCP": {
        "x": 0.9464970231056213,
        "y": 0.670075535774231
    },
    "MIDDLE_FINGER_PIP": {
        "x": 0.9173282384872437,
        "y": 0.7309962511062622
    },
    "MIDDLE_FINGER_DIP": {
        "x": 0.8798222541809082,
        "y": 0.7246584296226501
    },
    "MIDDLE_FINGER_TIP": {
        "x": 0.8686633706092834,
        "y": 0.7121783494949341
    },
    "RING_FINGER_MCP": {
        "x": 0.9728465676307678,
        "y": 0.6751325726509094
    },
    "RING_FINGER_PIP": {
        "x": 0.9393923282623291,
        "y": 0.7286854386329651
    },
    "RING_FINGER_DIP": {
        "x": 0.898619532585144,
        "y": 0.7263312935829163
    },
    "RING_FINGER_TIP": {
        "x": 0.8872798681259155,
        "y": 0.7171114683151245
    },
    "PINKY_MCP": {
        "x": 0.9822194576263428,
        "y": 0.6808969378471375
    },
    "PINKY_PIP": {
        "x": 0.9646209478378296,
        "y": 0.7182141542434692
    },
    "PINKY_DIP": {
        "x": 0.931969404220581,
        "y": 0.718275785446167
    },
    "PINKY_TIP": {
        "x": 0.9167929887771606,
        "y": 0.710523784160614
    }
}