{
    "WRIST": {
        "x": 0.8421117663383484,
        "y": 0.6205711960792542
    },
    "THUMB_CMC": {
        "x": 0.7972248196601868,
        "y": 0.6501396298408508
    },
    "THUMB_MCP": {
        "x": 0.7923027873039246,
        "y": 0.6985036730766296
    },
    "THUMB_IP": {
        "x": 0.8037062287330627,
        "y": 0.7416236400604248
    },
    "THUMB_TIP": {
        "x": 0.8016215562820435,
        "y": 0.7799892425537109
    },
    "INDEX_FINGER_MCP": {
        "x": 0.9035576581954956,
        "y": 0.6542744636535645
    },
    "INDEX_FINGER_PIP": {
        "x": 0.9196472764015198,
        "y": 0.7182353734970093
    },
    "INDEX_FINGER_DIP": {
        "x": 0.9158735275268555,
        "y": 0.7554619312286377
    },
    "INDEX_FINGER_TIP": {
        "x": 0.9192593097686768,
        "y": 0.7844273447990417
    },
    "MIDDLE_FINGER_MCP": {
        "x": 0.9553635716438293,
        "y": 0.6522972583770752
    },
    "MIDDLE_FINGER_PIP": {
        "x": 0.9480900168418884,
        "y": 0.7227641344070435
    },
    "MIDDLE_FINGER_DIP": {
        "x": 0.9116967916488647,
        "y": 0.7502968907356262
    },
    "MIDDLE_FINGER_TIP": {
        "x": 0.8844488859176636,
        "y": 0.7654546499252319
    },
    "RING_FINGER_MCP": {
        "x": 0.9782430529594421,
        "y": 0.6574215888977051
    },
    "RING_FINGER_PIP": {
        "x": 0.9618504047393799,
        "y": 0.7195515036582947
    },
    "RING_FINGER_DIP": {
        "x": 0.9220204949378967,
        "y": 0.7224195003509521
    },
    "RING_FINGER_TIP": {
        "x": 0.8986513018608093,
        "y": 0.7159113883972168
    },
    "PINKY_MCP": {
        "x": 0.9833468794822693,
        "y": 0.6655709743499756
    },
    "PINKY_PIP": {
        "x": 0.9814736843109131,
        "y": 0.7101419568061829
    },
    "PINKY_DIP": {
        "x": 0.9536778330802917,
        "y": 0.7128538489341736
    },
    "PINKY_TIP": {
        "x": 0.9321370720863342,
        "y": 0.7078415751457214
    }
}