{
    "WRIST": {
        "x": 0.8354251980781555,
        "y": 0.6219438314437866
    },
    "THUMB_CMC": {
        "x": 0.7702308297157288,
        "y": 0.6238388419151306
    },
    "THUMB_MCP": {
        "x": 0.7200724482536316,
        "y": 0.5950125455856323
    },
    "THUMB_IP": {
        "x": 0.7138521075248718,
        "y": 0.5658347606658936
    },
    "THUMB_TIP": {
        "x": 0.7204251289367676,
        "y": 0.5410662889480591
    },
    "INDEX_FINGER_MCP": {
        "x": 0.7170738577842712,
        "y": 0.5480509400367737
    },
    "INDEX_FINGER_PIP": {
        "x": 0.6889938712120056,
        "y": 0.5111826062202454
    },
    "INDEX_FINGER_DIP": {
        "x": 0.6733774542808533,
        "y": 0.4878579378128052
    },
    "INDEX_FINGER_TIP": {
        "x": 0.6654866337776184,
        "y": 0.4678642153739929
    },
    "MIDDLE_FINGER_MCP": {
        "x": 0.7547035217285156,
        "y": 0.5405308604240417
    },
    "MIDDLE_FINGER_PIP": {
        "x": 0.7309967279434204,
        "y": 0.49937674403190613
    },
    "MIDDLE_FINGER_DIP": {
        "x": 0.7172059416770935,
        "y": 0.4820824861526489
    },
    "MIDDLE_FINGER_TIP": {
        "x": 0.7136759161949158,
        "y": 0.47045016288757324
    },
    "RING_FINGER_MCP": {
        "x": 0.7938739061355591,
        "y": 0.5422189831733704
    },
    "RING_FINGER_PIP": {
        "x": 0.76886385679245,
        "y": 0.5132151246070862
    },
    "RING_FINGER_DIP": {
        "x": 0.7524814009666443,
        "y": 0.5302826762199402
    },
    "RING_FINGER_TIP": {
        "x": 0.7511415481567383,
        "y": 0.5481098294258118
    },
    "PINKY_MCP": {
        "x": 0.8352919220924377,
        "y": 0.5474309325218201
    },
    "PINKY_PIP": {
        "x": 0.8064716458320618,
        "y": 0.5285261273384094
    },
    "PINKY_DIP": {
        "x": 0.7865477800369263,
        "y": 0.5415971279144287
    },
    "PINKY_TIP": {
        "x": 0.7796463966369629,
        "y": 0.5576522946357727
    }
}