{
    "WRIST": {
        "x": 0.9421191811561584,
        "y": 0.7030833959579468
    },
    "THUMB_CMC": {
        "x": 0.8686947822570801,
        "y": 0.6990953087806702
    },
    "THUMB_MCP": {
        "x": 0.8193597197532654,
        "y": 0.6614375114440918
    },
    "THUMB_IP": {
        "x": 0.8207740783691406,
        "y": 0.6278521418571472
    },
    "THUMB_TIP": {
        "x": 0.8404703736305237,
        "y": 0.6011475324630737
    },
    "INDEX_FINGER_MCP": {
        "x": 0.8359672427177429,
        "y": 0.6057342290878296
    },
    "INDEX_FINGER_PIP": {
        "x": 0.8260615468025208,
        "y": 0.5647733211517334
    },
    "INDEX_FINGER_DIP": {
        "x": 0.8257604241371155,
        "y": 0.5382175445556641
    },
    "INDEX_FINGER_TIP": {
        "x": 0.8298502564430237,
        "y": 0.5157809257507324
    },
    "MIDDLE_FINGER_MCP": {
        "x": 0.874376118183136,
        "y": 0.5989111065864563
    },
    "MIDDLE_FINGER_PIP": {
        "x": 0.8540392518043518,
        "y": 0.5502312183380127
    },
    "MIDDLE_FINGER_DIP": {
        "x": 0.8303380012512207,
        "y": 0.5333601236343384
    },
    "MIDDLE_FINGER_TIP": {
        "x": 0.815538763999939,
        "y": 0.5256643295288086
    },
    "RING_FINGER_MCP": {
        "x": 0.9165084958076477,
        "y": 0.6045545339584351
    },
    "RING_FINGER_PIP": {
        "x": 0.8904901146888733,
        "y": 0.5610992908477783
    },
    "RING_FINGER_DIP": {
        "x": 0.866348385810852,
        "y": 0.5875340700149536
    },
    "RING_FINGER_TIP": {
        "x": 0.8621106743812561,
        "y": 0.6131958961486816
    },
    "PINKY_MCP": {
        "x": 0.9553651213645935,
        "y": 0.617241621017456
    },
    "PINKY_PIP": {
        "x": 0.9166182279586792,
        "y": 0.5942038893699646
    },
    "PINKY_DIP": {
        "x": 0.8914811015129089,
        "y": 0.6145516633987427
    },
    "PINKY_TIP": {
        "x": 0.8820205926895142,
        "y": 0.6351975798606873
    }
}