{
    "WRIST": {
        "x": 0.8387647867202759,
        "y": 0.6136754155158997
    },
    "THUMB_CMC": {
        "x": 0.774243175983429,
        "y": 0.6099448204040527
    },
    "THUMB_MCP": {
        "x": 0.7268991470336914,
        "y": 0.5744848251342773
    },
    "THUMB_IP": {
        "x": 0.725529670715332,
        "y": 0.5424705743789673
    },
    "THUMB_TIP": {
        "x": 0.7403007745742798,
        "y": 0.5150222778320312
    },
    "INDEX_FINGER_MCP": {
        "x": 0.7032047510147095,
        "y": 0.500713586807251
    },
    "INDEX_FINGER_PIP": {
        "x": 0.6762959957122803,
        "y": 0.452216237783432
    },
    "INDEX_FINGER_DIP": {
        "x": 0.6662578582763672,
        "y": 0.44223976135253906
    },
    "INDEX_FINGER_TIP": {
        "x": 0.6669209599494934,
        "y": 0.4441336989402771
    },
    "MIDDLE_FINGER_MCP": {
        "x": 0.7583525776863098,
        "y": 0.49241015315055847
    },
    "MIDDLE_FINGER_PIP": {
        "x": 0.748125433921814,
        "y": 0.42514947056770325
    },
    "MIDDLE_FINGER_DIP": {
        "x": 0.7456335425376892,
        "y": 0.3912063241004944
    },
    "MIDDLE_FINGER_TIP": {
        "x": 0.7465442419052124,
        "y": 0.36477500200271606
    },
    "RING_FINGER_MCP": {
        "x": 0.8102110624313354,
        "y": 0.49970707297325134
    },
    "RING_FINGER_PIP": {
        "x": 0.7898399233818054,
        "y": 0.47071096301078796
    },
    "RING_FINGER_DIP": {
        "x": 0.7704108357429504,
        "y": 0.49942272901535034
    },
    "RING_FINGER_TIP": {
        "x": 0.7625967860221863,
        "y": 0.5202379822731018
    },
    "PINKY_MCP": {
        "x": 0.8581715822219849,
        "y": 0.5129703283309937
    },
    "PINKY_PIP": {
        "x": 0.8327094316482544,
        "y": 0.49262675642967224
    },
    "PINKY_DIP": {
        "x": 0.8074284791946411,
        "y": 0.515339195728302
    },
    "PINKY_TIP": {
        "x": 0.7935100793838501,
        "y": 0.535545825958252
    }
}