{
    "WRIST": {
        "x": 0.9425521492958069,
        "y": 0.7083616256713867
    },
    "THUMB_CMC": {
        "x": 0.8694273233413696,
        "y": 0.7028077244758606
    },
    "THUMB_MCP": {
        "x": 0.819868266582489,
        "y": 0.6619815826416016
    },
    "THUMB_IP": {
        "x": 0.8236773014068604,
        "y": 0.6266158819198608
    },
    "THUMB_TIP": {
        "x": 0.8464986085891724,
        "y": 0.600098192691803
    },
    "INDEX_FINGER_MCP": {
        "x": 0.8362672328948975,
        "y": 0.6055697202682495
    },
    "INDEX_FINGER_PIP": {
        "x": 0.8259791135787964,
        "y": 0.5664992332458496
    },
    "INDEX_FINGER_DIP": {
        "x": 0.8241551518440247,
        "y": 0.5410329699516296
    },
    "INDEX_FINGER_TIP": {
        "x": 0.8253790140151978,
        "y": 0.5192205905914307
    },
    "MIDDLE_FINGER_MCP": {
        "x": 0.8748711943626404,
        "y": 0.5983554124832153
    },
    "MIDDLE_FINGER_PIP": {
        "x": 0.8537209630012512,
        "y": 0.5497178435325623
    },
    "MIDDLE_FINGER_DIP": {
        "x": 0.8283071517944336,
        "y": 0.5324301719665527
    },
    "MIDDLE_FINGER_TIP": {
        "x": 0.8106265068054199,
        "y": 0.5228286385536194
    },
    "RING_FINGER_MCP": {
        "x": 0.9169602394104004,
        "y": 0.6042260527610779
    },
    "RING_FINGER_PIP": {
        "x": 0.8869156241416931,
        "y": 0.5616574287414551
    },
    "RING_FINGER_DIP": {
        "x": 0.8656048774719238,
        "y": 0.5886750817298889
    },
    "RING_FINGER_TIP": {
        "x": 0.8649933934211731,
        "y": 0.6122941970825195
    },
    "PINKY_MCP": {
        "x": 0.9537333846092224,
        "y": 0.6177471280097961
    },
    "PINKY_PIP": {
        "x": 0.9118592739105225,
        "y": 0.5980119109153748
    },
    "PINKY_DIP": {
        "x": 0.8929308652877808,
        "y": 0.6207647323608398
    },
    "PINKY_TIP": {
        "x": 0.8904310464859009,
        "y": 0.6404798030853271
    }
}