{
    "WRIST": {
        "x": 0.9146919846534729,
        "y": 0.7090495824813843
    },
    "THUMB_CMC": {
        "x": 0.8472598195075989,
        "y": 0.6999308466911316
    },
    "THUMB_MCP": {
        "x": 0.8045920729637146,
        "y": 0.6576002836227417
    },
    "THUMB_IP": {
        "x": 0.8118749856948853,
        "y": 0.6233119368553162
    },
    "THUMB_TIP": {
        "x": 0.8350631594657898,
        "y": 0.5975923538208008
    },
    "INDEX_FINGER_MCP": {
        "x": 0.8206062316894531,
        "y": 0.6047729253768921
    },
    "INDEX_FINGER_PIP": {
        "x": 0.8070513010025024,
        "y": 0.5701852440834045
    },
    "INDEX_FINGER_DIP": {
        "x": 0.8035141229629517,
        "y": 0.5471826791763306
    },
    "INDEX_FINGER_TIP": {
        "x": 0.8043404817581177,
        "y": 0.5284904837608337
    },
    "MIDDLE_FINGER_MCP": {
        "x": 0.8610784411430359,
        "y": 0.5973893404006958
    },
    "MIDDLE_FINGER_PIP": {
        "x": 0.8404025435447693,
        "y": 0.5525023341178894
    },
    "MIDDLE_FINGER_DIP": {
        "x": 0.8208770751953125,
        "y": 0.5313994884490967
    },
    "MIDDLE_FINGER_TIP": {
        "x": 0.8094190359115601,
        "y": 0.5169485807418823
    },
    "RING_FINGER_MCP": {
        "x": 0.9048659205436707,
        "y": 0.6034332513809204
    },
    "RING_FINGER_PIP": {
        "x": 0.8787954449653625,
        "y": 0.5623864531517029
    },
    "RING_FINGER_DIP": {
        "x": 0.855755090713501,
        "y": 0.587076723575592
    },
    "RING_FINGER_TIP": {
        "x": 0.8521762490272522,
        "y": 0.6104413270950317
    },
    "PINKY_MCP": {
        "x": 0.9441273212432861,
        "y": 0.6169904470443726
    },
    "PINKY_PIP": {
        "x": 0.9030439257621765,
        "y": 0.5976657867431641
    },
    "PINKY_DIP": {
        "x": 0.8807951807975769,
        "y": 0.6184937357902527
    },
    "PINKY_TIP": {
        "x": 0.8736898303031921,
        "y": 0.6382692456245422
    }
}