{
    "WRIST": {
        "x": 0.8434807062149048,
        "y": 0.6102434396743774
    },
    "THUMB_CMC": {
        "x": 0.7795696258544922,
        "y": 0.5962412357330322
    },
    "THUMB_MCP": {
        "x": 0.7300909757614136,
        "y": 0.5628612637519836
    },
    "THUMB_IP": {
        "x": 0.738148033618927,
        "y": 0.5315680503845215
    },
    "THUMB_TIP": {
        "x": 0.7702236771583557,
        "y": 0.5103761553764343
    },
    "INDEX_FINGER_MCP": {
        "x": 0.7238641977310181,
        "y": 0.4917425811290741
    },
    "INDEX_FINGER_PIP": {
        "x": 0.688622772693634,
        "y": 0.44586190581321716
    },
    "INDEX_FINGER_DIP": {
        "x": 0.6715718507766724,
        "y": 0.42227181792259216
    },
    "INDEX_FINGER_TIP": {
        "x": 0.6640236377716064,
        "y": 0.40930768847465515
    },
    "MIDDLE_FINGER_MCP": {
        "x": 0.7704855799674988,
        "y": 0.4840226471424103
    },
    "MIDDLE_FINGER_PIP": {
        "x": 0.7478627562522888,
        "y": 0.42551544308662415
    },
    "MIDDLE_FINGER_DIP": {
        "x": 0.7323744893074036,
        "y": 0.39584383368492126
    },
    "MIDDLE_FINGER_TIP": {
        "x": 0.7228072881698608,
        "y": 0.3795596957206726
    },
    "RING_FINGER_MCP": {
        "x": 0.8185357451438904,
        "y": 0.4901596009731293
    },
    "RING_FINGER_PIP": {
        "x": 0.8070616126060486,
        "y": 0.4505414366722107
    },
    "RING_FINGER_DIP": {
        "x": 0.7913872003555298,
        "y": 0.47312280535697937
    },
    "RING_FINGER_TIP": {
        "x": 0.7834280729293823,
        "y": 0.49891653656959534
    },
    "PINKY_MCP": {
        "x": 0.8689774870872498,
        "y": 0.503926157951355
    },
    "PINKY_PIP": {
        "x": 0.8600777983665466,
        "y": 0.4727725088596344
    },
    "PINKY_DIP": {
        "x": 0.8370354175567627,
        "y": 0.4840520918369293
    },
    "PINKY_TIP": {
        "x": 0.8187631964683533,
        "y": 0.5029799938201904
    }
}