{
    "WRIST": {
        "x": 0.9444786906242371,
        "y": 0.7087862491607666
    },
    "THUMB_CMC": {
        "x": 0.8706307411193848,
        "y": 0.7025911211967468
    },
    "THUMB_MCP": {
        "x": 0.818179726600647,
        "y": 0.6634432077407837
    },
    "THUMB_IP": {
        "x": 0.8192984461784363,
        "y": 0.6297048926353455
    },
    "THUMB_TIP": {
        "x": 0.8429145216941833,
        "y": 0.6038289070129395
    },
    "INDEX_FINGER_MCP": {
        "x": 0.8364232182502747,
        "y": 0.6063453555107117
    },
    "INDEX_FINGER_PIP": {
        "x": 0.8262030482292175,
        "y": 0.566596269607544
    },
    "INDEX_FINGER_DIP": {
        "x": 0.82590651512146,
        "y": 0.5403553247451782
    },
    "INDEX_FINGER_TIP": {
        "x": 0.830402672290802,
        "y": 0.5181328058242798
    },
    "MIDDLE_FINGER_MCP": {
        "x": 0.8742137551307678,
        "y": 0.599319577217102
    },
    "MIDDLE_FINGER_PIP": {
        "x": 0.8544940948486328,
        "y": 0.5505260825157166
    },
    "MIDDLE_FINGER_DIP": {
        "x": 0.8303903937339783,
        "y": 0.5312244892120361
    },
    "MIDDLE_FINGER_TIP": {
        "x": 0.8148655891418457,
        "y": 0.5191629528999329
    },
    "RING_FINGER_MCP": {
        "x": 0.9155551195144653,
        "y": 0.6051459908485413
    },
    "RING_FINGER_PIP": {
        "x": 0.8899727463722229,
        "y": 0.5620899200439453
    },
    "RING_FINGER_DIP": {
        "x": 0.8651637434959412,
        "y": 0.5900886058807373
    },
    "RING_FINGER_TIP": {
        "x": 0.8617740869522095,
        "y": 0.6155586242675781
    },
    "PINKY_MCP": {
        "x": 0.9528436064720154,
        "y": 0.6183074116706848
    },
    "PINKY_PIP": {
        "x": 0.9155907034873962,
        "y": 0.5949649214744568
    },
    "PINKY_DIP": {
        "x": 0.8923187851905823,
        "y": 0.6174224615097046
    },
    "PINKY_TIP": {
        "x": 0.8857765197753906,
        "y": 0.6388031840324402
    }
}