{
    "WRIST": {
        "x": 0.9019410610198975,
        "y": 0.702836811542511
    },
    "THUMB_CMC": {
        "x": 0.8400607109069824,
        "y": 0.6992517113685608
    },
    "THUMB_MCP": {
        "x": 0.799068033695221,
        "y": 0.6684848666191101
    },
    "THUMB_IP": {
        "x": 0.8010976314544678,
        "y": 0.6408886313438416
    },
    "THUMB_TIP": {
        "x": 0.816508412361145,
        "y": 0.6183350682258606
    },
    "INDEX_FINGER_MCP": {
        "x": 0.7879255414009094,
        "y": 0.5999364256858826
    },
    "INDEX_FINGER_PIP": {
        "x": 0.7652415633201599,
        "y": 0.5600576400756836
    },
    "INDEX_FINGER_DIP": {
        "x": 0.7483057975769043,
        "y": 0.5397971868515015
    },
    "INDEX_FINGER_TIP": {
        "x": 0.7408668994903564,
        "y": 0.5302576422691345
    },
    "MIDDLE_FINGER_MCP": {
        "x": 0.8318885564804077,
        "y": 0.5946694612503052
    },
    "MIDDLE_FINGER_PIP": {
        "x": 0.8007531762123108,
        "y": 0.5433589816093445
    },
    "MIDDLE_FINGER_DIP": {
        "x": 0.7770162224769592,
        "y": 0.5214330554008484
    },
    "MIDDLE_FINGER_TIP": {
        "x": 0.765016496181488,
        "y": 0.5054603219032288
    },
    "RING_FINGER_MCP": {
        "x": 0.8789916634559631,
        "y": 0.6050018072128296
    },
    "RING_FINGER_PIP": {
        "x": 0.8551406264305115,
        "y": 0.5765088200569153
    },
    "RING_FINGER_DIP": {
        "x": 0.8403170704841614,
        "y": 0.6024133563041687
    },
    "RING_FINGER_TIP": {
        "x": 0.8412764072418213,
        "y": 0.6181199550628662
    },
    "PINKY_MCP": {
        "x": 0.9236781597137451,
        "y": 0.6223590970039368
    },
    "PINKY_PIP": {
        "x": 0.8930552005767822,
        "y": 0.6068863868713379
    },
    "PINKY_DIP": {
        "x": 0.8756600022315979,
        "y": 0.6274331212043762
    },
    "PINKY_TIP": {
        "x": 0.8736854195594788,
        "y": 0.6414249539375305
    }
}