{
    "WRIST": {
        "x": 0.8828271627426147,
        "y": 0.6989685893058777
    },
    "THUMB_CMC": {
        "x": 0.8262873291969299,
        "y": 0.6946540474891663
    },
    "THUMB_MCP": {
        "x": 0.7834948301315308,
        "y": 0.6651741862297058
    },
    "THUMB_IP": {
        "x": 0.784826934337616,
        "y": 0.6390332579612732
    },
    "THUMB_TIP": {
        "x": 0.804742693901062,
        "y": 0.6161123514175415
    },
    "INDEX_FINGER_MCP": {
        "x": 0.801783561706543,
        "y": 0.6073635816574097
    },
    "INDEX_FINGER_PIP": {
        "x": 0.7906439304351807,
        "y": 0.5696131587028503
    },
    "INDEX_FINGER_DIP": {
        "x": 0.7858225107192993,
        "y": 0.5461651086807251
    },
    "INDEX_FINGER_TIP": {
        "x": 0.7848981022834778,
        "y": 0.5276012420654297
    },
    "MIDDLE_FINGER_MCP": {
        "x": 0.8401448130607605,
        "y": 0.600881040096283
    },
    "MIDDLE_FINGER_PIP": {
        "x": 0.814961314201355,
        "y": 0.5568632483482361
    },
    "MIDDLE_FINGER_DIP": {
        "x": 0.7901259660720825,
        "y": 0.5345947742462158
    },
    "MIDDLE_FINGER_TIP": {
        "x": 0.7722640037536621,
        "y": 0.5172325372695923
    },
    "RING_FINGER_MCP": {
        "x": 0.8824893832206726,
        "y": 0.6074098348617554
    },
    "RING_FINGER_PIP": {
        "x": 0.8561835885047913,
        "y": 0.5734726786613464
    },
    "RING_FINGER_DIP": {
        "x": 0.8332200050354004,
        "y": 0.5957443118095398
    },
    "RING_FINGER_TIP": {
        "x": 0.8294039368629456,
        "y": 0.6163384318351746
    },
    "PINKY_MCP": {
        "x": 0.9226401448249817,
        "y": 0.6210842132568359
    },
    "PINKY_PIP": {
        "x": 0.8875525593757629,
        "y": 0.6050264239311218
    },
    "PINKY_DIP": {
        "x": 0.8583836555480957,
        "y": 0.6217011213302612
    },
    "PINKY_TIP": {
        "x": 0.8449022769927979,
        "y": 0.6374495029449463
    }
}