{
    "WRIST": {
        "x": 0.9027985334396362,
        "y": 0.7104542255401611
    },
    "THUMB_CMC": {
        "x": 0.8386062979698181,
        "y": 0.7066637277603149
    },
    "THUMB_MCP": {
        "x": 0.7909765243530273,
        "y": 0.671496570110321
    },
    "THUMB_IP": {
        "x": 0.799612820148468,
        "y": 0.641067385673523
    },
    "THUMB_TIP": {
        "x": 0.8218070268630981,
        "y": 0.6168095469474792
    },
    "INDEX_FINGER_MCP": {
        "x": 0.8026108145713806,
        "y": 0.6117356419563293
    },
    "INDEX_FINGER_PIP": {
        "x": 0.786335825920105,
        "y": 0.57257479429245
    },
    "INDEX_FINGER_DIP": {
        "x": 0.7756850123405457,
        "y": 0.5490712523460388
    },
    "INDEX_FINGER_TIP": {
        "x": 0.771445095539093,
        "y": 0.5320330858230591
    },
    "MIDDLE_FINGER_MCP": {
        "x": 0.8436998724937439,
        "y": 0.6041215658187866
    },
    "MIDDLE_FINGER_PIP": {
        "x": 0.8170392513275146,
        "y": 0.5556079745292664
    },
    "MIDDLE_FINGER_DIP": {
        "x": 0.7924060821533203,
        "y": 0.5328993797302246
    },
    "MIDDLE_FINGER_TIP": {
        "x": 0.7771888375282288,
        "y": 0.5158249735832214
    },
    "RING_FINGER_MCP": {
        "x": 0.8866250514984131,
        "y": 0.6110119223594666
    },
    "RING_FINGER_PIP": {
        "x": 0.858960747718811,
        "y": 0.5734865665435791
    },
    "RING_FINGER_DIP": {
        "x": 0.8424087166786194,
        "y": 0.5994526147842407
    },
    "RING_FINGER_TIP": {
        "x": 0.8434741497039795,
        "y": 0.6195656657218933
    },
    "PINKY_MCP": {
        "x": 0.9270526766777039,
        "y": 0.6256029009819031
    },
    "PINKY_PIP": {
        "x": 0.8901124596595764,
        "y": 0.6086629629135132
    },
    "PINKY_DIP": {
        "x": 0.868089497089386,
        "y": 0.629806637763977
    },
    "PINKY_TIP": {
        "x": 0.8619365692138672,
        "y": 0.6452582478523254
    }
}