{
    "WRIST": {
        "x": 0.8151651620864868,
        "y": 0.5732069611549377
    },
    "THUMB_CMC": {
        "x": 0.8314663171768188,
        "y": 0.5510733723640442
    },
    "THUMB_MCP": {
        "x": 0.8497055172920227,
        "y": 0.5196663737297058
    },
    "THUMB_IP": {
        "x": 0.8822160959243774,
        "y": 0.5026614665985107
    },
    "THUMB_TIP": {
        "x": 0.8971195220947266,
        "y": 0.4957944452762604
    },
    "INDEX_FINGER_MCP": {
        "x": 0.8487501740455627,
        "y": 0.47546908259391785
    },
    "INDEX_FINGER_PIP": {
        "x": 0.8637918829917908,
        "y": 0.43784070014953613
    },
    "INDEX_FINGER_DIP": {
        "x": 0.8763444423675537,
        "y": 0.44439271092414856
    },
    "INDEX_FINGER_TIP": {
        "x": 0.877308189868927,
        "y": 0.4576154053211212
    },
    "MIDDLE_FINGER_MCP": {
        "x": 0.8508113026618958,
        "y": 0.4800896942615509
    },
    "MIDDLE_FINGER_PIP": {
        "x": 0.8652220368385315,
        "y": 0.4322158098220825
    },
    "MIDDLE_FINGER_DIP": {
        "x": 0.8784227967262268,
        "y": 0.4375359117984772
    },
    "MIDDLE_FINGER_TIP": {
        "x": 0.8805592060089111,
        "y": 0.4497343897819519
    },
    "RING_FINGER_MCP": {
        "x": 0.8546129465103149,
        "y": 0.4942890703678131
    },
    "RING_FINGER_PIP": {
        "x": 0.8787068128585815,
        "y": 0.45865312218666077
    },
    "RING_FINGER_DIP": {
        "x": 0.8854680061340332,
        "y": 0.4656728506088257
    },
    "RING_FINGER_TIP": {
        "x": 0.8850972056388855,
        "y": 0.47658786177635193
    },
    "PINKY_MCP": {
        "x": 0.8609732389450073,
        "y": 0.5166499614715576
    },
    "PINKY_PIP": {
        "x": 0.891123354434967,
        "y": 0.4974789023399353
    },
    "PINKY_DIP": {
        "x": 0.9003534913063049,
        "y": 0.4936702251434326
    },
    "PINKY_TIP": {
        "x": 0.9006158113479614,
        "y": 0.49207955598831177
    }
}