{
    "WRIST": {
        "x": 0.8359440565109253,
        "y": 0.6489541530609131
    },
    "THUMB_CMC": {
        "x": 0.768134355545044,
        "y": 0.6527181267738342
    },
    "THUMB_MCP": {
        "x": 0.7217075228691101,
        "y": 0.6231496334075928
    },
    "THUMB_IP": {
        "x": 0.7220540046691895,
        "y": 0.5931620597839355
    },
    "THUMB_TIP": {
        "x": 0.7382893562316895,
        "y": 0.5671898126602173
    },
    "INDEX_FINGER_MCP": {
        "x": 0.7123119831085205,
        "y": 0.5579542517662048
    },
    "INDEX_FINGER_PIP": {
        "x": 0.69242262840271,
        "y": 0.5063470005989075
    },
    "INDEX_FINGER_DIP": {
        "x": 0.6809056997299194,
        "y": 0.47051605582237244
    },
    "INDEX_FINGER_TIP": {
        "x": 0.6756501197814941,
        "y": 0.4412180483341217
    },
    "MIDDLE_FINGER_MCP": {
        "x": 0.7563049793243408,
        "y": 0.5518606901168823
    },
    "MIDDLE_FINGER_PIP": {
        "x": 0.7468165755271912,
        "y": 0.48667779564857483
    },
    "MIDDLE_FINGER_DIP": {
        "x": 0.7388518452644348,
        "y": 0.44135305285453796
    },
    "MIDDLE_FINGER_TIP": {
        "x": 0.7376576066017151,
        "y": 0.39981961250305176
    },
    "RING_FINGER_MCP": {
        "x": 0.8002701997756958,
        "y": 0.559762716293335
    },
    "RING_FINGER_PIP": {
        "x": 0.7667557597160339,
        "y": 0.5298635363578796
    },
    "RING_FINGER_DIP": {
        "x": 0.7462586164474487,
        "y": 0.555961012840271
    },
    "RING_FINGER_TIP": {
        "x": 0.7476449012756348,
        "y": 0.5765612721443176
    },
    "PINKY_MCP": {
        "x": 0.8389511704444885,
        "y": 0.5720396637916565
    },
    "PINKY_PIP": {
        "x": 0.8023161292076111,
        "y": 0.553998589515686
    },
    "PINKY_DIP": {
        "x": 0.7860897183418274,
        "y": 0.575006902217865
    },
    "PINKY_TIP": {
        "x": 0.7873376607894897,
        "y": 0.5937700271606445
    }
}