{
    "WRIST": {
        "x": 0.8525204658508301,
        "y": 0.5946035981178284
    },
    "THUMB_CMC": {
        "x": 0.8817896842956543,
        "y": 0.6149982810020447
    },
    "THUMB_MCP": {
        "x": 0.9357107877731323,
        "y": 0.6262354850769043
    },
    "THUMB_IP": {
        "x": 0.976920485496521,
        "y": 0.6319090723991394
    },
    "THUMB_TIP": {
        "x": 1.0062443017959595,
        "y": 0.6339158415794373
    },
    "INDEX_FINGER_MCP": {
        "x": 0.9936302304267883,
        "y": 0.5708333849906921
    },
    "INDEX_FINGER_PIP": {
        "x": 1.0748993158340454,
        "y": 0.5617876052856445
    },
    "INDEX_FINGER_DIP": {
        "x": 1.12116277217865,
        "y": 0.5615629553794861
    },
    "INDEX_FINGER_TIP": {
        "x": 1.1614265441894531,
        "y": 0.5616288781166077
    },
    "MIDDLE_FINGER_MCP": {
        "x": 0.9771632552146912,
        "y": 0.553383469581604
    },
    "MIDDLE_FINGER_PIP": {
        "x": 1.0226809978485107,
        "y": 0.54135662317276
    },
    "MIDDLE_FINGER_DIP": {
        "x": 1.0192999839782715,
        "y": 0.5452113151550293
    },
    "MIDDLE_FINGER_TIP": {
        "x": 1.0293071269989014,
        "y": 0.5470383763313293
    },
    "RING_FINGER_MCP": {
        "x": 0.9564347267150879,
        "y": 0.5440540909767151
    },
    "RING_FINGER_PIP": {
        "x": 0.9831876158714294,
        "y": 0.540025532245636
    },
    "RING_FINGER_DIP": {
        "x": 0.9580128788948059,
        "y": 0.551503598690033
    },
    "RING_FINGER_TIP": {
        "x": 0.9456102848052979,
        "y": 0.5587076544761658
    },
    "PINKY_MCP": {
        "x": 0.938230037689209,
        "y": 0.5396409034729004
    },
    "PINKY_PIP": {
        "x": 0.9560956954956055,
        "y": 0.5345799326896667
    },
    "PINKY_DIP": {
        "x": 0.9391461610794067,
        "y": 0.5438915491104126
    },
    "PINKY_TIP": {
        "x": 0.9251497387886047,
        "y": 0.5516440868377686
    }
}