{
    "WRIST": {
        "x": 0.8661910891532898,
        "y": 0.6818683743476868
    },
    "THUMB_CMC": {
        "x": 0.8094214200973511,
        "y": 0.6752080917358398
    },
    "THUMB_MCP": {
        "x": 0.7694851160049438,
        "y": 0.6510159969329834
    },
    "THUMB_IP": {
        "x": 0.7694882750511169,
        "y": 0.6341457366943359
    },
    "THUMB_TIP": {
        "x": 0.7929771542549133,
        "y": 0.6213597059249878
    },
    "INDEX_FINGER_MCP": {
        "x": 0.7612852454185486,
        "y": 0.5704200267791748
    },
    "INDEX_FINGER_PIP": {
        "x": 0.7304266691207886,
        "y": 0.5238285064697266
    },
    "INDEX_FINGER_DIP": {
        "x": 0.7156752347946167,
        "y": 0.4973943829536438
    },
    "INDEX_FINGER_TIP": {
        "x": 0.7088021636009216,
        "y": 0.4810131788253784
    },
    "MIDDLE_FINGER_MCP": {
        "x": 0.8036438822746277,
        "y": 0.5704439878463745
    },
    "MIDDLE_FINGER_PIP": {
        "x": 0.7770847082138062,
        "y": 0.5142130851745605
    },
    "MIDDLE_FINGER_DIP": {
        "x": 0.7577062845230103,
        "y": 0.48417428135871887
    },
    "MIDDLE_FINGER_TIP": {
        "x": 0.7451382279396057,
        "y": 0.45911574363708496
    },
    "RING_FINGER_MCP": {
        "x": 0.8441500663757324,
        "y": 0.5860655903816223
    },
    "RING_FINGER_PIP": {
        "x": 0.8204793930053711,
        "y": 0.5547198057174683
    },
    "RING_FINGER_DIP": {
        "x": 0.7905563712120056,
        "y": 0.5532639026641846
    },
    "RING_FINGER_TIP": {
        "x": 0.7737467288970947,
        "y": 0.550824761390686
    },
    "PINKY_MCP": {
        "x": 0.8797096014022827,
        "y": 0.6108738780021667
    },
    "PINKY_PIP": {
        "x": 0.8474710583686829,
        "y": 0.6055620312690735
    },
    "PINKY_DIP": {
        "x": 0.8178804516792297,
        "y": 0.6150801181793213
    },
    "PINKY_TIP": {
        "x": 0.7972880005836487,
        "y": 0.6203219890594482
    }
}