{
    "WRIST": {
        "x": 0.9410412907600403,
        "y": 0.7089683413505554
    },
    "THUMB_CMC": {
        "x": 0.8685755133628845,
        "y": 0.7017240524291992
    },
    "THUMB_MCP": {
        "x": 0.8216693997383118,
        "y": 0.6634941697120667
    },
    "THUMB_IP": {
        "x": 0.8252851366996765,
        "y": 0.630375862121582
    },
    "THUMB_TIP": {
        "x": 0.848041832447052,
        "y": 0.6037018895149231
    },
    "INDEX_FINGER_MCP": {
        "x": 0.8341847062110901,
        "y": 0.6053029298782349
    },
    "INDEX_FINGER_PIP": {
        "x": 0.8229300379753113,
        "y": 0.567468523979187
    },
    "INDEX_FINGER_DIP": {
        "x": 0.8210122585296631,
        "y": 0.5421584248542786
    },
    "INDEX_FINGER_TIP": {
        "x": 0.8226375579833984,
        "y": 0.5214540958404541
    },
    "MIDDLE_FINGER_MCP": {
        "x": 0.8727821111679077,
        "y": 0.5977064967155457
    },
    "MIDDLE_FINGER_PIP": {
        "x": 0.8510147333145142,
        "y": 0.5494744181632996
    },
    "MIDDLE_FINGER_DIP": {
        "x": 0.8265756964683533,
        "y": 0.5285323858261108
    },
    "MIDDLE_FINGER_TIP": {
        "x": 0.8096356987953186,
        "y": 0.5153530240058899
    },
    "RING_FINGER_MCP": {
        "x": 0.9155867695808411,
        "y": 0.6037248969078064
    },
    "RING_FINGER_PIP": {
        "x": 0.8885111212730408,
        "y": 0.5609479546546936
    },
    "RING_FINGER_DIP": {
        "x": 0.8649759292602539,
        "y": 0.5887430906295776
    },
    "RING_FINGER_TIP": {
        "x": 0.8618073463439941,
        "y": 0.6142364740371704
    },
    "PINKY_MCP": {
        "x": 0.9530478119850159,
        "y": 0.6177384853363037
    },
    "PINKY_PIP": {
        "x": 0.9130309820175171,
        "y": 0.5973870754241943
    },
    "PINKY_DIP": {
        "x": 0.8911758065223694,
        "y": 0.6194649338722229
    },
    "PINKY_TIP": {
        "x": 0.8855032920837402,
        "y": 0.64024817943573
    }
}