{
    "WRIST": {
        "x": 0.8310438990592957,
        "y": 0.5932318568229675
    },
    "THUMB_CMC": {
        "x": 0.7850810885429382,
        "y": 0.5770429968833923
    },
    "THUMB_MCP": {
        "x": 0.7649024128913879,
        "y": 0.5460873246192932
    },
    "THUMB_IP": {
        "x": 0.7869550585746765,
        "y": 0.5233277678489685
    },
    "THUMB_TIP": {
        "x": 0.8134480118751526,
        "y": 0.5055429935455322
    },
    "INDEX_FINGER_MCP": {
        "x": 0.7782247066497803,
        "y": 0.48738259077072144
    },
    "INDEX_FINGER_PIP": {
        "x": 0.7847468256950378,
        "y": 0.44575613737106323
    },
    "INDEX_FINGER_DIP": {
        "x": 0.7949862480163574,
        "y": 0.4221586287021637
    },
    "INDEX_FINGER_TIP": {
        "x": 0.8030991554260254,
        "y": 0.4040539860725403
    },
    "MIDDLE_FINGER_MCP": {
        "x": 0.8206346035003662,
        "y": 0.48518943786621094
    },
    "MIDDLE_FINGER_PIP": {
        "x": 0.8231939673423767,
        "y": 0.43758508563041687
    },
    "MIDDLE_FINGER_DIP": {
        "x": 0.8163004517555237,
        "y": 0.4191994071006775
    },
    "MIDDLE_FINGER_TIP": {
        "x": 0.8063843846321106,
        "y": 0.40880098938941956
    },
    "RING_FINGER_MCP": {
        "x": 0.8639182448387146,
        "y": 0.4913526475429535
    },
    "RING_FINGER_PIP": {
        "x": 0.8700937032699585,
        "y": 0.4557936191558838
    },
    "RING_FINGER_DIP": {
        "x": 0.8530924320220947,
        "y": 0.4656616449356079
    },
    "RING_FINGER_TIP": {
        "x": 0.8356359004974365,
        "y": 0.47860008478164673
    },
    "PINKY_MCP": {
        "x": 0.9091653227806091,
        "y": 0.5050634741783142
    },
    "PINKY_PIP": {
        "x": 0.9221758842468262,
        "y": 0.47684499621391296
    },
    "PINKY_DIP": {
        "x": 0.9065273404121399,
        "y": 0.4806169867515564
    },
    "PINKY_TIP": {
        "x": 0.887035608291626,
        "y": 0.4902586042881012
    }
}