{
    "WRIST": {
        "x": 0.8322734832763672,
        "y": 0.5750904083251953
    },
    "THUMB_CMC": {
        "x": 0.802078902721405,
        "y": 0.5560082793235779
    },
    "THUMB_MCP": {
        "x": 0.7971621751785278,
        "y": 0.5280670523643494
    },
    "THUMB_IP": {
        "x": 0.8464077711105347,
        "y": 0.5204044580459595
    },
    "THUMB_TIP": {
        "x": 0.9040902256965637,
        "y": 0.5248538255691528
    },
    "INDEX_FINGER_MCP": {
        "x": 0.8550596237182617,
        "y": 0.4615294635295868
    },
    "INDEX_FINGER_PIP": {
        "x": 0.8783503174781799,
        "y": 0.41567522287368774
    },
    "INDEX_FINGER_DIP": {
        "x": 0.8929064273834229,
        "y": 0.42371225357055664
    },
    "INDEX_FINGER_TIP": {
        "x": 0.896295964717865,
        "y": 0.4447346329689026
    },
    "MIDDLE_FINGER_MCP": {
        "x": 0.9045952558517456,
        "y": 0.47093936800956726
    },
    "MIDDLE_FINGER_PIP": {
        "x": 0.9472702741622925,
        "y": 0.42176181077957153
    },
    "MIDDLE_FINGER_DIP": {
        "x": 0.9514678716659546,
        "y": 0.4316823482513428
    },
    "MIDDLE_FINGER_TIP": {
        "x": 0.9403843879699707,
        "y": 0.45080357789993286
    },
    "RING_FINGER_MCP": {
        "x": 0.9429576992988586,
        "y": 0.4912257194519043
    },
    "RING_FINGER_PIP": {
        "x": 0.9872793555259705,
        "y": 0.4607907235622406
    },
    "RING_FINGER_DIP": {
        "x": 0.974201500415802,
        "y": 0.4764641225337982
    },
    "RING_FINGER_TIP": {
        "x": 0.9540510773658752,
        "y": 0.4952699542045593
    },
    "PINKY_MCP": {
        "x": 0.9706411361694336,
        "y": 0.5186818838119507
    },
    "PINKY_PIP": {
        "x": 1.003897786140442,
        "y": 0.5058166980743408
    },
    "PINKY_DIP": {
        "x": 0.990786612033844,
        "y": 0.5160577297210693
    },
    "PINKY_TIP": {
        "x": 0.9710047245025635,
        "y": 0.5260140895843506
    }
}