{
    "WRIST": {
        "x": 0.8922759890556335,
        "y": 0.6988487243652344
    },
    "THUMB_CMC": {
        "x": 0.833792507648468,
        "y": 0.6927021741867065
    },
    "THUMB_MCP": {
        "x": 0.7877592444419861,
        "y": 0.6610156297683716
    },
    "THUMB_IP": {
        "x": 0.7910414338111877,
        "y": 0.6337422728538513
    },
    "THUMB_TIP": {
        "x": 0.8147280812263489,
        "y": 0.6094979047775269
    },
    "INDEX_FINGER_MCP": {
        "x": 0.8060217499732971,
        "y": 0.6038519144058228
    },
    "INDEX_FINGER_PIP": {
        "x": 0.7929192185401917,
        "y": 0.564274787902832
    },
    "INDEX_FINGER_DIP": {
        "x": 0.7873067259788513,
        "y": 0.5400413274765015
    },
    "INDEX_FINGER_TIP": {
        "x": 0.7866924405097961,
        "y": 0.5217939615249634
    },
    "MIDDLE_FINGER_MCP": {
        "x": 0.845792829990387,
        "y": 0.5968186259269714
    },
    "MIDDLE_FINGER_PIP": {
        "x": 0.8192782998085022,
        "y": 0.5487980246543884
    },
    "MIDDLE_FINGER_DIP": {
        "x": 0.7953764200210571,
        "y": 0.5278447866439819
    },
    "MIDDLE_FINGER_TIP": {
        "x": 0.7800543308258057,
        "y": 0.5129542350769043
    },
    "RING_FINGER_MCP": {
        "x": 0.8887689113616943,
        "y": 0.6031557321548462
    },
    "RING_FINGER_PIP": {
        "x": 0.858381450176239,
        "y": 0.5663090348243713
    },
    "RING_FINGER_DIP": {
        "x": 0.8367406725883484,
        "y": 0.593832790851593
    },
    "RING_FINGER_TIP": {
        "x": 0.8355260491371155,
        "y": 0.6173053979873657
    },
    "PINKY_MCP": {
        "x": 0.9298514723777771,
        "y": 0.6174362897872925
    },
    "PINKY_PIP": {
        "x": 0.8928222060203552,
        "y": 0.597887396812439
    },
    "PINKY_DIP": {
        "x": 0.8636958003044128,
        "y": 0.6168220043182373
    },
    "PINKY_TIP": {
        "x": 0.8503836393356323,
        "y": 0.6341991424560547
    }
}