{
    "WRIST": {
        "x": 0.8431635499000549,
        "y": 0.5992547273635864
    },
    "THUMB_CMC": {
        "x": 0.7929047346115112,
        "y": 0.593195915222168
    },
    "THUMB_MCP": {
        "x": 0.7594165205955505,
        "y": 0.5630875825881958
    },
    "THUMB_IP": {
        "x": 0.7630208730697632,
        "y": 0.5344880223274231
    },
    "THUMB_TIP": {
        "x": 0.7800394892692566,
        "y": 0.5086804032325745
    },
    "INDEX_FINGER_MCP": {
        "x": 0.7482754588127136,
        "y": 0.4790366590023041
    },
    "INDEX_FINGER_PIP": {
        "x": 0.7387601733207703,
        "y": 0.4195028841495514
    },
    "INDEX_FINGER_DIP": {
        "x": 0.7421928644180298,
        "y": 0.38008859753608704
    },
    "INDEX_FINGER_TIP": {
        "x": 0.7470875382423401,
        "y": 0.3479151427745819
    },
    "MIDDLE_FINGER_MCP": {
        "x": 0.7927008271217346,
        "y": 0.47313037514686584
    },
    "MIDDLE_FINGER_PIP": {
        "x": 0.7700834274291992,
        "y": 0.4058811664581299
    },
    "MIDDLE_FINGER_DIP": {
        "x": 0.751287043094635,
        "y": 0.36421480774879456
    },
    "MIDDLE_FINGER_TIP": {
        "x": 0.7346208095550537,
        "y": 0.3320200741291046
    },
    "RING_FINGER_MCP": {
        "x": 0.8410971164703369,
        "y": 0.4801110625267029
    },
    "RING_FINGER_PIP": {
        "x": 0.8471609950065613,
        "y": 0.42363837361335754
    },
    "RING_FINGER_DIP": {
        "x": 0.8358651995658875,
        "y": 0.4363389313220978
    },
    "RING_FINGER_TIP": {
        "x": 0.8219438791275024,
        "y": 0.45860928297042847
    },
    "PINKY_MCP": {
        "x": 0.8894286751747131,
        "y": 0.4945724606513977
    },
    "PINKY_PIP": {
        "x": 0.8953084945678711,
        "y": 0.45850640535354614
    },
    "PINKY_DIP": {
        "x": 0.87979656457901,
        "y": 0.47231993079185486
    },
    "PINKY_TIP": {
        "x": 0.8593244552612305,
        "y": 0.4982680678367615
    }
}