{
    "WRIST": {
        "x": 0.9362500905990601,
        "y": 0.7063016891479492
    },
    "THUMB_CMC": {
        "x": 0.8649044036865234,
        "y": 0.7002801895141602
    },
    "THUMB_MCP": {
        "x": 0.8165279626846313,
        "y": 0.6634408235549927
    },
    "THUMB_IP": {
        "x": 0.8194379806518555,
        "y": 0.6306132078170776
    },
    "THUMB_TIP": {
        "x": 0.8426265120506287,
        "y": 0.60686194896698
    },
    "INDEX_FINGER_MCP": {
        "x": 0.8307991027832031,
        "y": 0.6044864654541016
    },
    "INDEX_FINGER_PIP": {
        "x": 0.8197400569915771,
        "y": 0.5667677521705627
    },
    "INDEX_FINGER_DIP": {
        "x": 0.8144760727882385,
        "y": 0.5435491800308228
    },
    "INDEX_FINGER_TIP": {
        "x": 0.813413679599762,
        "y": 0.5250581502914429
    },
    "MIDDLE_FINGER_MCP": {
        "x": 0.8702623844146729,
        "y": 0.5976539850234985
    },
    "MIDDLE_FINGER_PIP": {
        "x": 0.8509327173233032,
        "y": 0.5509048104286194
    },
    "MIDDLE_FINGER_DIP": {
        "x": 0.8268222212791443,
        "y": 0.5371573567390442
    },
    "MIDDLE_FINGER_TIP": {
        "x": 0.8119787573814392,
        "y": 0.5321659445762634
    },
    "RING_FINGER_MCP": {
        "x": 0.9130765795707703,
        "y": 0.6037996411323547
    },
    "RING_FINGER_PIP": {
        "x": 0.8885680437088013,
        "y": 0.5637627840042114
    },
    "RING_FINGER_DIP": {
        "x": 0.8688060641288757,
        "y": 0.5884103178977966
    },
    "RING_FINGER_TIP": {
        "x": 0.8679183125495911,
        "y": 0.6109926700592041
    },
    "PINKY_MCP": {
        "x": 0.9516836404800415,
        "y": 0.6180611252784729
    },
    "PINKY_PIP": {
        "x": 0.91383957862854,
        "y": 0.5987980365753174
    },
    "PINKY_DIP": {
        "x": 0.8932347297668457,
        "y": 0.6180190443992615
    },
    "PINKY_TIP": {
        "x": 0.8873991966247559,
        "y": 0.6359590291976929
    }
}