{
    "WRIST": {
        "x": 0.6764206290245056,
        "y": 0.5903841257095337
    },
    "THUMB_CMC": {
        "x": 0.5998750329017639,
        "y": 0.5690069794654846
    },
    "THUMB_MCP": {
        "x": 0.5598392486572266,
        "y": 0.5238712430000305
    },
    "THUMB_IP": {
        "x": 0.5416169762611389,
        "y": 0.4898516833782196
    },
    "THUMB_TIP": {
        "x": 0.5166757702827454,
        "y": 0.46924328804016113
    },
    "INDEX_FINGER_MCP": {
        "x": 0.6257266998291016,
        "y": 0.49327462911605835
    },
    "INDEX_FINGER_PIP": {
        "x": 0.6234937906265259,
        "y": 0.47114455699920654
    },
    "INDEX_FINGER_DIP": {
        "x": 0.6254609227180481,
        "y": 0.49905717372894287
    },
    "INDEX_FINGER_TIP": {
        "x": 0.6287550926208496,
        "y": 0.5210058689117432
    },
    "MIDDLE_FINGER_MCP": {
        "x": 0.6765305399894714,
        "y": 0.49377986788749695
    },
    "MIDDLE_FINGER_PIP": {
        "x": 0.6678559184074402,
        "y": 0.47268232703208923
    },
    "MIDDLE_FINGER_DIP": {
        "x": 0.6580590605735779,
        "y": 0.5056020021438599
    },
    "MIDDLE_FINGER_TIP": {
        "x": 0.6567232608795166,
        "y": 0.5300498008728027
    },
    "RING_FINGER_MCP": {
        "x": 0.7237732410430908,
        "y": 0.49867743253707886
    },
    "RING_FINGER_PIP": {
        "x": 0.7144899964332581,
        "y": 0.4772327244281769
    },
    "RING_FINGER_DIP": {
        "x": 0.6934927105903625,
        "y": 0.5096278190612793
    },
    "RING_FINGER_TIP": {
        "x": 0.686164915561676,
        "y": 0.5347921848297119
    },
    "PINKY_MCP": {
        "x": 0.7687191963195801,
        "y": 0.5052676200866699
    },
    "PINKY_PIP": {
        "x": 0.7875133752822876,
        "y": 0.4667240083217621
    },
    "PINKY_DIP": {
        "x": 0.7862886190414429,
        "y": 0.44254252314567566
    },
    "PINKY_TIP": {
        "x": 0.7821056246757507,
        "y": 0.41771915555000305
    }
}