{
    "WRIST": {
        "x": 0.6693092584609985,
        "y": 0.5729477405548096
    },
    "THUMB_CMC": {
        "x": 0.5923396348953247,
        "y": 0.5541622638702393
    },
    "THUMB_MCP": {
        "x": 0.5530180335044861,
        "y": 0.5083979368209839
    },
    "THUMB_IP": {
        "x": 0.5374403595924377,
        "y": 0.4741390645503998
    },
    "THUMB_TIP": {
        "x": 0.5096282958984375,
        "y": 0.4525104761123657
    },
    "INDEX_FINGER_MCP": {
        "x": 0.6277960538864136,
        "y": 0.47786945104599
    },
    "INDEX_FINGER_PIP": {
        "x": 0.6235329508781433,
        "y": 0.45402905344963074
    },
    "INDEX_FINGER_DIP": {
        "x": 0.6216562986373901,
        "y": 0.4835755527019501
    },
    "INDEX_FINGER_TIP": {
        "x": 0.6224722862243652,
        "y": 0.5069707036018372
    },
    "MIDDLE_FINGER_MCP": {
        "x": 0.6767635345458984,
        "y": 0.47930124402046204
    },
    "MIDDLE_FINGER_PIP": {
        "x": 0.6658212542533875,
        "y": 0.457213819026947
    },
    "MIDDLE_FINGER_DIP": {
        "x": 0.6520276665687561,
        "y": 0.49217984080314636
    },
    "MIDDLE_FINGER_TIP": {
        "x": 0.6480712890625,
        "y": 0.5170612931251526
    },
    "RING_FINGER_MCP": {
        "x": 0.7234077453613281,
        "y": 0.4852745234966278
    },
    "RING_FINGER_PIP": {
        "x": 0.7135197520256042,
        "y": 0.46283531188964844
    },
    "RING_FINGER_DIP": {
        "x": 0.6896864771842957,
        "y": 0.49747762084007263
    },
    "RING_FINGER_TIP": {
        "x": 0.6814261674880981,
        "y": 0.5234388709068298
    },
    "PINKY_MCP": {
        "x": 0.7684665322303772,
        "y": 0.4921934902667999
    },
    "PINKY_PIP": {
        "x": 0.7877768278121948,
        "y": 0.4522430896759033
    },
    "PINKY_DIP": {
        "x": 0.7874805331230164,
        "y": 0.4280007481575012
    },
    "PINKY_TIP": {
        "x": 0.7855172157287598,
        "y": 0.40313294529914856
    }
}