{
    "WRIST": {
        "x": 0.7038177251815796,
        "y": 0.6309694051742554
    },
    "THUMB_CMC": {
        "x": 0.627298891544342,
        "y": 0.6037814021110535
    },
    "THUMB_MCP": {
        "x": 0.5905179381370544,
        "y": 0.5523174405097961
    },
    "THUMB_IP": {
        "x": 0.5746347904205322,
        "y": 0.5140202641487122
    },
    "THUMB_TIP": {
        "x": 0.5460472702980042,
        "y": 0.4987037181854248
    },
    "INDEX_FINGER_MCP": {
        "x": 0.6602490544319153,
        "y": 0.5183038115501404
    },
    "INDEX_FINGER_PIP": {
        "x": 0.6663063168525696,
        "y": 0.4989306330680847
    },
    "INDEX_FINGER_DIP": {
        "x": 0.665195882320404,
        "y": 0.536400556564331
    },
    "INDEX_FINGER_TIP": {
        "x": 0.6640883684158325,
        "y": 0.5630272626876831
    },
    "MIDDLE_FINGER_MCP": {
        "x": 0.714187502861023,
        "y": 0.5210705995559692
    },
    "MIDDLE_FINGER_PIP": {
        "x": 0.7072233557701111,
        "y": 0.5051683783531189
    },
    "MIDDLE_FINGER_DIP": {
        "x": 0.6920312643051147,
        "y": 0.5426139235496521
    },
    "MIDDLE_FINGER_TIP": {
        "x": 0.6879925727844238,
        "y": 0.567369818687439
    },
    "RING_FINGER_MCP": {
        "x": 0.7635807991027832,
        "y": 0.5283505916595459
    },
    "RING_FINGER_PIP": {
        "x": 0.7578232288360596,
        "y": 0.5112285017967224
    },
    "RING_FINGER_DIP": {
        "x": 0.7347776293754578,
        "y": 0.5453488826751709
    },
    "RING_FINGER_TIP": {
        "x": 0.7254558205604553,
        "y": 0.5712482333183289
    },
    "PINKY_MCP": {
        "x": 0.8125725984573364,
        "y": 0.5376538634300232
    },
    "PINKY_PIP": {
        "x": 0.8385299444198608,
        "y": 0.49521955847740173
    },
    "PINKY_DIP": {
        "x": 0.8459568023681641,
        "y": 0.4648558497428894
    },
    "PINKY_TIP": {
        "x": 0.8512836694717407,
        "y": 0.436270147562027
    }
}