{
    "WRIST": {
        "x": 0.7952556610107422,
        "y": 0.6747350096702576
    },
    "THUMB_CMC": {
        "x": 0.7508271932601929,
        "y": 0.6949151754379272
    },
    "THUMB_MCP": {
        "x": 0.7350468039512634,
        "y": 0.7053152918815613
    },
    "THUMB_IP": {
        "x": 0.7265371084213257,
        "y": 0.716354489326477
    },
    "THUMB_TIP": {
        "x": 0.7245117425918579,
        "y": 0.710840106010437
    },
    "INDEX_FINGER_MCP": {
        "x": 0.8355501294136047,
        "y": 0.6235138177871704
    },
    "INDEX_FINGER_PIP": {
        "x": 0.8301385641098022,
        "y": 0.6417881846427917
    },
    "INDEX_FINGER_DIP": {
        "x": 0.7734767198562622,
        "y": 0.6707143187522888
    },
    "INDEX_FINGER_TIP": {
        "x": 0.7182274460792542,
        "y": 0.697943389415741
    },
    "MIDDLE_FINGER_MCP": {
        "x": 0.880180299282074,
        "y": 0.6048434376716614
    },
    "MIDDLE_FINGER_PIP": {
        "x": 0.8618074059486389,
        "y": 0.6249719262123108
    },
    "MIDDLE_FINGER_DIP": {
        "x": 0.7990750074386597,
        "y": 0.6731451749801636
    },
    "MIDDLE_FINGER_TIP": {
        "x": 0.7451343536376953,
        "y": 0.7133533954620361
    },
    "RING_FINGER_MCP": {
        "x": 0.8981913924217224,
        "y": 0.6081952452659607
    },
    "RING_FINGER_PIP": {
        "x": 0.8735978603363037,
        "y": 0.6322695016860962
    },
    "RING_FINGER_DIP": {
        "x": 0.8053472638130188,
        "y": 0.6787338256835938
    },
    "RING_FINGER_TIP": {
        "x": 0.7554178237915039,
        "y": 0.7105391621589661
    },
    "PINKY_MCP": {
        "x": 0.8945275545120239,
        "y": 0.6281255483627319
    },
    "PINKY_PIP": {
        "x": 0.8721674680709839,
        "y": 0.6455031037330627
    },
    "PINKY_DIP": {
        "x": 0.8246445059776306,
        "y": 0.6742351055145264
    },
    "PINKY_TIP": {
        "x": 0.7931042313575745,
        "y": 0.694584310054779
    }
}