{
    "WRIST": {
        "x": 0.6876094341278076,
        "y": 0.6086439490318298
    },
    "THUMB_CMC": {
        "x": 0.6112779974937439,
        "y": 0.5875296592712402
    },
    "THUMB_MCP": {
        "x": 0.5751202702522278,
        "y": 0.5404338240623474
    },
    "THUMB_IP": {
        "x": 0.5604035258293152,
        "y": 0.5025467872619629
    },
    "THUMB_TIP": {
        "x": 0.5347379446029663,
        "y": 0.48469462990760803
    },
    "INDEX_FINGER_MCP": {
        "x": 0.6414421200752258,
        "y": 0.5062191486358643
    },
    "INDEX_FINGER_PIP": {
        "x": 0.647416889667511,
        "y": 0.48343104124069214
    },
    "INDEX_FINGER_DIP": {
        "x": 0.6472786068916321,
        "y": 0.5171546339988708
    },
    "INDEX_FINGER_TIP": {
        "x": 0.6467151641845703,
        "y": 0.5407942533493042
    },
    "MIDDLE_FINGER_MCP": {
        "x": 0.6911970973014832,
        "y": 0.5080309510231018
    },
    "MIDDLE_FINGER_PIP": {
        "x": 0.6925639510154724,
        "y": 0.4883359670639038
    },
    "MIDDLE_FINGER_DIP": {
        "x": 0.6765121817588806,
        "y": 0.5237040519714355
    },
    "MIDDLE_FINGER_TIP": {
        "x": 0.669356644153595,
        "y": 0.5480538010597229
    },
    "RING_FINGER_MCP": {
        "x": 0.7385191321372986,
        "y": 0.5131676197052002
    },
    "RING_FINGER_PIP": {
        "x": 0.7390180826187134,
        "y": 0.4923257529735565
    },
    "RING_FINGER_DIP": {
        "x": 0.7185937762260437,
        "y": 0.5253798961639404
    },
    "RING_FINGER_TIP": {
        "x": 0.7096045017242432,
        "y": 0.5497417449951172
    },
    "PINKY_MCP": {
        "x": 0.7841137647628784,
        "y": 0.5203133821487427
    },
    "PINKY_PIP": {
        "x": 0.8082747459411621,
        "y": 0.483103483915329
    },
    "PINKY_DIP": {
        "x": 0.8153767585754395,
        "y": 0.45659440755844116
    },
    "PINKY_TIP": {
        "x": 0.8207147717475891,
        "y": 0.4306946396827698
    }
}