{
    "WRIST": {
        "x": 0.738732635974884,
        "y": 0.6003101468086243
    },
    "THUMB_CMC": {
        "x": 0.6616894602775574,
        "y": 0.5698263049125671
    },
    "THUMB_MCP": {
        "x": 0.6157997250556946,
        "y": 0.5137521028518677
    },
    "THUMB_IP": {
        "x": 0.58919358253479,
        "y": 0.46813568472862244
    },
    "THUMB_TIP": {
        "x": 0.5542051196098328,
        "y": 0.439418226480484
    },
    "INDEX_FINGER_MCP": {
        "x": 0.6846102476119995,
        "y": 0.476162850856781
    },
    "INDEX_FINGER_PIP": {
        "x": 0.703909695148468,
        "y": 0.4482414722442627
    },
    "INDEX_FINGER_DIP": {
        "x": 0.7187064290046692,
        "y": 0.48826152086257935
    },
    "INDEX_FINGER_TIP": {
        "x": 0.7236686944961548,
        "y": 0.5214230418205261
    },
    "MIDDLE_FINGER_MCP": {
        "x": 0.7466981410980225,
        "y": 0.48055920004844666
    },
    "MIDDLE_FINGER_PIP": {
        "x": 0.7624211311340332,
        "y": 0.4657779335975647
    },
    "MIDDLE_FINGER_DIP": {
        "x": 0.7554842829704285,
        "y": 0.513534665107727
    },
    "MIDDLE_FINGER_TIP": {
        "x": 0.7489271759986877,
        "y": 0.5444145798683167
    },
    "RING_FINGER_MCP": {
        "x": 0.8037377595901489,
        "y": 0.49076929688453674
    },
    "RING_FINGER_PIP": {
        "x": 0.8215047717094421,
        "y": 0.47919347882270813
    },
    "RING_FINGER_DIP": {
        "x": 0.80284184217453,
        "y": 0.5227221250534058
    },
    "RING_FINGER_TIP": {
        "x": 0.7872319221496582,
        "y": 0.5526930093765259
    },
    "PINKY_MCP": {
        "x": 0.8551543951034546,
        "y": 0.5031134486198425
    },
    "PINKY_PIP": {
        "x": 0.8851508498191833,
        "y": 0.45738485455513
    },
    "PINKY_DIP": {
        "x": 0.9040958881378174,
        "y": 0.42689356207847595
    },
    "PINKY_TIP": {
        "x": 0.9182784557342529,
        "y": 0.3937373161315918
    }
}