{
    "WRIST": {
        "x": 0.7412087917327881,
        "y": 0.5967379808425903
    },
    "THUMB_CMC": {
        "x": 0.6571893095970154,
        "y": 0.565174400806427
    },
    "THUMB_MCP": {
        "x": 0.6060594320297241,
        "y": 0.5041161775588989
    },
    "THUMB_IP": {
        "x": 0.5799558162689209,
        "y": 0.4538837671279907
    },
    "THUMB_TIP": {
        "x": 0.5406613349914551,
        "y": 0.42513561248779297
    },
    "INDEX_FINGER_MCP": {
        "x": 0.6823115944862366,
        "y": 0.46633026003837585
    },
    "INDEX_FINGER_PIP": {
        "x": 0.6938943862915039,
        "y": 0.43896979093551636
    },
    "INDEX_FINGER_DIP": {
        "x": 0.7111659049987793,
        "y": 0.48392385244369507
    },
    "INDEX_FINGER_TIP": {
        "x": 0.7208782434463501,
        "y": 0.5174238681793213
    },
    "MIDDLE_FINGER_MCP": {
        "x": 0.7490164637565613,
        "y": 0.4747790992259979
    },
    "MIDDLE_FINGER_PIP": {
        "x": 0.7585660815238953,
        "y": 0.46730220317840576
    },
    "MIDDLE_FINGER_DIP": {
        "x": 0.7551224827766418,
        "y": 0.5133727788925171
    },
    "MIDDLE_FINGER_TIP": {
        "x": 0.7516975998878479,
        "y": 0.5416079759597778
    },
    "RING_FINGER_MCP": {
        "x": 0.8102474808692932,
        "y": 0.4866938292980194
    },
    "RING_FINGER_PIP": {
        "x": 0.8245790004730225,
        "y": 0.4818545877933502
    },
    "RING_FINGER_DIP": {
        "x": 0.8108304142951965,
        "y": 0.5232537984848022
    },
    "RING_FINGER_TIP": {
        "x": 0.8005408644676208,
        "y": 0.5522544980049133
    },
    "PINKY_MCP": {
        "x": 0.868091344833374,
        "y": 0.5002928972244263
    },
    "PINKY_PIP": {
        "x": 0.900322437286377,
        "y": 0.4552125036716461
    },
    "PINKY_DIP": {
        "x": 0.91191565990448,
        "y": 0.42321792244911194
    },
    "PINKY_TIP": {
        "x": 0.9165194630622864,
        "y": 0.393452525138855
    }
}