{
    "WRIST": {
        "x": 0.675977349281311,
        "y": 0.5700085759162903
    },
    "THUMB_CMC": {
        "x": 0.597441554069519,
        "y": 0.5511766672134399
    },
    "THUMB_MCP": {
        "x": 0.5568394064903259,
        "y": 0.5062620639801025
    },
    "THUMB_IP": {
        "x": 0.5441893339157104,
        "y": 0.4709250330924988
    },
    "THUMB_TIP": {
        "x": 0.5206618905067444,
        "y": 0.4483143985271454
    },
    "INDEX_FINGER_MCP": {
        "x": 0.6342222690582275,
        "y": 0.4747124910354614
    },
    "INDEX_FINGER_PIP": {
        "x": 0.6347238421440125,
        "y": 0.4511467516422272
    },
    "INDEX_FINGER_DIP": {
        "x": 0.6342126727104187,
        "y": 0.47950780391693115
    },
    "INDEX_FINGER_TIP": {
        "x": 0.6337041854858398,
        "y": 0.5024009346961975
    },
    "MIDDLE_FINGER_MCP": {
        "x": 0.684073805809021,
        "y": 0.4764702022075653
    },
    "MIDDLE_FINGER_PIP": {
        "x": 0.6802167892456055,
        "y": 0.45636627078056335
    },
    "MIDDLE_FINGER_DIP": {
        "x": 0.6673790812492371,
        "y": 0.49015986919403076
    },
    "MIDDLE_FINGER_TIP": {
        "x": 0.6610937118530273,
        "y": 0.5150229930877686
    },
    "RING_FINGER_MCP": {
        "x": 0.7322654724121094,
        "y": 0.48151594400405884
    },
    "RING_FINGER_PIP": {
        "x": 0.7267580032348633,
        "y": 0.46091651916503906
    },
    "RING_FINGER_DIP": {
        "x": 0.7057380080223083,
        "y": 0.4938233196735382
    },
    "RING_FINGER_TIP": {
        "x": 0.6959168910980225,
        "y": 0.5193607211112976
    },
    "PINKY_MCP": {
        "x": 0.7788746953010559,
        "y": 0.48725542426109314
    },
    "PINKY_PIP": {
        "x": 0.8001405000686646,
        "y": 0.4454748332500458
    },
    "PINKY_DIP": {
        "x": 0.8053860664367676,
        "y": 0.421913743019104
    },
    "PINKY_TIP": {
        "x": 0.8083308935165405,
        "y": 0.3991629183292389
    }
}