{
    "WRIST": {
        "x": 0.6723877787590027,
        "y": 0.5832042694091797
    },
    "THUMB_CMC": {
        "x": 0.5962339043617249,
        "y": 0.5642414689064026
    },
    "THUMB_MCP": {
        "x": 0.5565200448036194,
        "y": 0.518408477306366
    },
    "THUMB_IP": {
        "x": 0.5417224168777466,
        "y": 0.483984112739563
    },
    "THUMB_TIP": {
        "x": 0.5165432691574097,
        "y": 0.46157485246658325
    },
    "INDEX_FINGER_MCP": {
        "x": 0.6225797533988953,
        "y": 0.4871278405189514
    },
    "INDEX_FINGER_PIP": {
        "x": 0.6181162595748901,
        "y": 0.46207356452941895
    },
    "INDEX_FINGER_DIP": {
        "x": 0.6202835440635681,
        "y": 0.4912937879562378
    },
    "INDEX_FINGER_TIP": {
        "x": 0.6243594288825989,
        "y": 0.5146362781524658
    },
    "MIDDLE_FINGER_MCP": {
        "x": 0.6715335845947266,
        "y": 0.4881516993045807
    },
    "MIDDLE_FINGER_PIP": {
        "x": 0.659040093421936,
        "y": 0.46506062150001526
    },
    "MIDDLE_FINGER_DIP": {
        "x": 0.650538444519043,
        "y": 0.49947208166122437
    },
    "MIDDLE_FINGER_TIP": {
        "x": 0.6505911946296692,
        "y": 0.5243578553199768
    },
    "RING_FINGER_MCP": {
        "x": 0.7194412350654602,
        "y": 0.4933682382106781
    },
    "RING_FINGER_PIP": {
        "x": 0.7059904336929321,
        "y": 0.47018158435821533
    },
    "RING_FINGER_DIP": {
        "x": 0.6861568689346313,
        "y": 0.5034635066986084
    },
    "RING_FINGER_TIP": {
        "x": 0.680160641670227,
        "y": 0.5290184020996094
    },
    "PINKY_MCP": {
        "x": 0.7670241594314575,
        "y": 0.4993438124656677
    },
    "PINKY_PIP": {
        "x": 0.785702109336853,
        "y": 0.4591052532196045
    },
    "PINKY_DIP": {
        "x": 0.7846068739891052,
        "y": 0.4338997006416321
    },
    "PINKY_TIP": {
        "x": 0.7801468372344971,
        "y": 0.4085901975631714
    }
}