{
    "WRIST": {
        "x": 0.7452648878097534,
        "y": 0.5937901735305786
    },
    "THUMB_CMC": {
        "x": 0.6628968715667725,
        "y": 0.5630697011947632
    },
    "THUMB_MCP": {
        "x": 0.6078660488128662,
        "y": 0.5063714981079102
    },
    "THUMB_IP": {
        "x": 0.5751247406005859,
        "y": 0.45953604578971863
    },
    "THUMB_TIP": {
        "x": 0.5395082831382751,
        "y": 0.4331018030643463
    },
    "INDEX_FINGER_MCP": {
        "x": 0.6921271085739136,
        "y": 0.4692009389400482
    },
    "INDEX_FINGER_PIP": {
        "x": 0.7068299651145935,
        "y": 0.44289734959602356
    },
    "INDEX_FINGER_DIP": {
        "x": 0.7233057618141174,
        "y": 0.48736515641212463
    },
    "INDEX_FINGER_TIP": {
        "x": 0.7267046570777893,
        "y": 0.5198550224304199
    },
    "MIDDLE_FINGER_MCP": {
        "x": 0.7541055679321289,
        "y": 0.4732073247432709
    },
    "MIDDLE_FINGER_PIP": {
        "x": 0.7706574201583862,
        "y": 0.4666881859302521
    },
    "MIDDLE_FINGER_DIP": {
        "x": 0.7670822143554688,
        "y": 0.5151636600494385
    },
    "MIDDLE_FINGER_TIP": {
        "x": 0.7563343048095703,
        "y": 0.5479676723480225
    },
    "RING_FINGER_MCP": {
        "x": 0.8089005947113037,
        "y": 0.48287448287010193
    },
    "RING_FINGER_PIP": {
        "x": 0.8250134587287903,
        "y": 0.4778837561607361
    },
    "RING_FINGER_DIP": {
        "x": 0.8129120469093323,
        "y": 0.5220589637756348
    },
    "RING_FINGER_TIP": {
        "x": 0.8020989894866943,
        "y": 0.5551832318305969
    },
    "PINKY_MCP": {
        "x": 0.8612076640129089,
        "y": 0.4939688444137573
    },
    "PINKY_PIP": {
        "x": 0.8946660757064819,
        "y": 0.45083969831466675
    },
    "PINKY_DIP": {
        "x": 0.9097650051116943,
        "y": 0.41840291023254395
    },
    "PINKY_TIP": {
        "x": 0.9173438549041748,
        "y": 0.38801854848861694
    }
}