{
    "WRIST": {
        "x": 0.9006182551383972,
        "y": 0.679720938205719
    },
    "THUMB_CMC": {
        "x": 0.8611602783203125,
        "y": 0.639887809753418
    },
    "THUMB_MCP": {
        "x": 0.8056337833404541,
        "y": 0.6036560535430908
    },
    "THUMB_IP": {
        "x": 0.7412031292915344,
        "y": 0.5984418392181396
    },
    "THUMB_TIP": {
        "x": 0.6950587034225464,
        "y": 0.6089141964912415
    },
    "INDEX_FINGER_MCP": {
        "x": 0.8095654249191284,
        "y": 0.5709742903709412
    },
    "INDEX_FINGER_PIP": {
        "x": 0.739525556564331,
        "y": 0.5303979516029358
    },
    "INDEX_FINGER_DIP": {
        "x": 0.6954975724220276,
        "y": 0.540620744228363
    },
    "INDEX_FINGER_TIP": {
        "x": 0.6792637705802917,
        "y": 0.5612539649009705
    },
    "MIDDLE_FINGER_MCP": {
        "x": 0.811886191368103,
        "y": 0.5922324657440186
    },
    "MIDDLE_FINGER_PIP": {
        "x": 0.7409849166870117,
        "y": 0.5768080949783325
    },
    "MIDDLE_FINGER_DIP": {
        "x": 0.7256914973258972,
        "y": 0.597562313079834
    },
    "MIDDLE_FINGER_TIP": {
        "x": 0.7376773357391357,
        "y": 0.6143056750297546
    },
    "RING_FINGER_MCP": {
        "x": 0.8112403154373169,
        "y": 0.6207834482192993
    },
    "RING_FINGER_PIP": {
        "x": 0.7435648441314697,
        "y": 0.6157403588294983
    },
    "RING_FINGER_DIP": {
        "x": 0.7397667169570923,
        "y": 0.6289786100387573
    },
    "RING_FINGER_TIP": {
        "x": 0.7597972750663757,
        "y": 0.636962890625
    },
    "PINKY_MCP": {
        "x": 0.8090043067932129,
        "y": 0.6496089100837708
    },
    "PINKY_PIP": {
        "x": 0.7477552890777588,
        "y": 0.646776556968689
    },
    "PINKY_DIP": {
        "x": 0.7417812347412109,
        "y": 0.6542744636535645
    },
    "PINKY_TIP": {
        "x": 0.7529522180557251,
        "y": 0.6565013527870178
    }
}