{
    "WRIST": {
        "x": 0.8411909937858582,
        "y": 0.7253369688987732
    },
    "THUMB_CMC": {
        "x": 0.766750693321228,
        "y": 0.7062092423439026
    },
    "THUMB_MCP": {
        "x": 0.7132551670074463,
        "y": 0.6689867973327637
    },
    "THUMB_IP": {
        "x": 0.6796178817749023,
        "y": 0.6439948678016663
    },
    "THUMB_TIP": {
        "x": 0.6591609716415405,
        "y": 0.6305662989616394
    },
    "INDEX_FINGER_MCP": {
        "x": 0.7811683416366577,
        "y": 0.5932347774505615
    },
    "INDEX_FINGER_PIP": {
        "x": 0.7448856234550476,
        "y": 0.5415108799934387
    },
    "INDEX_FINGER_DIP": {
        "x": 0.6935957670211792,
        "y": 0.5657151937484741
    },
    "INDEX_FINGER_TIP": {
        "x": 0.6615785360336304,
        "y": 0.5973244309425354
    },
    "MIDDLE_FINGER_MCP": {
        "x": 0.8483538031578064,
        "y": 0.6013440489768982
    },
    "MIDDLE_FINGER_PIP": {
        "x": 0.7839328646659851,
        "y": 0.6130511164665222
    },
    "MIDDLE_FINGER_DIP": {
        "x": 0.745962381362915,
        "y": 0.6506571173667908
    },
    "MIDDLE_FINGER_TIP": {
        "x": 0.7398146390914917,
        "y": 0.6679008603096008
    },
    "RING_FINGER_MCP": {
        "x": 0.8969895243644714,
        "y": 0.6309078335762024
    },
    "RING_FINGER_PIP": {
        "x": 0.8136847019195557,
        "y": 0.6644594073295593
    },
    "RING_FINGER_DIP": {
        "x": 0.7850363254547119,
        "y": 0.6863709092140198
    },
    "RING_FINGER_TIP": {
        "x": 0.7872950434684753,
        "y": 0.6880778670310974
    },
    "PINKY_MCP": {
        "x": 0.9303947687149048,
        "y": 0.6680186986923218
    },
    "PINKY_PIP": {
        "x": 0.8491389155387878,
        "y": 0.7043529748916626
    },
    "PINKY_DIP": {
        "x": 0.8192904591560364,
        "y": 0.717022180557251
    },
    "PINKY_TIP": {
        "x": 0.8180540800094604,
        "y": 0.7123307585716248
    }
}