{
    "WRIST": {
        "x": 0.7115119099617004,
        "y": 0.6521070599555969
    },
    "THUMB_CMC": {
        "x": 0.6434598565101624,
        "y": 0.6202265620231628
    },
    "THUMB_MCP": {
        "x": 0.6020735502243042,
        "y": 0.5662972927093506
    },
    "THUMB_IP": {
        "x": 0.5799747705459595,
        "y": 0.5246596932411194
    },
    "THUMB_TIP": {
        "x": 0.5578914880752563,
        "y": 0.5006918907165527
    },
    "INDEX_FINGER_MCP": {
        "x": 0.6634680032730103,
        "y": 0.5350515246391296
    },
    "INDEX_FINGER_PIP": {
        "x": 0.6720728874206543,
        "y": 0.5146832466125488
    },
    "INDEX_FINGER_DIP": {
        "x": 0.6769942045211792,
        "y": 0.5505599975585938
    },
    "INDEX_FINGER_TIP": {
        "x": 0.676259458065033,
        "y": 0.5774827003479004
    },
    "MIDDLE_FINGER_MCP": {
        "x": 0.7194029092788696,
        "y": 0.5398977994918823
    },
    "MIDDLE_FINGER_PIP": {
        "x": 0.7217593193054199,
        "y": 0.5299109816551208
    },
    "MIDDLE_FINGER_DIP": {
        "x": 0.7143010497093201,
        "y": 0.5699983835220337
    },
    "MIDDLE_FINGER_TIP": {
        "x": 0.708801805973053,
        "y": 0.5967322587966919
    },
    "RING_FINGER_MCP": {
        "x": 0.7704880237579346,
        "y": 0.5504597425460815
    },
    "RING_FINGER_PIP": {
        "x": 0.7731419801712036,
        "y": 0.5368131995201111
    },
    "RING_FINGER_DIP": {
        "x": 0.7569410800933838,
        "y": 0.5739011168479919
    },
    "RING_FINGER_TIP": {
        "x": 0.7475155591964722,
        "y": 0.600297212600708
    },
    "PINKY_MCP": {
        "x": 0.8208181262016296,
        "y": 0.5649831295013428
    },
    "PINKY_PIP": {
        "x": 0.8463974595069885,
        "y": 0.5299941301345825
    },
    "PINKY_DIP": {
        "x": 0.8590821027755737,
        "y": 0.5072452425956726
    },
    "PINKY_TIP": {
        "x": 0.8679987192153931,
        "y": 0.48330196738243103
    }
}