{
    "WRIST": {
        "x": 0.796150267124176,
        "y": 0.6937971115112305
    },
    "THUMB_CMC": {
        "x": 0.7336665987968445,
        "y": 0.6713153123855591
    },
    "THUMB_MCP": {
        "x": 0.6900904178619385,
        "y": 0.6289209723472595
    },
    "THUMB_IP": {
        "x": 0.681567907333374,
        "y": 0.5924662947654724
    },
    "THUMB_TIP": {
        "x": 0.6836121082305908,
        "y": 0.5664336085319519
    },
    "INDEX_FINGER_MCP": {
        "x": 0.7368819713592529,
        "y": 0.5732949376106262
    },
    "INDEX_FINGER_PIP": {
        "x": 0.7331050038337708,
        "y": 0.5376317501068115
    },
    "INDEX_FINGER_DIP": {
        "x": 0.7293312549591064,
        "y": 0.5385540723800659
    },
    "INDEX_FINGER_TIP": {
        "x": 0.7284381985664368,
        "y": 0.5420455932617188
    },
    "MIDDLE_FINGER_MCP": {
        "x": 0.8044621348381042,
        "y": 0.5800802111625671
    },
    "MIDDLE_FINGER_PIP": {
        "x": 0.7967631220817566,
        "y": 0.6088610291481018
    },
    "MIDDLE_FINGER_DIP": {
        "x": 0.7721781134605408,
        "y": 0.6385396122932434
    },
    "MIDDLE_FINGER_TIP": {
        "x": 0.7556872367858887,
        "y": 0.6507046222686768
    },
    "RING_FINGER_MCP": {
        "x": 0.8589522838592529,
        "y": 0.6038258671760559
    },
    "RING_FINGER_PIP": {
        "x": 0.8378395438194275,
        "y": 0.6508772373199463
    },
    "RING_FINGER_DIP": {
        "x": 0.8126490712165833,
        "y": 0.6754121780395508
    },
    "RING_FINGER_TIP": {
        "x": 0.798060953617096,
        "y": 0.6856551766395569
    },
    "PINKY_MCP": {
        "x": 0.9033902287483215,
        "y": 0.6313794851303101
    },
    "PINKY_PIP": {
        "x": 0.8768472671508789,
        "y": 0.6763259172439575
    },
    "PINKY_DIP": {
        "x": 0.8472993969917297,
        "y": 0.694703221321106
    },
    "PINKY_TIP": {
        "x": 0.8262574672698975,
        "y": 0.7013925909996033
    }
}