{
    "WRIST": {
        "x": 0.7372806072235107,
        "y": 0.5939587354660034
    },
    "THUMB_CMC": {
        "x": 0.6577120423316956,
        "y": 0.5656490325927734
    },
    "THUMB_MCP": {
        "x": 0.6097705364227295,
        "y": 0.5111009478569031
    },
    "THUMB_IP": {
        "x": 0.5837739109992981,
        "y": 0.46515271067619324
    },
    "THUMB_TIP": {
        "x": 0.5479857921600342,
        "y": 0.43708834052085876
    },
    "INDEX_FINGER_MCP": {
        "x": 0.6846290230751038,
        "y": 0.4712669253349304
    },
    "INDEX_FINGER_PIP": {
        "x": 0.6950981616973877,
        "y": 0.44116103649139404
    },
    "INDEX_FINGER_DIP": {
        "x": 0.7097198367118835,
        "y": 0.48361724615097046
    },
    "INDEX_FINGER_TIP": {
        "x": 0.7135202884674072,
        "y": 0.5164242386817932
    },
    "MIDDLE_FINGER_MCP": {
        "x": 0.7457849979400635,
        "y": 0.4748835563659668
    },
    "MIDDLE_FINGER_PIP": {
        "x": 0.7584773302078247,
        "y": 0.46820321679115295
    },
    "MIDDLE_FINGER_DIP": {
        "x": 0.755262553691864,
        "y": 0.5171080827713013
    },
    "MIDDLE_FINGER_TIP": {
        "x": 0.7454260587692261,
        "y": 0.5490756034851074
    },
    "RING_FINGER_MCP": {
        "x": 0.8019416928291321,
        "y": 0.4858555495738983
    },
    "RING_FINGER_PIP": {
        "x": 0.815450131893158,
        "y": 0.48266977071762085
    },
    "RING_FINGER_DIP": {
        "x": 0.8013260960578918,
        "y": 0.5270171761512756
    },
    "RING_FINGER_TIP": {
        "x": 0.7868344783782959,
        "y": 0.5582786202430725
    },
    "PINKY_MCP": {
        "x": 0.8538620471954346,
        "y": 0.49963313341140747
    },
    "PINKY_PIP": {
        "x": 0.8868818283081055,
        "y": 0.45335525274276733
    },
    "PINKY_DIP": {
        "x": 0.9067163467407227,
        "y": 0.4215931296348572
    },
    "PINKY_TIP": {
        "x": 0.917285680770874,
        "y": 0.39059221744537354
    }
}