{
    "WRIST": {
        "x": 0.7685684561729431,
        "y": 0.6839267611503601
    },
    "THUMB_CMC": {
        "x": 0.7045510411262512,
        "y": 0.6626957058906555
    },
    "THUMB_MCP": {
        "x": 0.6603739261627197,
        "y": 0.6137333512306213
    },
    "THUMB_IP": {
        "x": 0.6527987122535706,
        "y": 0.5719858407974243
    },
    "THUMB_TIP": {
        "x": 0.6362415552139282,
        "y": 0.5363147258758545
    },
    "INDEX_FINGER_MCP": {
        "x": 0.7067559361457825,
        "y": 0.5673162341117859
    },
    "INDEX_FINGER_PIP": {
        "x": 0.6824154853820801,
        "y": 0.5202459096908569
    },
    "INDEX_FINGER_DIP": {
        "x": 0.6612141132354736,
        "y": 0.497156023979187
    },
    "INDEX_FINGER_TIP": {
        "x": 0.6442590355873108,
        "y": 0.474982351064682
    },
    "MIDDLE_FINGER_MCP": {
        "x": 0.773796796798706,
        "y": 0.5713613033294678
    },
    "MIDDLE_FINGER_PIP": {
        "x": 0.7677201628684998,
        "y": 0.5532492995262146
    },
    "MIDDLE_FINGER_DIP": {
        "x": 0.7565922737121582,
        "y": 0.5512974858283997
    },
    "MIDDLE_FINGER_TIP": {
        "x": 0.7526509761810303,
        "y": 0.5390214920043945
    },
    "RING_FINGER_MCP": {
        "x": 0.8314947485923767,
        "y": 0.5907018780708313
    },
    "RING_FINGER_PIP": {
        "x": 0.8421504497528076,
        "y": 0.5980720520019531
    },
    "RING_FINGER_DIP": {
        "x": 0.8319354057312012,
        "y": 0.6216469407081604
    },
    "RING_FINGER_TIP": {
        "x": 0.8299102187156677,
        "y": 0.6325529217720032
    },
    "PINKY_MCP": {
        "x": 0.8828474283218384,
        "y": 0.6147230267524719
    },
    "PINKY_PIP": {
        "x": 0.901201605796814,
        "y": 0.6124334335327148
    },
    "PINKY_DIP": {
        "x": 0.8941468596458435,
        "y": 0.6228455901145935
    },
    "PINKY_TIP": {
        "x": 0.8873229622840881,
        "y": 0.6308531165122986
    }
}