{
    "WRIST": {
        "x": 0.6860640645027161,
        "y": 0.6091634035110474
    },
    "THUMB_CMC": {
        "x": 0.6087344884872437,
        "y": 0.582581639289856
    },
    "THUMB_MCP": {
        "x": 0.570042073726654,
        "y": 0.5348024964332581
    },
    "THUMB_IP": {
        "x": 0.5534403324127197,
        "y": 0.49778226017951965
    },
    "THUMB_TIP": {
        "x": 0.5372359156608582,
        "y": 0.4820398688316345
    },
    "INDEX_FINGER_MCP": {
        "x": 0.620815634727478,
        "y": 0.4977594017982483
    },
    "INDEX_FINGER_PIP": {
        "x": 0.6220471858978271,
        "y": 0.472473680973053
    },
    "INDEX_FINGER_DIP": {
        "x": 0.6251712441444397,
        "y": 0.5049113631248474
    },
    "INDEX_FINGER_TIP": {
        "x": 0.62531977891922,
        "y": 0.5274689197540283
    },
    "MIDDLE_FINGER_MCP": {
        "x": 0.6734885573387146,
        "y": 0.49954044818878174
    },
    "MIDDLE_FINGER_PIP": {
        "x": 0.6713106036186218,
        "y": 0.477798730134964
    },
    "MIDDLE_FINGER_DIP": {
        "x": 0.6599854826927185,
        "y": 0.5147604942321777
    },
    "MIDDLE_FINGER_TIP": {
        "x": 0.6548975706100464,
        "y": 0.538619875907898
    },
    "RING_FINGER_MCP": {
        "x": 0.7230963706970215,
        "y": 0.5043918490409851
    },
    "RING_FINGER_PIP": {
        "x": 0.7227206826210022,
        "y": 0.47996288537979126
    },
    "RING_FINGER_DIP": {
        "x": 0.7041524648666382,
        "y": 0.5155494213104248
    },
    "RING_FINGER_TIP": {
        "x": 0.694151759147644,
        "y": 0.5406981706619263
    },
    "PINKY_MCP": {
        "x": 0.7702615261077881,
        "y": 0.5113276839256287
    },
    "PINKY_PIP": {
        "x": 0.7929704785346985,
        "y": 0.47160738706588745
    },
    "PINKY_DIP": {
        "x": 0.8017978668212891,
        "y": 0.44724494218826294
    },
    "PINKY_TIP": {
        "x": 0.8054773211479187,
        "y": 0.42252302169799805
    }
}