{
    "WRIST": {
        "x": 0.6987680792808533,
        "y": 0.5676381587982178
    },
    "THUMB_CMC": {
        "x": 0.6213359832763672,
        "y": 0.543099582195282
    },
    "THUMB_MCP": {
        "x": 0.5847873091697693,
        "y": 0.4933996796607971
    },
    "THUMB_IP": {
        "x": 0.5655125379562378,
        "y": 0.4563387334346771
    },
    "THUMB_TIP": {
        "x": 0.5325337052345276,
        "y": 0.43142247200012207
    },
    "INDEX_FINGER_MCP": {
        "x": 0.6687934994697571,
        "y": 0.46229785680770874
    },
    "INDEX_FINGER_PIP": {
        "x": 0.6780245304107666,
        "y": 0.43492236733436584
    },
    "INDEX_FINGER_DIP": {
        "x": 0.6635301113128662,
        "y": 0.46892568469047546
    },
    "INDEX_FINGER_TIP": {
        "x": 0.6604618430137634,
        "y": 0.48892250657081604
    },
    "MIDDLE_FINGER_MCP": {
        "x": 0.7258524894714355,
        "y": 0.4641207456588745
    },
    "MIDDLE_FINGER_PIP": {
        "x": 0.7109748721122742,
        "y": 0.4571461081504822
    },
    "MIDDLE_FINGER_DIP": {
        "x": 0.6894647479057312,
        "y": 0.49544888734817505
    },
    "MIDDLE_FINGER_TIP": {
        "x": 0.6874021887779236,
        "y": 0.5152873992919922
    },
    "RING_FINGER_MCP": {
        "x": 0.7788398265838623,
        "y": 0.4721392095088959
    },
    "RING_FINGER_PIP": {
        "x": 0.7684707045555115,
        "y": 0.4564244747161865
    },
    "RING_FINGER_DIP": {
        "x": 0.7421466112136841,
        "y": 0.48624902963638306
    },
    "RING_FINGER_TIP": {
        "x": 0.7352218627929688,
        "y": 0.507081151008606
    },
    "PINKY_MCP": {
        "x": 0.8301649689674377,
        "y": 0.484082967042923
    },
    "PINKY_PIP": {
        "x": 0.8568928241729736,
        "y": 0.4438420832157135
    },
    "PINKY_DIP": {
        "x": 0.8579453229904175,
        "y": 0.4160311818122864
    },
    "PINKY_TIP": {
        "x": 0.8542034029960632,
        "y": 0.38970303535461426
    }
}