{
    "WRIST": {
        "x": 0.7318517565727234,
        "y": 0.5762112736701965
    },
    "THUMB_CMC": {
        "x": 0.6497374176979065,
        "y": 0.5606005191802979
    },
    "THUMB_MCP": {
        "x": 0.6029977798461914,
        "y": 0.5115091800689697
    },
    "THUMB_IP": {
        "x": 0.5821905732154846,
        "y": 0.46873360872268677
    },
    "THUMB_TIP": {
        "x": 0.5461022257804871,
        "y": 0.4373584985733032
    },
    "INDEX_FINGER_MCP": {
        "x": 0.6860747933387756,
        "y": 0.47148430347442627
    },
    "INDEX_FINGER_PIP": {
        "x": 0.6952974200248718,
        "y": 0.4496956765651703
    },
    "INDEX_FINGER_DIP": {
        "x": 0.7129019498825073,
        "y": 0.49459338188171387
    },
    "INDEX_FINGER_TIP": {
        "x": 0.716306209564209,
        "y": 0.5252445936203003
    },
    "MIDDLE_FINGER_MCP": {
        "x": 0.7452269196510315,
        "y": 0.4735473394393921
    },
    "MIDDLE_FINGER_PIP": {
        "x": 0.7599362730979919,
        "y": 0.46212640404701233
    },
    "MIDDLE_FINGER_DIP": {
        "x": 0.7596112489700317,
        "y": 0.49839529395103455
    },
    "MIDDLE_FINGER_TIP": {
        "x": 0.7499406933784485,
        "y": 0.5128791332244873
    },
    "RING_FINGER_MCP": {
        "x": 0.8001649975776672,
        "y": 0.48292821645736694
    },
    "RING_FINGER_PIP": {
        "x": 0.8124514818191528,
        "y": 0.4822206497192383
    },
    "RING_FINGER_DIP": {
        "x": 0.8022333383560181,
        "y": 0.527583122253418
    },
    "RING_FINGER_TIP": {
        "x": 0.7921206951141357,
        "y": 0.5554362535476685
    },
    "PINKY_MCP": {
        "x": 0.8515552282333374,
        "y": 0.4958830177783966
    },
    "PINKY_PIP": {
        "x": 0.881688117980957,
        "y": 0.45481929183006287
    },
    "PINKY_DIP": {
        "x": 0.901509702205658,
        "y": 0.4263123869895935
    },
    "PINKY_TIP": {
        "x": 0.9155481457710266,
        "y": 0.3960318863391876
    }
}