{
    "WRIST": {
        "x": 0.7462663650512695,
        "y": 0.6642417311668396
    },
    "THUMB_CMC": {
        "x": 0.6791360378265381,
        "y": 0.6422836780548096
    },
    "THUMB_MCP": {
        "x": 0.6307938694953918,
        "y": 0.5936418771743774
    },
    "THUMB_IP": {
        "x": 0.6108881235122681,
        "y": 0.5494670271873474
    },
    "THUMB_TIP": {
        "x": 0.586298942565918,
        "y": 0.5153393149375916
    },
    "INDEX_FINGER_MCP": {
        "x": 0.6953848004341125,
        "y": 0.5596408247947693
    },
    "INDEX_FINGER_PIP": {
        "x": 0.7035182118415833,
        "y": 0.528328537940979
    },
    "INDEX_FINGER_DIP": {
        "x": 0.7013237476348877,
        "y": 0.5470111966133118
    },
    "INDEX_FINGER_TIP": {
        "x": 0.6972796320915222,
        "y": 0.5604192614555359
    },
    "MIDDLE_FINGER_MCP": {
        "x": 0.7511951327323914,
        "y": 0.5605206489562988
    },
    "MIDDLE_FINGER_PIP": {
        "x": 0.7573272585868835,
        "y": 0.5602330565452576
    },
    "MIDDLE_FINGER_DIP": {
        "x": 0.7497807145118713,
        "y": 0.6011390089988708
    },
    "MIDDLE_FINGER_TIP": {
        "x": 0.7445846199989319,
        "y": 0.6243348717689514
    },
    "RING_FINGER_MCP": {
        "x": 0.8047229051589966,
        "y": 0.5684386491775513
    },
    "RING_FINGER_PIP": {
        "x": 0.8064119219779968,
        "y": 0.5623766183853149
    },
    "RING_FINGER_DIP": {
        "x": 0.7978697419166565,
        "y": 0.5953113436698914
    },
    "RING_FINGER_TIP": {
        "x": 0.792526125907898,
        "y": 0.6179596185684204
    },
    "PINKY_MCP": {
        "x": 0.8596189618110657,
        "y": 0.5814456343650818
    },
    "PINKY_PIP": {
        "x": 0.8840212225914001,
        "y": 0.5484417080879211
    },
    "PINKY_DIP": {
        "x": 0.8877077102661133,
        "y": 0.5409432649612427
    },
    "PINKY_TIP": {
        "x": 0.8877354860305786,
        "y": 0.5399927496910095
    }
}