{
    "WRIST": {
        "x": 0.7343284487724304,
        "y": 0.5945982336997986
    },
    "THUMB_CMC": {
        "x": 0.6589043140411377,
        "y": 0.5675212740898132
    },
    "THUMB_MCP": {
        "x": 0.6140713691711426,
        "y": 0.5122191309928894
    },
    "THUMB_IP": {
        "x": 0.5892971754074097,
        "y": 0.46783411502838135
    },
    "THUMB_TIP": {
        "x": 0.556370735168457,
        "y": 0.43907761573791504
    },
    "INDEX_FINGER_MCP": {
        "x": 0.6799955368041992,
        "y": 0.4745655953884125
    },
    "INDEX_FINGER_PIP": {
        "x": 0.6973535418510437,
        "y": 0.43986696004867554
    },
    "INDEX_FINGER_DIP": {
        "x": 0.7145218849182129,
        "y": 0.4794260263442993
    },
    "INDEX_FINGER_TIP": {
        "x": 0.7181013226509094,
        "y": 0.5146708488464355
    },
    "MIDDLE_FINGER_MCP": {
        "x": 0.740093469619751,
        "y": 0.4789174199104309
    },
    "MIDDLE_FINGER_PIP": {
        "x": 0.7567245364189148,
        "y": 0.460563600063324
    },
    "MIDDLE_FINGER_DIP": {
        "x": 0.752429723739624,
        "y": 0.5073034763336182
    },
    "MIDDLE_FINGER_TIP": {
        "x": 0.7449741959571838,
        "y": 0.5390540361404419
    },
    "RING_FINGER_MCP": {
        "x": 0.797199547290802,
        "y": 0.4891102910041809
    },
    "RING_FINGER_PIP": {
        "x": 0.8146468997001648,
        "y": 0.475461483001709
    },
    "RING_FINGER_DIP": {
        "x": 0.7987123131752014,
        "y": 0.5181049108505249
    },
    "RING_FINGER_TIP": {
        "x": 0.7827534675598145,
        "y": 0.5486830472946167
    },
    "PINKY_MCP": {
        "x": 0.8484403491020203,
        "y": 0.5009143948554993
    },
    "PINKY_PIP": {
        "x": 0.8806745409965515,
        "y": 0.45450904965400696
    },
    "PINKY_DIP": {
        "x": 0.9019746780395508,
        "y": 0.42487961053848267
    },
    "PINKY_TIP": {
        "x": 0.916210412979126,
        "y": 0.3934018015861511
    }
}