{
    "WRIST": {
        "x": 0.6734731197357178,
        "y": 0.5796177387237549
    },
    "THUMB_CMC": {
        "x": 0.6114158034324646,
        "y": 0.5743810534477234
    },
    "THUMB_MCP": {
        "x": 0.5564059019088745,
        "y": 0.5503522753715515
    },
    "THUMB_IP": {
        "x": 0.5517128705978394,
        "y": 0.525779128074646
    },
    "THUMB_TIP": {
        "x": 0.586818277835846,
        "y": 0.508746325969696
    },
    "INDEX_FINGER_MCP": {
        "x": 0.5676971673965454,
        "y": 0.4868659973144531
    },
    "INDEX_FINGER_PIP": {
        "x": 0.5137725472450256,
        "y": 0.4511212408542633
    },
    "INDEX_FINGER_DIP": {
        "x": 0.47575122117996216,
        "y": 0.43496885895729065
    },
    "INDEX_FINGER_TIP": {
        "x": 0.44183942675590515,
        "y": 0.4198117256164551
    },
    "MIDDLE_FINGER_MCP": {
        "x": 0.6205461621284485,
        "y": 0.47697851061820984
    },
    "MIDDLE_FINGER_PIP": {
        "x": 0.5844108462333679,
        "y": 0.4935537874698639
    },
    "MIDDLE_FINGER_DIP": {
        "x": 0.5910666584968567,
        "y": 0.523293673992157
    },
    "MIDDLE_FINGER_TIP": {
        "x": 0.5982515811920166,
        "y": 0.5401874780654907
    },
    "RING_FINGER_MCP": {
        "x": 0.6715371608734131,
        "y": 0.4846128225326538
    },
    "RING_FINGER_PIP": {
        "x": 0.6357226371765137,
        "y": 0.508928656578064
    },
    "RING_FINGER_DIP": {
        "x": 0.6303761601448059,
        "y": 0.5356214642524719
    },
    "RING_FINGER_TIP": {
        "x": 0.6294635534286499,
        "y": 0.5527667999267578
    },
    "PINKY_MCP": {
        "x": 0.7183012962341309,
        "y": 0.4997190535068512
    },
    "PINKY_PIP": {
        "x": 0.6781947016716003,
        "y": 0.5207324624061584
    },
    "PINKY_DIP": {
        "x": 0.6514443755149841,
        "y": 0.5417359471321106
    },
    "PINKY_TIP": {
        "x": 0.6355701088905334,
        "y": 0.5558040738105774
    }
}