{
    "WRIST": {
        "x": 0.8846466541290283,
        "y": 0.7021716237068176
    },
    "THUMB_CMC": {
        "x": 0.9082567691802979,
        "y": 0.7263416051864624
    },
    "THUMB_MCP": {
        "x": 0.9438485503196716,
        "y": 0.7409020662307739
    },
    "THUMB_IP": {
        "x": 0.9666996002197266,
        "y": 0.7445079684257507
    },
    "THUMB_TIP": {
        "x": 0.9797351360321045,
        "y": 0.7457370162010193
    },
    "INDEX_FINGER_MCP": {
        "x": 0.971664547920227,
        "y": 0.7012255191802979
    },
    "INDEX_FINGER_PIP": {
        "x": 0.9410644769668579,
        "y": 0.691626250743866
    },
    "INDEX_FINGER_DIP": {
        "x": 0.9083408713340759,
        "y": 0.703643262386322
    },
    "INDEX_FINGER_TIP": {
        "x": 0.9014301896095276,
        "y": 0.71268230676651
    },
    "MIDDLE_FINGER_MCP": {
        "x": 0.9469934701919556,
        "y": 0.6747030019760132
    },
    "MIDDLE_FINGER_PIP": {
        "x": 0.9171428680419922,
        "y": 0.6546747088432312
    },
    "MIDDLE_FINGER_DIP": {
        "x": 0.8809317350387573,
        "y": 0.6700147390365601
    },
    "MIDDLE_FINGER_TIP": {
        "x": 0.8741239905357361,
        "y": 0.6810697913169861
    },
    "RING_FINGER_MCP": {
        "x": 0.9229418635368347,
        "y": 0.6535000801086426
    },
    "RING_FINGER_PIP": {
        "x": 0.8950319886207581,
        "y": 0.6379190683364868
    },
    "RING_FINGER_DIP": {
        "x": 0.8676877617835999,
        "y": 0.6516106724739075
    },
    "RING_FINGER_TIP": {
        "x": 0.8664660453796387,
        "y": 0.6571823358535767
    },
    "PINKY_MCP": {
        "x": 0.9044426679611206,
        "y": 0.637932300567627
    },
    "PINKY_PIP": {
        "x": 0.8823261857032776,
        "y": 0.619009792804718
    },
    "PINKY_DIP": {
        "x": 0.8650990724563599,
        "y": 0.6288919448852539
    },
    "PINKY_TIP": {
        "x": 0.8612399101257324,
        "y": 0.6345692276954651
    }
}