{
    "WRIST": {
        "x": 0.6636316776275635,
        "y": 0.6949125528335571
    },
    "THUMB_CMC": {
        "x": 0.6020169258117676,
        "y": 0.6993888020515442
    },
    "THUMB_MCP": {
        "x": 0.5568387508392334,
        "y": 0.6862998008728027
    },
    "THUMB_IP": {
        "x": 0.5536656379699707,
        "y": 0.6821387410163879
    },
    "THUMB_TIP": {
        "x": 0.592483401298523,
        "y": 0.6784846782684326
    },
    "INDEX_FINGER_MCP": {
        "x": 0.5724842548370361,
        "y": 0.6056098937988281
    },
    "INDEX_FINGER_PIP": {
        "x": 0.5233529806137085,
        "y": 0.6064205169677734
    },
    "INDEX_FINGER_DIP": {
        "x": 0.4826347529888153,
        "y": 0.602019190788269
    },
    "INDEX_FINGER_TIP": {
        "x": 0.4432680308818817,
        "y": 0.5994476675987244
    },
    "MIDDLE_FINGER_MCP": {
        "x": 0.6388012766838074,
        "y": 0.5964081883430481
    },
    "MIDDLE_FINGER_PIP": {
        "x": 0.6113334894180298,
        "y": 0.6451354026794434
    },
    "MIDDLE_FINGER_DIP": {
        "x": 0.6007649898529053,
        "y": 0.6723952293395996
    },
    "MIDDLE_FINGER_TIP": {
        "x": 0.591829776763916,
        "y": 0.6768676042556763
    },
    "RING_FINGER_MCP": {
        "x": 0.6945134997367859,
        "y": 0.609314501285553
    },
    "RING_FINGER_PIP": {
        "x": 0.671122133731842,
        "y": 0.6686756014823914
    },
    "RING_FINGER_DIP": {
        "x": 0.6537309885025024,
        "y": 0.6926062107086182
    },
    "RING_FINGER_TIP": {
        "x": 0.6426059007644653,
        "y": 0.6937751770019531
    },
    "PINKY_MCP": {
        "x": 0.7364755272865295,
        "y": 0.6298470497131348
    },
    "PINKY_PIP": {
        "x": 0.7054330110549927,
        "y": 0.6805325746536255
    },
    "PINKY_DIP": {
        "x": 0.6855246424674988,
        "y": 0.6987637281417847
    },
    "PINKY_TIP": {
        "x": 0.6727394461631775,
        "y": 0.6987909078598022
    }
}