{
    "WRIST": {
        "x": 0.6915268301963806,
        "y": 0.6983602643013
    },
    "THUMB_CMC": {
        "x": 0.6275346279144287,
        "y": 0.7050668001174927
    },
    "THUMB_MCP": {
        "x": 0.5777170658111572,
        "y": 0.6982703804969788
    },
    "THUMB_IP": {
        "x": 0.5699225068092346,
        "y": 0.69284987449646
    },
    "THUMB_TIP": {
        "x": 0.5985941886901855,
        "y": 0.682456374168396
    },
    "INDEX_FINGER_MCP": {
        "x": 0.5880628824234009,
        "y": 0.6295905113220215
    },
    "INDEX_FINGER_PIP": {
        "x": 0.5349112749099731,
        "y": 0.620013415813446
    },
    "INDEX_FINGER_DIP": {
        "x": 0.4928503632545471,
        "y": 0.6233121156692505
    },
    "INDEX_FINGER_TIP": {
        "x": 0.4561864137649536,
        "y": 0.6285400986671448
    },
    "MIDDLE_FINGER_MCP": {
        "x": 0.6468690633773804,
        "y": 0.6238441467285156
    },
    "MIDDLE_FINGER_PIP": {
        "x": 0.6019892692565918,
        "y": 0.6397099494934082
    },
    "MIDDLE_FINGER_DIP": {
        "x": 0.5618873238563538,
        "y": 0.6586436033248901
    },
    "MIDDLE_FINGER_TIP": {
        "x": 0.5330718159675598,
        "y": 0.6694926619529724
    },
    "RING_FINGER_MCP": {
        "x": 0.699398934841156,
        "y": 0.6360635161399841
    },
    "RING_FINGER_PIP": {
        "x": 0.6754553914070129,
        "y": 0.6797870397567749
    },
    "RING_FINGER_DIP": {
        "x": 0.6488910913467407,
        "y": 0.7011926770210266
    },
    "RING_FINGER_TIP": {
        "x": 0.6352974772453308,
        "y": 0.7062479257583618
    },
    "PINKY_MCP": {
        "x": 0.7403276562690735,
        "y": 0.6534482836723328
    },
    "PINKY_PIP": {
        "x": 0.7113388180732727,
        "y": 0.6909523010253906
    },
    "PINKY_DIP": {
        "x": 0.6875625848770142,
        "y": 0.7038055062294006
    },
    "PINKY_TIP": {
        "x": 0.67414391040802,
        "y": 0.706465482711792
    }
}