{
    "WRIST": {
        "x": 0.8184987306594849,
        "y": 0.5874162316322327
    },
    "THUMB_CMC": {
        "x": 0.7792136669158936,
        "y": 0.5421791672706604
    },
    "THUMB_MCP": {
        "x": 0.7682392001152039,
        "y": 0.48661720752716064
    },
    "THUMB_IP": {
        "x": 0.7867470979690552,
        "y": 0.44691869616508484
    },
    "THUMB_TIP": {
        "x": 0.8054085373878479,
        "y": 0.41363227367401123
    },
    "INDEX_FINGER_MCP": {
        "x": 0.8035191893577576,
        "y": 0.48066750168800354
    },
    "INDEX_FINGER_PIP": {
        "x": 0.7949200868606567,
        "y": 0.4477497339248657
    },
    "INDEX_FINGER_DIP": {
        "x": 0.788300096988678,
        "y": 0.4220784902572632
    },
    "INDEX_FINGER_TIP": {
        "x": 0.7832782864570618,
        "y": 0.3976059854030609
    },
    "MIDDLE_FINGER_MCP": {
        "x": 0.8574954271316528,
        "y": 0.49063634872436523
    },
    "MIDDLE_FINGER_PIP": {
        "x": 0.8092147707939148,
        "y": 0.48744282126426697
    },
    "MIDDLE_FINGER_DIP": {
        "x": 0.7847687602043152,
        "y": 0.48701807856559753
    },
    "MIDDLE_FINGER_TIP": {
        "x": 0.7747283577919006,
        "y": 0.4810957610607147
    },
    "RING_FINGER_MCP": {
        "x": 0.9096391797065735,
        "y": 0.5085045099258423
    },
    "RING_FINGER_PIP": {
        "x": 0.8677431344985962,
        "y": 0.5206447839736938
    },
    "RING_FINGER_DIP": {
        "x": 0.8446556925773621,
        "y": 0.533138632774353
    },
    "RING_FINGER_TIP": {
        "x": 0.8386269807815552,
        "y": 0.5353223085403442
    },
    "PINKY_MCP": {
        "x": 0.9583932757377625,
        "y": 0.5306112170219421
    },
    "PINKY_PIP": {
        "x": 0.9175942540168762,
        "y": 0.5394347906112671
    },
    "PINKY_DIP": {
        "x": 0.8881574273109436,
        "y": 0.5461814403533936
    },
    "PINKY_TIP": {
        "x": 0.8780421614646912,
        "y": 0.5470779538154602
    }
}