{
    "WRIST": {
        "x": 0.6552736163139343,
        "y": 0.5719258189201355
    },
    "THUMB_CMC": {
        "x": 0.5980368256568909,
        "y": 0.5708543062210083
    },
    "THUMB_MCP": {
        "x": 0.5503519773483276,
        "y": 0.5486429333686829
    },
    "THUMB_IP": {
        "x": 0.5449604392051697,
        "y": 0.5253862142562866
    },
    "THUMB_TIP": {
        "x": 0.5765312910079956,
        "y": 0.5038486123085022
    },
    "INDEX_FINGER_MCP": {
        "x": 0.5540010333061218,
        "y": 0.48535871505737305
    },
    "INDEX_FINGER_PIP": {
        "x": 0.5053911209106445,
        "y": 0.45231005549430847
    },
    "INDEX_FINGER_DIP": {
        "x": 0.4675702452659607,
        "y": 0.43501150608062744
    },
    "INDEX_FINGER_TIP": {
        "x": 0.4309844970703125,
        "y": 0.41727495193481445
    },
    "MIDDLE_FINGER_MCP": {
        "x": 0.6070486903190613,
        "y": 0.47390860319137573
    },
    "MIDDLE_FINGER_PIP": {
        "x": 0.574073851108551,
        "y": 0.4866419732570648
    },
    "MIDDLE_FINGER_DIP": {
        "x": 0.5750628113746643,
        "y": 0.51585853099823
    },
    "MIDDLE_FINGER_TIP": {
        "x": 0.578281819820404,
        "y": 0.5328543782234192
    },
    "RING_FINGER_MCP": {
        "x": 0.6594036221504211,
        "y": 0.4799841642379761
    },
    "RING_FINGER_PIP": {
        "x": 0.6298781037330627,
        "y": 0.5043963193893433
    },
    "RING_FINGER_DIP": {
        "x": 0.6188485026359558,
        "y": 0.5326157212257385
    },
    "RING_FINGER_TIP": {
        "x": 0.6126876473426819,
        "y": 0.5491228103637695
    },
    "PINKY_MCP": {
        "x": 0.7070761919021606,
        "y": 0.4959324598312378
    },
    "PINKY_PIP": {
        "x": 0.6707255244255066,
        "y": 0.51552414894104
    },
    "PINKY_DIP": {
        "x": 0.6459008455276489,
        "y": 0.5376604795455933
    },
    "PINKY_TIP": {
        "x": 0.6336967945098877,
        "y": 0.5527619123458862
    }
}