{
    "WRIST": {
        "x": 0.655651330947876,
        "y": 0.5603695511817932
    },
    "THUMB_CMC": {
        "x": 0.5952644348144531,
        "y": 0.5602443218231201
    },
    "THUMB_MCP": {
        "x": 0.5490433573722839,
        "y": 0.545063316822052
    },
    "THUMB_IP": {
        "x": 0.5344297289848328,
        "y": 0.5250391364097595
    },
    "THUMB_TIP": {
        "x": 0.5671806335449219,
        "y": 0.50486820936203
    },
    "INDEX_FINGER_MCP": {
        "x": 0.5526484847068787,
        "y": 0.48196154832839966
    },
    "INDEX_FINGER_PIP": {
        "x": 0.49848487973213196,
        "y": 0.449948787689209
    },
    "INDEX_FINGER_DIP": {
        "x": 0.45854949951171875,
        "y": 0.43469706177711487
    },
    "INDEX_FINGER_TIP": {
        "x": 0.4222188889980316,
        "y": 0.41843846440315247
    },
    "MIDDLE_FINGER_MCP": {
        "x": 0.6071646809577942,
        "y": 0.4695751667022705
    },
    "MIDDLE_FINGER_PIP": {
        "x": 0.5669492483139038,
        "y": 0.4901089370250702
    },
    "MIDDLE_FINGER_DIP": {
        "x": 0.5717138648033142,
        "y": 0.5187431573867798
    },
    "MIDDLE_FINGER_TIP": {
        "x": 0.5791561603546143,
        "y": 0.5325132012367249
    },
    "RING_FINGER_MCP": {
        "x": 0.6601329445838928,
        "y": 0.4762575328350067
    },
    "RING_FINGER_PIP": {
        "x": 0.6240832209587097,
        "y": 0.5107090473175049
    },
    "RING_FINGER_DIP": {
        "x": 0.6151955723762512,
        "y": 0.5359571576118469
    },
    "RING_FINGER_TIP": {
        "x": 0.6119194626808167,
        "y": 0.5474399328231812
    },
    "PINKY_MCP": {
        "x": 0.7064160108566284,
        "y": 0.49266448616981506
    },
    "PINKY_PIP": {
        "x": 0.6652743220329285,
        "y": 0.5178523659706116
    },
    "PINKY_DIP": {
        "x": 0.6397531032562256,
        "y": 0.5380282402038574
    },
    "PINKY_TIP": {
        "x": 0.6289191246032715,
        "y": 0.5497512817382812
    }
}