{
    "WRIST": {
        "x": 0.6521922945976257,
        "y": 0.5720177888870239
    },
    "THUMB_CMC": {
        "x": 0.5974276065826416,
        "y": 0.5718467831611633
    },
    "THUMB_MCP": {
        "x": 0.5421004891395569,
        "y": 0.5492622256278992
    },
    "THUMB_IP": {
        "x": 0.5352577567100525,
        "y": 0.526908278465271
    },
    "THUMB_TIP": {
        "x": 0.5714512467384338,
        "y": 0.5116251707077026
    },
    "INDEX_FINGER_MCP": {
        "x": 0.5566609501838684,
        "y": 0.48285621404647827
    },
    "INDEX_FINGER_PIP": {
        "x": 0.49764251708984375,
        "y": 0.4504292607307434
    },
    "INDEX_FINGER_DIP": {
        "x": 0.4571341872215271,
        "y": 0.4368760287761688
    },
    "INDEX_FINGER_TIP": {
        "x": 0.4236847758293152,
        "y": 0.4220696687698364
    },
    "MIDDLE_FINGER_MCP": {
        "x": 0.6115468740463257,
        "y": 0.4731064438819885
    },
    "MIDDLE_FINGER_PIP": {
        "x": 0.5693870782852173,
        "y": 0.4871876835823059
    },
    "MIDDLE_FINGER_DIP": {
        "x": 0.5728700160980225,
        "y": 0.5168479681015015
    },
    "MIDDLE_FINGER_TIP": {
        "x": 0.5833175182342529,
        "y": 0.5303699374198914
    },
    "RING_FINGER_MCP": {
        "x": 0.6640632152557373,
        "y": 0.4811713397502899
    },
    "RING_FINGER_PIP": {
        "x": 0.6221815347671509,
        "y": 0.505825400352478
    },
    "RING_FINGER_DIP": {
        "x": 0.6141354441642761,
        "y": 0.531509280204773
    },
    "RING_FINGER_TIP": {
        "x": 0.6172502040863037,
        "y": 0.5428916215896606
    },
    "PINKY_MCP": {
        "x": 0.7111999988555908,
        "y": 0.4980279207229614
    },
    "PINKY_PIP": {
        "x": 0.6655701994895935,
        "y": 0.5171456933021545
    },
    "PINKY_DIP": {
        "x": 0.638060450553894,
        "y": 0.5365874767303467
    },
    "PINKY_TIP": {
        "x": 0.6288153529167175,
        "y": 0.5472381114959717
    }
}