{
    "WRIST": {
        "x": 0.7941786646842957,
        "y": 0.6319383382797241
    },
    "THUMB_CMC": {
        "x": 0.811251163482666,
        "y": 0.6374072432518005
    },
    "THUMB_MCP": {
        "x": 0.8247712254524231,
        "y": 0.6230215430259705
    },
    "THUMB_IP": {
        "x": 0.8145007491111755,
        "y": 0.6077216863632202
    },
    "THUMB_TIP": {
        "x": 0.8170418739318848,
        "y": 0.596346914768219
    },
    "INDEX_FINGER_MCP": {
        "x": 0.9001523852348328,
        "y": 0.5513989925384521
    },
    "INDEX_FINGER_PIP": {
        "x": 0.8561650514602661,
        "y": 0.569061815738678
    },
    "INDEX_FINGER_DIP": {
        "x": 0.8184608817100525,
        "y": 0.5902074575424194
    },
    "INDEX_FINGER_TIP": {
        "x": 0.81069415807724,
        "y": 0.5961719155311584
    },
    "MIDDLE_FINGER_MCP": {
        "x": 0.8739888072013855,
        "y": 0.5346149206161499
    },
    "MIDDLE_FINGER_PIP": {
        "x": 0.8113598823547363,
        "y": 0.554455041885376
    },
    "MIDDLE_FINGER_DIP": {
        "x": 0.7850180268287659,
        "y": 0.5785502195358276
    },
    "MIDDLE_FINGER_TIP": {
        "x": 0.7931300401687622,
        "y": 0.5811317563056946
    },
    "RING_FINGER_MCP": {
        "x": 0.8385472893714905,
        "y": 0.5297114253044128
    },
    "RING_FINGER_PIP": {
        "x": 0.777917206287384,
        "y": 0.5478241443634033
    },
    "RING_FINGER_DIP": {
        "x": 0.7645567059516907,
        "y": 0.5675926208496094
    },
    "RING_FINGER_TIP": {
        "x": 0.7759683132171631,
        "y": 0.5690416097640991
    },
    "PINKY_MCP": {
        "x": 0.7955771684646606,
        "y": 0.5351244807243347
    },
    "PINKY_PIP": {
        "x": 0.7531449794769287,
        "y": 0.5344311594963074
    },
    "PINKY_DIP": {
        "x": 0.7360447645187378,
        "y": 0.5367203950881958
    },
    "PINKY_TIP": {
        "x": 0.7310061454772949,
        "y": 0.528997540473938
    }
}