{
    "WRIST": {
        "x": 0.6639294624328613,
        "y": 0.6959490180015564
    },
    "THUMB_CMC": {
        "x": 0.5965554714202881,
        "y": 0.7036628127098083
    },
    "THUMB_MCP": {
        "x": 0.5533581972122192,
        "y": 0.6925510168075562
    },
    "THUMB_IP": {
        "x": 0.5491745471954346,
        "y": 0.6888852119445801
    },
    "THUMB_TIP": {
        "x": 0.5828992128372192,
        "y": 0.6859519481658936
    },
    "INDEX_FINGER_MCP": {
        "x": 0.5710040330886841,
        "y": 0.613575279712677
    },
    "INDEX_FINGER_PIP": {
        "x": 0.5350990295410156,
        "y": 0.6220919489860535
    },
    "INDEX_FINGER_DIP": {
        "x": 0.5046144723892212,
        "y": 0.6325893998146057
    },
    "INDEX_FINGER_TIP": {
        "x": 0.47416365146636963,
        "y": 0.6372542381286621
    },
    "MIDDLE_FINGER_MCP": {
        "x": 0.6372878551483154,
        "y": 0.6098577976226807
    },
    "MIDDLE_FINGER_PIP": {
        "x": 0.6204479932785034,
        "y": 0.6503268480300903
    },
    "MIDDLE_FINGER_DIP": {
        "x": 0.5951713919639587,
        "y": 0.6777178645133972
    },
    "MIDDLE_FINGER_TIP": {
        "x": 0.5756421685218811,
        "y": 0.6828821301460266
    },
    "RING_FINGER_MCP": {
        "x": 0.6927624344825745,
        "y": 0.6230350136756897
    },
    "RING_FINGER_PIP": {
        "x": 0.6821880340576172,
        "y": 0.6760854125022888
    },
    "RING_FINGER_DIP": {
        "x": 0.6537851095199585,
        "y": 0.7023382782936096
    },
    "RING_FINGER_TIP": {
        "x": 0.6357766389846802,
        "y": 0.7046792507171631
    },
    "PINKY_MCP": {
        "x": 0.733096718788147,
        "y": 0.6429149508476257
    },
    "PINKY_PIP": {
        "x": 0.7116115689277649,
        "y": 0.6845974326133728
    },
    "PINKY_DIP": {
        "x": 0.6881116628646851,
        "y": 0.7025414109230042
    },
    "PINKY_TIP": {
        "x": 0.6705033183097839,
        "y": 0.7042134404182434
    }
}