{
    "WRIST": {
        "x": 0.8761181235313416,
        "y": 0.6943517923355103
    },
    "THUMB_CMC": {
        "x": 0.8855636715888977,
        "y": 0.731964111328125
    },
    "THUMB_MCP": {
        "x": 0.9106890559196472,
        "y": 0.7463915348052979
    },
    "THUMB_IP": {
        "x": 0.9109376668930054,
        "y": 0.7477879524230957
    },
    "THUMB_TIP": {
        "x": 0.8990303874015808,
        "y": 0.7430828213691711
    },
    "INDEX_FINGER_MCP": {
        "x": 0.9639825820922852,
        "y": 0.7011814713478088
    },
    "INDEX_FINGER_PIP": {
        "x": 0.9093804359436035,
        "y": 0.6879728436470032
    },
    "INDEX_FINGER_DIP": {
        "x": 0.8582521677017212,
        "y": 0.6894502639770508
    },
    "INDEX_FINGER_TIP": {
        "x": 0.836925208568573,
        "y": 0.687376081943512
    },
    "MIDDLE_FINGER_MCP": {
        "x": 0.9453901052474976,
        "y": 0.6653327941894531
    },
    "MIDDLE_FINGER_PIP": {
        "x": 0.8884471654891968,
        "y": 0.6426177620887756
    },
    "MIDDLE_FINGER_DIP": {
        "x": 0.8280786275863647,
        "y": 0.6527795195579529
    },
    "MIDDLE_FINGER_TIP": {
        "x": 0.8087395429611206,
        "y": 0.6574862003326416
    },
    "RING_FINGER_MCP": {
        "x": 0.9243613481521606,
        "y": 0.6370337009429932
    },
    "RING_FINGER_PIP": {
        "x": 0.8716222643852234,
        "y": 0.6173527240753174
    },
    "RING_FINGER_DIP": {
        "x": 0.8219294548034668,
        "y": 0.6237328052520752
    },
    "RING_FINGER_TIP": {
        "x": 0.8106645345687866,
        "y": 0.6232431530952454
    },
    "PINKY_MCP": {
        "x": 0.9058558940887451,
        "y": 0.6147080659866333
    },
    "PINKY_PIP": {
        "x": 0.8597474694252014,
        "y": 0.5944915413856506
    },
    "PINKY_DIP": {
        "x": 0.8235660791397095,
        "y": 0.6008628606796265
    },
    "PINKY_TIP": {
        "x": 0.817527711391449,
        "y": 0.6034226417541504
    }
}