{
    "WRIST": {
        "x": 0.850170373916626,
        "y": 0.7220805883407593
    },
    "THUMB_CMC": {
        "x": 0.7997274994850159,
        "y": 0.7094541192054749
    },
    "THUMB_MCP": {
        "x": 0.803212583065033,
        "y": 0.6927434206008911
    },
    "THUMB_IP": {
        "x": 0.8657399415969849,
        "y": 0.6940107941627502
    },
    "THUMB_TIP": {
        "x": 0.9418537616729736,
        "y": 0.7082270383834839
    },
    "INDEX_FINGER_MCP": {
        "x": 0.8518848419189453,
        "y": 0.6598661541938782
    },
    "INDEX_FINGER_PIP": {
        "x": 0.8638287782669067,
        "y": 0.6447690725326538
    },
    "INDEX_FINGER_DIP": {
        "x": 0.8750991821289062,
        "y": 0.6515699028968811
    },
    "INDEX_FINGER_TIP": {
        "x": 0.886877715587616,
        "y": 0.6559516191482544
    },
    "MIDDLE_FINGER_MCP": {
        "x": 0.9093940258026123,
        "y": 0.6727432012557983
    },
    "MIDDLE_FINGER_PIP": {
        "x": 0.9343486428260803,
        "y": 0.6665194034576416
    },
    "MIDDLE_FINGER_DIP": {
        "x": 0.9130651950836182,
        "y": 0.6834424734115601
    },
    "MIDDLE_FINGER_TIP": {
        "x": 0.9067792296409607,
        "y": 0.6909487843513489
    },
    "RING_FINGER_MCP": {
        "x": 0.9473336338996887,
        "y": 0.693784773349762
    },
    "RING_FINGER_PIP": {
        "x": 0.96551114320755,
        "y": 0.7083691358566284
    },
    "RING_FINGER_DIP": {
        "x": 0.9262276887893677,
        "y": 0.7220752835273743
    },
    "RING_FINGER_TIP": {
        "x": 0.9047825336456299,
        "y": 0.7229053378105164
    },
    "PINKY_MCP": {
        "x": 0.9702103137969971,
        "y": 0.7156829833984375
    },
    "PINKY_PIP": {
        "x": 0.9768228530883789,
        "y": 0.7282619476318359
    },
    "PINKY_DIP": {
        "x": 0.9466348886489868,
        "y": 0.7359216809272766
    },
    "PINKY_TIP": {
        "x": 0.9266565442085266,
        "y": 0.7384318113327026
    }
}