{
    "WRIST": {
        "x": 0.8498307466506958,
        "y": 0.6257736682891846
    },
    "THUMB_CMC": {
        "x": 0.80561763048172,
        "y": 0.6101901531219482
    },
    "THUMB_MCP": {
        "x": 0.7864274978637695,
        "y": 0.5734522342681885
    },
    "THUMB_IP": {
        "x": 0.8399652242660522,
        "y": 0.5573287606239319
    },
    "THUMB_TIP": {
        "x": 0.906553328037262,
        "y": 0.5518535375595093
    },
    "INDEX_FINGER_MCP": {
        "x": 0.8300566673278809,
        "y": 0.5033534169197083
    },
    "INDEX_FINGER_PIP": {
        "x": 0.8459884524345398,
        "y": 0.4501444101333618
    },
    "INDEX_FINGER_DIP": {
        "x": 0.8518090844154358,
        "y": 0.43210312724113464
    },
    "INDEX_FINGER_TIP": {
        "x": 0.8587135672569275,
        "y": 0.43134281039237976
    },
    "MIDDLE_FINGER_MCP": {
        "x": 0.8892658352851868,
        "y": 0.5061030387878418
    },
    "MIDDLE_FINGER_PIP": {
        "x": 0.9070395231246948,
        "y": 0.5023442506790161
    },
    "MIDDLE_FINGER_DIP": {
        "x": 0.8901195526123047,
        "y": 0.5291236639022827
    },
    "MIDDLE_FINGER_TIP": {
        "x": 0.8731437921524048,
        "y": 0.5486029386520386
    },
    "RING_FINGER_MCP": {
        "x": 0.9380594491958618,
        "y": 0.5247020721435547
    },
    "RING_FINGER_PIP": {
        "x": 0.9487303495407104,
        "y": 0.5449488162994385
    },
    "RING_FINGER_DIP": {
        "x": 0.9265920519828796,
        "y": 0.5731825828552246
    },
    "RING_FINGER_TIP": {
        "x": 0.9089739918708801,
        "y": 0.585264265537262
    },
    "PINKY_MCP": {
        "x": 0.9770140051841736,
        "y": 0.5525506138801575
    },
    "PINKY_PIP": {
        "x": 0.9864692687988281,
        "y": 0.5706976652145386
    },
    "PINKY_DIP": {
        "x": 0.9597446322441101,
        "y": 0.5902996063232422
    },
    "PINKY_TIP": {
        "x": 0.9347452521324158,
        "y": 0.5977441668510437
    }
}