{
    "WRIST": {
        "x": 0.8411450386047363,
        "y": 0.6989763975143433
    },
    "THUMB_CMC": {
        "x": 0.7737915515899658,
        "y": 0.6485934257507324
    },
    "THUMB_MCP": {
        "x": 0.693164050579071,
        "y": 0.6247772574424744
    },
    "THUMB_IP": {
        "x": 0.6163969039916992,
        "y": 0.6243217587471008
    },
    "THUMB_TIP": {
        "x": 0.557086169719696,
        "y": 0.6325022578239441
    },
    "INDEX_FINGER_MCP": {
        "x": 0.7646512389183044,
        "y": 0.6496604084968567
    },
    "INDEX_FINGER_PIP": {
        "x": 0.6515704989433289,
        "y": 0.6454756259918213
    },
    "INDEX_FINGER_DIP": {
        "x": 0.5918838977813721,
        "y": 0.6432949304580688
    },
    "INDEX_FINGER_TIP": {
        "x": 0.5584149956703186,
        "y": 0.6440953612327576
    },
    "MIDDLE_FINGER_MCP": {
        "x": 0.7743461728096008,
        "y": 0.6864537596702576
    },
    "MIDDLE_FINGER_PIP": {
        "x": 0.6402368545532227,
        "y": 0.6887556314468384
    },
    "MIDDLE_FINGER_DIP": {
        "x": 0.593014121055603,
        "y": 0.6798550486564636
    },
    "MIDDLE_FINGER_TIP": {
        "x": 0.5862174034118652,
        "y": 0.6752870678901672
    },
    "RING_FINGER_MCP": {
        "x": 0.7800174355506897,
        "y": 0.7179441452026367
    },
    "RING_FINGER_PIP": {
        "x": 0.6450762748718262,
        "y": 0.7162236571311951
    },
    "RING_FINGER_DIP": {
        "x": 0.6102309226989746,
        "y": 0.7002531886100769
    },
    "RING_FINGER_TIP": {
        "x": 0.6166778802871704,
        "y": 0.6905331015586853
    },
    "PINKY_MCP": {
        "x": 0.7838952541351318,
        "y": 0.7413331270217896
    },
    "PINKY_PIP": {
        "x": 0.6862545013427734,
        "y": 0.7372709512710571
    },
    "PINKY_DIP": {
        "x": 0.6658957004547119,
        "y": 0.7222229242324829
    },
    "PINKY_TIP": {
        "x": 0.6765152215957642,
        "y": 0.7103003263473511
    }
}