{
    "WRIST": {
        "x": 0.7705546021461487,
        "y": 0.6673206090927124
    },
    "THUMB_CMC": {
        "x": 0.6963160634040833,
        "y": 0.6733108162879944
    },
    "THUMB_MCP": {
        "x": 0.6351261138916016,
        "y": 0.664375901222229
    },
    "THUMB_IP": {
        "x": 0.6198719143867493,
        "y": 0.6495271921157837
    },
    "THUMB_TIP": {
        "x": 0.6441115140914917,
        "y": 0.6376978754997253
    },
    "INDEX_FINGER_MCP": {
        "x": 0.6453948020935059,
        "y": 0.5926028490066528
    },
    "INDEX_FINGER_PIP": {
        "x": 0.5816493034362793,
        "y": 0.5555321574211121
    },
    "INDEX_FINGER_DIP": {
        "x": 0.5555465221405029,
        "y": 0.5649255514144897
    },
    "INDEX_FINGER_TIP": {
        "x": 0.555577278137207,
        "y": 0.5766233801841736
    },
    "MIDDLE_FINGER_MCP": {
        "x": 0.6933026313781738,
        "y": 0.578737735748291
    },
    "MIDDLE_FINGER_PIP": {
        "x": 0.6414206624031067,
        "y": 0.5635801553726196
    },
    "MIDDLE_FINGER_DIP": {
        "x": 0.6294087171554565,
        "y": 0.5879501104354858
    },
    "MIDDLE_FINGER_TIP": {
        "x": 0.6341146230697632,
        "y": 0.602548360824585
    },
    "RING_FINGER_MCP": {
        "x": 0.7395696043968201,
        "y": 0.5804557800292969
    },
    "RING_FINGER_PIP": {
        "x": 0.6955710053443909,
        "y": 0.5704874396324158
    },
    "RING_FINGER_DIP": {
        "x": 0.6837985515594482,
        "y": 0.5884982943534851
    },
    "RING_FINGER_TIP": {
        "x": 0.6908626556396484,
        "y": 0.6008537411689758
    },
    "PINKY_MCP": {
        "x": 0.7798303961753845,
        "y": 0.5898168683052063
    },
    "PINKY_PIP": {
        "x": 0.7657288908958435,
        "y": 0.5833604335784912
    },
    "PINKY_DIP": {
        "x": 0.7591423988342285,
        "y": 0.5944015383720398
    },
    "PINKY_TIP": {
        "x": 0.7570203542709351,
        "y": 0.6041064858436584
    }
}