{
    "WRIST": {
        "x": 0.8383185267448425,
        "y": 0.7270606756210327
    },
    "THUMB_CMC": {
        "x": 0.812014639377594,
        "y": 0.7236257195472717
    },
    "THUMB_MCP": {
        "x": 0.8359581828117371,
        "y": 0.7157546281814575
    },
    "THUMB_IP": {
        "x": 0.8987331390380859,
        "y": 0.7149970531463623
    },
    "THUMB_TIP": {
        "x": 0.9671672582626343,
        "y": 0.7149937152862549
    },
    "INDEX_FINGER_MCP": {
        "x": 0.8609517812728882,
        "y": 0.696421205997467
    },
    "INDEX_FINGER_PIP": {
        "x": 0.8814572691917419,
        "y": 0.671906590461731
    },
    "INDEX_FINGER_DIP": {
        "x": 0.8888250589370728,
        "y": 0.6585949659347534
    },
    "INDEX_FINGER_TIP": {
        "x": 0.8929942846298218,
        "y": 0.6483724117279053
    },
    "MIDDLE_FINGER_MCP": {
        "x": 0.9042277932167053,
        "y": 0.6969395279884338
    },
    "MIDDLE_FINGER_PIP": {
        "x": 0.9342191815376282,
        "y": 0.669248640537262
    },
    "MIDDLE_FINGER_DIP": {
        "x": 0.9164941310882568,
        "y": 0.6702401041984558
    },
    "MIDDLE_FINGER_TIP": {
        "x": 0.9075478315353394,
        "y": 0.6732618808746338
    },
    "RING_FINGER_MCP": {
        "x": 0.9344003200531006,
        "y": 0.7014452219009399
    },
    "RING_FINGER_PIP": {
        "x": 0.9521770477294922,
        "y": 0.6867870688438416
    },
    "RING_FINGER_DIP": {
        "x": 0.9220184087753296,
        "y": 0.6980939507484436
    },
    "RING_FINGER_TIP": {
        "x": 0.916156530380249,
        "y": 0.7053154110908508
    },
    "PINKY_MCP": {
        "x": 0.9576283693313599,
        "y": 0.7067251205444336
    },
    "PINKY_PIP": {
        "x": 0.9604820609092712,
        "y": 0.6954675316810608
    },
    "PINKY_DIP": {
        "x": 0.937340497970581,
        "y": 0.707011878490448
    },
    "PINKY_TIP": {
        "x": 0.9354802966117859,
        "y": 0.7179009318351746
    }
}