{
    "WRIST": {
        "x": 0.8782526850700378,
        "y": 0.7195250391960144
    },
    "THUMB_CMC": {
        "x": 0.8421105146408081,
        "y": 0.7014416456222534
    },
    "THUMB_MCP": {
        "x": 0.8539875149726868,
        "y": 0.6823421716690063
    },
    "THUMB_IP": {
        "x": 0.9010922908782959,
        "y": 0.6704390048980713
    },
    "THUMB_TIP": {
        "x": 0.9607541561126709,
        "y": 0.6728283166885376
    },
    "INDEX_FINGER_MCP": {
        "x": 0.8985292911529541,
        "y": 0.672407865524292
    },
    "INDEX_FINGER_PIP": {
        "x": 0.9022630453109741,
        "y": 0.6595638990402222
    },
    "INDEX_FINGER_DIP": {
        "x": 0.8897182941436768,
        "y": 0.6758556962013245
    },
    "INDEX_FINGER_TIP": {
        "x": 0.8931980729103088,
        "y": 0.6888453364372253
    },
    "MIDDLE_FINGER_MCP": {
        "x": 0.9316310882568359,
        "y": 0.684921145439148
    },
    "MIDDLE_FINGER_PIP": {
        "x": 0.9326246380805969,
        "y": 0.6695145964622498
    },
    "MIDDLE_FINGER_DIP": {
        "x": 0.9034190773963928,
        "y": 0.6832405924797058
    },
    "MIDDLE_FINGER_TIP": {
        "x": 0.9008409976959229,
        "y": 0.6901769638061523
    },
    "RING_FINGER_MCP": {
        "x": 0.9523153901100159,
        "y": 0.6998404264450073
    },
    "RING_FINGER_PIP": {
        "x": 0.9463648796081543,
        "y": 0.6943099498748779
    },
    "RING_FINGER_DIP": {
        "x": 0.9128383994102478,
        "y": 0.7048993110656738
    },
    "RING_FINGER_TIP": {
        "x": 0.9100790023803711,
        "y": 0.7071815729141235
    },
    "PINKY_MCP": {
        "x": 0.9684647917747498,
        "y": 0.7130104899406433
    },
    "PINKY_PIP": {
        "x": 0.9610105156898499,
        "y": 0.7105594277381897
    },
    "PINKY_DIP": {
        "x": 0.9372718930244446,
        "y": 0.7178343534469604
    },
    "PINKY_TIP": {
        "x": 0.9338842630386353,
        "y": 0.721512496471405
    }
}