{
    "WRIST": {
        "x": 0.83976811170578,
        "y": 0.6125692129135132
    },
    "THUMB_CMC": {
        "x": 0.8040446043014526,
        "y": 0.6004640460014343
    },
    "THUMB_MCP": {
        "x": 0.7967919707298279,
        "y": 0.5667905807495117
    },
    "THUMB_IP": {
        "x": 0.8452821373939514,
        "y": 0.5482539534568787
    },
    "THUMB_TIP": {
        "x": 0.8972229361534119,
        "y": 0.5358554124832153
    },
    "INDEX_FINGER_MCP": {
        "x": 0.828326404094696,
        "y": 0.5001171827316284
    },
    "INDEX_FINGER_PIP": {
        "x": 0.8341262936592102,
        "y": 0.4472135901451111
    },
    "INDEX_FINGER_DIP": {
        "x": 0.8353034853935242,
        "y": 0.4246184229850769
    },
    "INDEX_FINGER_TIP": {
        "x": 0.8402615785598755,
        "y": 0.4101322293281555
    },
    "MIDDLE_FINGER_MCP": {
        "x": 0.8808875679969788,
        "y": 0.5020467638969421
    },
    "MIDDLE_FINGER_PIP": {
        "x": 0.9027103781700134,
        "y": 0.49607959389686584
    },
    "MIDDLE_FINGER_DIP": {
        "x": 0.8860278129577637,
        "y": 0.517541229724884
    },
    "MIDDLE_FINGER_TIP": {
        "x": 0.8698406219482422,
        "y": 0.527562141418457
    },
    "RING_FINGER_MCP": {
        "x": 0.9277299642562866,
        "y": 0.5178532004356384
    },
    "RING_FINGER_PIP": {
        "x": 0.9568230509757996,
        "y": 0.5360541343688965
    },
    "RING_FINGER_DIP": {
        "x": 0.9344894886016846,
        "y": 0.5619104504585266
    },
    "RING_FINGER_TIP": {
        "x": 0.9154871702194214,
        "y": 0.5695882439613342
    },
    "PINKY_MCP": {
        "x": 0.9682266712188721,
        "y": 0.5403714776039124
    },
    "PINKY_PIP": {
        "x": 0.9957441687583923,
        "y": 0.5500707626342773
    },
    "PINKY_DIP": {
        "x": 0.9707702398300171,
        "y": 0.5664814710617065
    },
    "PINKY_TIP": {
        "x": 0.9477587938308716,
        "y": 0.5716269612312317
    }
}