{
    "WRIST": {
        "x": 0.8576966524124146,
        "y": 0.7240616679191589
    },
    "THUMB_CMC": {
        "x": 0.808586597442627,
        "y": 0.6984664797782898
    },
    "THUMB_MCP": {
        "x": 0.8243732452392578,
        "y": 0.6801707744598389
    },
    "THUMB_IP": {
        "x": 0.8851150870323181,
        "y": 0.6791514754295349
    },
    "THUMB_TIP": {
        "x": 0.9539298415184021,
        "y": 0.6897702217102051
    },
    "INDEX_FINGER_MCP": {
        "x": 0.8809105157852173,
        "y": 0.6711925268173218
    },
    "INDEX_FINGER_PIP": {
        "x": 0.8881314992904663,
        "y": 0.6516017913818359
    },
    "INDEX_FINGER_DIP": {
        "x": 0.8705659508705139,
        "y": 0.6676502823829651
    },
    "INDEX_FINGER_TIP": {
        "x": 0.8736879229545593,
        "y": 0.6794406175613403
    },
    "MIDDLE_FINGER_MCP": {
        "x": 0.9265129566192627,
        "y": 0.6846383810043335
    },
    "MIDDLE_FINGER_PIP": {
        "x": 0.9327757358551025,
        "y": 0.662155032157898
    },
    "MIDDLE_FINGER_DIP": {
        "x": 0.8987137079238892,
        "y": 0.6784889698028564
    },
    "MIDDLE_FINGER_TIP": {
        "x": 0.8942992091178894,
        "y": 0.6878209710121155
    },
    "RING_FINGER_MCP": {
        "x": 0.9572316408157349,
        "y": 0.6999909281730652
    },
    "RING_FINGER_PIP": {
        "x": 0.9590458869934082,
        "y": 0.6879661083221436
    },
    "RING_FINGER_DIP": {
        "x": 0.9217453598976135,
        "y": 0.7003073692321777
    },
    "RING_FINGER_TIP": {
        "x": 0.915824294090271,
        "y": 0.7059644460678101
    },
    "PINKY_MCP": {
        "x": 0.9784090518951416,
        "y": 0.7144715785980225
    },
    "PINKY_PIP": {
        "x": 0.9840502738952637,
        "y": 0.7079831957817078
    },
    "PINKY_DIP": {
        "x": 0.9547490477561951,
        "y": 0.7174992561340332
    },
    "PINKY_TIP": {
        "x": 0.9451749920845032,
        "y": 0.7240580320358276
    }
}