{
    "WRIST": {
        "x": 0.7290741205215454,
        "y": 0.670860230922699
    },
    "THUMB_CMC": {
        "x": 0.66199791431427,
        "y": 0.6757946610450745
    },
    "THUMB_MCP": {
        "x": 0.6074066758155823,
        "y": 0.6664418578147888
    },
    "THUMB_IP": {
        "x": 0.5840343236923218,
        "y": 0.6605470776557922
    },
    "THUMB_TIP": {
        "x": 0.6061557531356812,
        "y": 0.6547201871871948
    },
    "INDEX_FINGER_MCP": {
        "x": 0.6126012802124023,
        "y": 0.589686393737793
    },
    "INDEX_FINGER_PIP": {
        "x": 0.5611164569854736,
        "y": 0.5830679535865784
    },
    "INDEX_FINGER_DIP": {
        "x": 0.5264751315116882,
        "y": 0.5868831276893616
    },
    "INDEX_FINGER_TIP": {
        "x": 0.504325807094574,
        "y": 0.5894203782081604
    },
    "MIDDLE_FINGER_MCP": {
        "x": 0.6730720400810242,
        "y": 0.5799995064735413
    },
    "MIDDLE_FINGER_PIP": {
        "x": 0.6351515650749207,
        "y": 0.6034032106399536
    },
    "MIDDLE_FINGER_DIP": {
        "x": 0.6199992299079895,
        "y": 0.6256217956542969
    },
    "MIDDLE_FINGER_TIP": {
        "x": 0.6205736994743347,
        "y": 0.6303993463516235
    },
    "RING_FINGER_MCP": {
        "x": 0.7258889079093933,
        "y": 0.5913510322570801
    },
    "RING_FINGER_PIP": {
        "x": 0.6882323622703552,
        "y": 0.6364426612854004
    },
    "RING_FINGER_DIP": {
        "x": 0.6712897419929504,
        "y": 0.6554185748100281
    },
    "RING_FINGER_TIP": {
        "x": 0.6698184013366699,
        "y": 0.6550193428993225
    },
    "PINKY_MCP": {
        "x": 0.7644115686416626,
        "y": 0.6100605726242065
    },
    "PINKY_PIP": {
        "x": 0.7288510203361511,
        "y": 0.6554149389266968
    },
    "PINKY_DIP": {
        "x": 0.7097383737564087,
        "y": 0.667432427406311
    },
    "PINKY_TIP": {
        "x": 0.7007478475570679,
        "y": 0.6658423542976379
    }
}