{
    "WRIST": {
        "x": 0.716809868812561,
        "y": 0.589647114276886
    },
    "THUMB_CMC": {
        "x": 0.6406062245368958,
        "y": 0.5761603713035583
    },
    "THUMB_MCP": {
        "x": 0.590749204158783,
        "y": 0.5460468530654907
    },
    "THUMB_IP": {
        "x": 0.5828372240066528,
        "y": 0.5251479148864746
    },
    "THUMB_TIP": {
        "x": 0.6230534315109253,
        "y": 0.5126066207885742
    },
    "INDEX_FINGER_MCP": {
        "x": 0.6328781843185425,
        "y": 0.49244630336761475
    },
    "INDEX_FINGER_PIP": {
        "x": 0.5697521567344666,
        "y": 0.44983726739883423
    },
    "INDEX_FINGER_DIP": {
        "x": 0.5279310345649719,
        "y": 0.4318060278892517
    },
    "INDEX_FINGER_TIP": {
        "x": 0.4882899224758148,
        "y": 0.41503581404685974
    },
    "MIDDLE_FINGER_MCP": {
        "x": 0.6911528706550598,
        "y": 0.4877830743789673
    },
    "MIDDLE_FINGER_PIP": {
        "x": 0.6807847619056702,
        "y": 0.45406031608581543
    },
    "MIDDLE_FINGER_DIP": {
        "x": 0.6760051250457764,
        "y": 0.44271352887153625
    },
    "MIDDLE_FINGER_TIP": {
        "x": 0.6710354685783386,
        "y": 0.42709511518478394
    },
    "RING_FINGER_MCP": {
        "x": 0.7393225431442261,
        "y": 0.4981217384338379
    },
    "RING_FINGER_PIP": {
        "x": 0.7251212000846863,
        "y": 0.4689894914627075
    },
    "RING_FINGER_DIP": {
        "x": 0.7125910520553589,
        "y": 0.4439186453819275
    },
    "RING_FINGER_TIP": {
        "x": 0.7014363408088684,
        "y": 0.41660788655281067
    },
    "PINKY_MCP": {
        "x": 0.7736145257949829,
        "y": 0.515626072883606
    },
    "PINKY_PIP": {
        "x": 0.7318652868270874,
        "y": 0.5188978910446167
    },
    "PINKY_DIP": {
        "x": 0.6862677931785583,
        "y": 0.5272465944290161
    },
    "PINKY_TIP": {
        "x": 0.6490945816040039,
        "y": 0.5283345580101013
    }
}