{
    "WRIST": {
        "x": 0.6998390555381775,
        "y": 0.594339907169342
    },
    "THUMB_CMC": {
        "x": 0.6339057683944702,
        "y": 0.5846199989318848
    },
    "THUMB_MCP": {
        "x": 0.5716733336448669,
        "y": 0.5590363144874573
    },
    "THUMB_IP": {
        "x": 0.555854856967926,
        "y": 0.5324311256408691
    },
    "THUMB_TIP": {
        "x": 0.5899752974510193,
        "y": 0.515371561050415
    },
    "INDEX_FINGER_MCP": {
        "x": 0.5964593887329102,
        "y": 0.49632561206817627
    },
    "INDEX_FINGER_PIP": {
        "x": 0.5382536053657532,
        "y": 0.4560525715351105
    },
    "INDEX_FINGER_DIP": {
        "x": 0.5001532435417175,
        "y": 0.4402869939804077
    },
    "INDEX_FINGER_TIP": {
        "x": 0.46798795461654663,
        "y": 0.4232407808303833
    },
    "MIDDLE_FINGER_MCP": {
        "x": 0.6460899114608765,
        "y": 0.4877987802028656
    },
    "MIDDLE_FINGER_PIP": {
        "x": 0.6070324182510376,
        "y": 0.49601438641548157
    },
    "MIDDLE_FINGER_DIP": {
        "x": 0.6132163405418396,
        "y": 0.5232254862785339
    },
    "MIDDLE_FINGER_TIP": {
        "x": 0.6208146214485168,
        "y": 0.5340437889099121
    },
    "RING_FINGER_MCP": {
        "x": 0.6926565766334534,
        "y": 0.49514293670654297
    },
    "RING_FINGER_PIP": {
        "x": 0.6466758251190186,
        "y": 0.5198883414268494
    },
    "RING_FINGER_DIP": {
        "x": 0.6435683965682983,
        "y": 0.5454663038253784
    },
    "RING_FINGER_TIP": {
        "x": 0.6499662399291992,
        "y": 0.5555258989334106
    },
    "PINKY_MCP": {
        "x": 0.7345638871192932,
        "y": 0.5103163719177246
    },
    "PINKY_PIP": {
        "x": 0.6861763596534729,
        "y": 0.5288697481155396
    },
    "PINKY_DIP": {
        "x": 0.6624394655227661,
        "y": 0.5477507710456848
    },
    "PINKY_TIP": {
        "x": 0.6522001624107361,
        "y": 0.5569404363632202
    }
}