{
    "WRIST": {
        "x": 0.7376896739006042,
        "y": 0.7104113101959229
    },
    "THUMB_CMC": {
        "x": 0.6516990065574646,
        "y": 0.707760214805603
    },
    "THUMB_MCP": {
        "x": 0.5889531970024109,
        "y": 0.6983286738395691
    },
    "THUMB_IP": {
        "x": 0.5825180411338806,
        "y": 0.6920360922813416
    },
    "THUMB_TIP": {
        "x": 0.6072352528572083,
        "y": 0.681449830532074
    },
    "INDEX_FINGER_MCP": {
        "x": 0.654513418674469,
        "y": 0.6393591165542603
    },
    "INDEX_FINGER_PIP": {
        "x": 0.5893466472625732,
        "y": 0.6245778203010559
    },
    "INDEX_FINGER_DIP": {
        "x": 0.542110025882721,
        "y": 0.6285316944122314
    },
    "INDEX_FINGER_TIP": {
        "x": 0.5142158269882202,
        "y": 0.6372092962265015
    },
    "MIDDLE_FINGER_MCP": {
        "x": 0.7124772071838379,
        "y": 0.6376277804374695
    },
    "MIDDLE_FINGER_PIP": {
        "x": 0.64927738904953,
        "y": 0.639501690864563
    },
    "MIDDLE_FINGER_DIP": {
        "x": 0.5935160517692566,
        "y": 0.655911386013031
    },
    "MIDDLE_FINGER_TIP": {
        "x": 0.5596092939376831,
        "y": 0.669331431388855
    },
    "RING_FINGER_MCP": {
        "x": 0.755786657333374,
        "y": 0.6504960656166077
    },
    "RING_FINGER_PIP": {
        "x": 0.6923426389694214,
        "y": 0.6653661131858826
    },
    "RING_FINGER_DIP": {
        "x": 0.6352260112762451,
        "y": 0.6841643452644348
    },
    "RING_FINGER_TIP": {
        "x": 0.604017436504364,
        "y": 0.6949095129966736
    },
    "PINKY_MCP": {
        "x": 0.7790293097496033,
        "y": 0.6697732210159302
    },
    "PINKY_PIP": {
        "x": 0.7312583327293396,
        "y": 0.6943488717079163
    },
    "PINKY_DIP": {
        "x": 0.6888655424118042,
        "y": 0.7105929851531982
    },
    "PINKY_TIP": {
        "x": 0.6618265509605408,
        "y": 0.7195658087730408
    }
}