{
    "WRIST": {
        "x": 0.6510898470878601,
        "y": 0.5698238611221313
    },
    "THUMB_CMC": {
        "x": 0.5911805033683777,
        "y": 0.5675624012947083
    },
    "THUMB_MCP": {
        "x": 0.5433423519134521,
        "y": 0.5454078912734985
    },
    "THUMB_IP": {
        "x": 0.5348942279815674,
        "y": 0.5227063298225403
    },
    "THUMB_TIP": {
        "x": 0.5688149333000183,
        "y": 0.5049948692321777
    },
    "INDEX_FINGER_MCP": {
        "x": 0.5507320761680603,
        "y": 0.4813195466995239
    },
    "INDEX_FINGER_PIP": {
        "x": 0.49740180373191833,
        "y": 0.44909021258354187
    },
    "INDEX_FINGER_DIP": {
        "x": 0.45979273319244385,
        "y": 0.432890385389328
    },
    "INDEX_FINGER_TIP": {
        "x": 0.42447271943092346,
        "y": 0.41553348302841187
    },
    "MIDDLE_FINGER_MCP": {
        "x": 0.6056405305862427,
        "y": 0.47050923109054565
    },
    "MIDDLE_FINGER_PIP": {
        "x": 0.5680555701255798,
        "y": 0.4855922758579254
    },
    "MIDDLE_FINGER_DIP": {
        "x": 0.5693939924240112,
        "y": 0.5150384902954102
    },
    "MIDDLE_FINGER_TIP": {
        "x": 0.5728186964988708,
        "y": 0.5319169759750366
    },
    "RING_FINGER_MCP": {
        "x": 0.6582545042037964,
        "y": 0.477222204208374
    },
    "RING_FINGER_PIP": {
        "x": 0.6249404549598694,
        "y": 0.504734456539154
    },
    "RING_FINGER_DIP": {
        "x": 0.6138917803764343,
        "y": 0.5327666997909546
    },
    "RING_FINGER_TIP": {
        "x": 0.6074353456497192,
        "y": 0.549347996711731
    },
    "PINKY_MCP": {
        "x": 0.7056059837341309,
        "y": 0.49416491389274597
    },
    "PINKY_PIP": {
        "x": 0.6658165454864502,
        "y": 0.5148260593414307
    },
    "PINKY_DIP": {
        "x": 0.6379765272140503,
        "y": 0.5366640686988831
    },
    "PINKY_TIP": {
        "x": 0.6228121519088745,
        "y": 0.5517347455024719
    }
}