{
    "WRIST": {
        "x": 0.7770757675170898,
        "y": 0.651586651802063
    },
    "THUMB_CMC": {
        "x": 0.7172930836677551,
        "y": 0.6491356492042542
    },
    "THUMB_MCP": {
        "x": 0.6754721403121948,
        "y": 0.6317703127861023
    },
    "THUMB_IP": {
        "x": 0.698296308517456,
        "y": 0.6235024929046631
    },
    "THUMB_TIP": {
        "x": 0.7568536996841431,
        "y": 0.6198670864105225
    },
    "INDEX_FINGER_MCP": {
        "x": 0.6834211945533752,
        "y": 0.5557857751846313
    },
    "INDEX_FINGER_PIP": {
        "x": 0.6615414023399353,
        "y": 0.5295537114143372
    },
    "INDEX_FINGER_DIP": {
        "x": 0.6557618975639343,
        "y": 0.5289775729179382
    },
    "INDEX_FINGER_TIP": {
        "x": 0.6571720838546753,
        "y": 0.5289159417152405
    },
    "MIDDLE_FINGER_MCP": {
        "x": 0.7482283115386963,
        "y": 0.5518668293952942
    },
    "MIDDLE_FINGER_PIP": {
        "x": 0.7397660613059998,
        "y": 0.5347084403038025
    },
    "MIDDLE_FINGER_DIP": {
        "x": 0.7307793498039246,
        "y": 0.5315832495689392
    },
    "MIDDLE_FINGER_TIP": {
        "x": 0.7261606454849243,
        "y": 0.5181229710578918
    },
    "RING_FINGER_MCP": {
        "x": 0.8064705729484558,
        "y": 0.5654252767562866
    },
    "RING_FINGER_PIP": {
        "x": 0.7892407178878784,
        "y": 0.5948305130004883
    },
    "RING_FINGER_DIP": {
        "x": 0.7670074701309204,
        "y": 0.6184353232383728
    },
    "RING_FINGER_TIP": {
        "x": 0.7554915547370911,
        "y": 0.6215962171554565
    },
    "PINKY_MCP": {
        "x": 0.8508123159408569,
        "y": 0.5887954235076904
    },
    "PINKY_PIP": {
        "x": 0.8229302167892456,
        "y": 0.6268910765647888
    },
    "PINKY_DIP": {
        "x": 0.7971154451370239,
        "y": 0.6453936100006104
    },
    "PINKY_TIP": {
        "x": 0.7818556427955627,
        "y": 0.648258626461029
    }
}