{
    "WRIST": {
        "x": 0.6837958097457886,
        "y": 0.5866102576255798
    },
    "THUMB_CMC": {
        "x": 0.6178565621376038,
        "y": 0.5795769691467285
    },
    "THUMB_MCP": {
        "x": 0.556053638458252,
        "y": 0.5557974576950073
    },
    "THUMB_IP": {
        "x": 0.5439012050628662,
        "y": 0.5300955176353455
    },
    "THUMB_TIP": {
        "x": 0.5777137279510498,
        "y": 0.5122492909431458
    },
    "INDEX_FINGER_MCP": {
        "x": 0.5707080960273743,
        "y": 0.48892277479171753
    },
    "INDEX_FINGER_PIP": {
        "x": 0.5121061205863953,
        "y": 0.4517815411090851
    },
    "INDEX_FINGER_DIP": {
        "x": 0.4717075824737549,
        "y": 0.43914902210235596
    },
    "INDEX_FINGER_TIP": {
        "x": 0.43719375133514404,
        "y": 0.42593488097190857
    },
    "MIDDLE_FINGER_MCP": {
        "x": 0.6227097511291504,
        "y": 0.4783722758293152
    },
    "MIDDLE_FINGER_PIP": {
        "x": 0.5766691565513611,
        "y": 0.49201691150665283
    },
    "MIDDLE_FINGER_DIP": {
        "x": 0.5831425786018372,
        "y": 0.5207846164703369
    },
    "MIDDLE_FINGER_TIP": {
        "x": 0.5920751690864563,
        "y": 0.5343519449234009
    },
    "RING_FINGER_MCP": {
        "x": 0.6724963188171387,
        "y": 0.48622927069664
    },
    "RING_FINGER_PIP": {
        "x": 0.6237210631370544,
        "y": 0.5156676769256592
    },
    "RING_FINGER_DIP": {
        "x": 0.6265693306922913,
        "y": 0.5416449308395386
    },
    "RING_FINGER_TIP": {
        "x": 0.6370608806610107,
        "y": 0.5529066324234009
    },
    "PINKY_MCP": {
        "x": 0.7179276943206787,
        "y": 0.5019820332527161
    },
    "PINKY_PIP": {
        "x": 0.662889838218689,
        "y": 0.5250347852706909
    },
    "PINKY_DIP": {
        "x": 0.6400669813156128,
        "y": 0.5452787280082703
    },
    "PINKY_TIP": {
        "x": 0.6312853097915649,
        "y": 0.5560101270675659
    }
}