{
    "WRIST": {
        "x": 0.8791095018386841,
        "y": 0.537972092628479
    },
    "THUMB_CMC": {
        "x": 0.8730031251907349,
        "y": 0.5080387592315674
    },
    "THUMB_MCP": {
        "x": 0.8226526975631714,
        "y": 0.48016706109046936
    },
    "THUMB_IP": {
        "x": 0.7557485699653625,
        "y": 0.46881103515625
    },
    "THUMB_TIP": {
        "x": 0.7025108933448792,
        "y": 0.4647834002971649
    },
    "INDEX_FINGER_MCP": {
        "x": 0.8601801991462708,
        "y": 0.43850699067115784
    },
    "INDEX_FINGER_PIP": {
        "x": 0.764018177986145,
        "y": 0.4234643876552582
    },
    "INDEX_FINGER_DIP": {
        "x": 0.7138352394104004,
        "y": 0.41616371273994446
    },
    "INDEX_FINGER_TIP": {
        "x": 0.6807082891464233,
        "y": 0.41008543968200684
    },
    "MIDDLE_FINGER_MCP": {
        "x": 0.8456496000289917,
        "y": 0.4512310028076172
    },
    "MIDDLE_FINGER_PIP": {
        "x": 0.742000937461853,
        "y": 0.4227293133735657
    },
    "MIDDLE_FINGER_DIP": {
        "x": 0.6855822801589966,
        "y": 0.4089081883430481
    },
    "MIDDLE_FINGER_TIP": {
        "x": 0.6437076330184937,
        "y": 0.39831075072288513
    },
    "RING_FINGER_MCP": {
        "x": 0.8221397399902344,
        "y": 0.47346165776252747
    },
    "RING_FINGER_PIP": {
        "x": 0.7130862474441528,
        "y": 0.4580512046813965
    },
    "RING_FINGER_DIP": {
        "x": 0.7071142792701721,
        "y": 0.46886250376701355
    },
    "RING_FINGER_TIP": {
        "x": 0.721656322479248,
        "y": 0.4781026244163513
    },
    "PINKY_MCP": {
        "x": 0.7921552658081055,
        "y": 0.49886706471443176
    },
    "PINKY_PIP": {
        "x": 0.7138790488243103,
        "y": 0.48471158742904663
    },
    "PINKY_DIP": {
        "x": 0.7034772038459778,
        "y": 0.48520708084106445
    },
    "PINKY_TIP": {
        "x": 0.7093043327331543,
        "y": 0.488162636756897
    }
}