{
    "WRIST": {
        "x": 0.8804319500923157,
        "y": 0.528357982635498
    },
    "THUMB_CMC": {
        "x": 0.8734772205352783,
        "y": 0.4930686950683594
    },
    "THUMB_MCP": {
        "x": 0.8272926211357117,
        "y": 0.46062833070755005
    },
    "THUMB_IP": {
        "x": 0.7703883647918701,
        "y": 0.4550248086452484
    },
    "THUMB_TIP": {
        "x": 0.7264670729637146,
        "y": 0.46260032057762146
    },
    "INDEX_FINGER_MCP": {
        "x": 0.8193948864936829,
        "y": 0.43211591243743896
    },
    "INDEX_FINGER_PIP": {
        "x": 0.7214539647102356,
        "y": 0.40966796875
    },
    "INDEX_FINGER_DIP": {
        "x": 0.6677840948104858,
        "y": 0.39880087971687317
    },
    "INDEX_FINGER_TIP": {
        "x": 0.6307835578918457,
        "y": 0.3892947733402252
    },
    "MIDDLE_FINGER_MCP": {
        "x": 0.7930852770805359,
        "y": 0.4524599611759186
    },
    "MIDDLE_FINGER_PIP": {
        "x": 0.6953999400138855,
        "y": 0.4194639325141907
    },
    "MIDDLE_FINGER_DIP": {
        "x": 0.6446458697319031,
        "y": 0.40456002950668335
    },
    "MIDDLE_FINGER_TIP": {
        "x": 0.6088093519210815,
        "y": 0.39405593276023865
    },
    "RING_FINGER_MCP": {
        "x": 0.7694110870361328,
        "y": 0.47952914237976074
    },
    "RING_FINGER_PIP": {
        "x": 0.6859909892082214,
        "y": 0.45907071232795715
    },
    "RING_FINGER_DIP": {
        "x": 0.7071295380592346,
        "y": 0.46872255206108093
    },
    "RING_FINGER_TIP": {
        "x": 0.7359859943389893,
        "y": 0.4772420823574066
    },
    "PINKY_MCP": {
        "x": 0.7504280209541321,
        "y": 0.5062381029129028
    },
    "PINKY_PIP": {
        "x": 0.7021496295928955,
        "y": 0.4872242212295532
    },
    "PINKY_DIP": {
        "x": 0.7203822135925293,
        "y": 0.49138784408569336
    },
    "PINKY_TIP": {
        "x": 0.7449252009391785,
        "y": 0.4963377118110657
    }
}