{
    "WRIST": {
        "x": 0.8815693855285645,
        "y": 0.5414230227470398
    },
    "THUMB_CMC": {
        "x": 0.885508120059967,
        "y": 0.5080020427703857
    },
    "THUMB_MCP": {
        "x": 0.8450798392295837,
        "y": 0.47597506642341614
    },
    "THUMB_IP": {
        "x": 0.7879879474639893,
        "y": 0.461713045835495
    },
    "THUMB_TIP": {
        "x": 0.7397232055664062,
        "y": 0.4592156708240509
    },
    "INDEX_FINGER_MCP": {
        "x": 0.8667325377464294,
        "y": 0.4457300305366516
    },
    "INDEX_FINGER_PIP": {
        "x": 0.7754647135734558,
        "y": 0.4306489825248718
    },
    "INDEX_FINGER_DIP": {
        "x": 0.7215685844421387,
        "y": 0.4212366044521332
    },
    "INDEX_FINGER_TIP": {
        "x": 0.6843302249908447,
        "y": 0.41370368003845215
    },
    "MIDDLE_FINGER_MCP": {
        "x": 0.8477712869644165,
        "y": 0.4621378481388092
    },
    "MIDDLE_FINGER_PIP": {
        "x": 0.7538676261901855,
        "y": 0.43208250403404236
    },
    "MIDDLE_FINGER_DIP": {
        "x": 0.693740963935852,
        "y": 0.41678857803344727
    },
    "MIDDLE_FINGER_TIP": {
        "x": 0.6482110619544983,
        "y": 0.4046456813812256
    },
    "RING_FINGER_MCP": {
        "x": 0.8227267265319824,
        "y": 0.48570743203163147
    },
    "RING_FINGER_PIP": {
        "x": 0.7211792469024658,
        "y": 0.46489211916923523
    },
    "RING_FINGER_DIP": {
        "x": 0.7185855507850647,
        "y": 0.4745188355445862
    },
    "RING_FINGER_TIP": {
        "x": 0.7367064952850342,
        "y": 0.4826132655143738
    },
    "PINKY_MCP": {
        "x": 0.7944334745407104,
        "y": 0.5114631056785583
    },
    "PINKY_PIP": {
        "x": 0.7202982306480408,
        "y": 0.4926568865776062
    },
    "PINKY_DIP": {
        "x": 0.7064163088798523,
        "y": 0.4900120198726654
    },
    "PINKY_TIP": {
        "x": 0.7077809572219849,
        "y": 0.4896824061870575
    }
}