{
    "WRIST": {
        "x": 0.9066731929779053,
        "y": 0.618159294128418
    },
    "THUMB_CMC": {
        "x": 0.861980676651001,
        "y": 0.5763821601867676
    },
    "THUMB_MCP": {
        "x": 0.7870814800262451,
        "y": 0.5498052835464478
    },
    "THUMB_IP": {
        "x": 0.7258917093276978,
        "y": 0.5591529011726379
    },
    "THUMB_TIP": {
        "x": 0.693152129650116,
        "y": 0.5816847085952759
    },
    "INDEX_FINGER_MCP": {
        "x": 0.7912312150001526,
        "y": 0.5520016551017761
    },
    "INDEX_FINGER_PIP": {
        "x": 0.6656038761138916,
        "y": 0.5381693840026855
    },
    "INDEX_FINGER_DIP": {
        "x": 0.5977338552474976,
        "y": 0.5333179831504822
    },
    "INDEX_FINGER_TIP": {
        "x": 0.5419542193412781,
        "y": 0.5291225910186768
    },
    "MIDDLE_FINGER_MCP": {
        "x": 0.7833876609802246,
        "y": 0.5864080786705017
    },
    "MIDDLE_FINGER_PIP": {
        "x": 0.6543344855308533,
        "y": 0.5617949962615967
    },
    "MIDDLE_FINGER_DIP": {
        "x": 0.5815761685371399,
        "y": 0.550414502620697
    },
    "MIDDLE_FINGER_TIP": {
        "x": 0.526273250579834,
        "y": 0.5443780422210693
    },
    "RING_FINGER_MCP": {
        "x": 0.7768856883049011,
        "y": 0.6194099187850952
    },
    "RING_FINGER_PIP": {
        "x": 0.666318953037262,
        "y": 0.5962036848068237
    },
    "RING_FINGER_DIP": {
        "x": 0.6907237768173218,
        "y": 0.5907736420631409
    },
    "RING_FINGER_TIP": {
        "x": 0.7265862226486206,
        "y": 0.5920902490615845
    },
    "PINKY_MCP": {
        "x": 0.7728104591369629,
        "y": 0.6479570865631104
    },
    "PINKY_PIP": {
        "x": 0.6812537312507629,
        "y": 0.6203303933143616
    },
    "PINKY_DIP": {
        "x": 0.6996572613716125,
        "y": 0.6135205030441284
    },
    "PINKY_TIP": {
        "x": 0.7315074801445007,
        "y": 0.613743245601654
    }
}