{
    "WRIST": {
        "x": 0.8117678165435791,
        "y": 0.5579920411109924
    },
    "THUMB_CMC": {
        "x": 0.7202693819999695,
        "y": 0.5485362410545349
    },
    "THUMB_MCP": {
        "x": 0.6578138470649719,
        "y": 0.5160676836967468
    },
    "THUMB_IP": {
        "x": 0.6488829851150513,
        "y": 0.4817214012145996
    },
    "THUMB_TIP": {
        "x": 0.6561664342880249,
        "y": 0.4579479396343231
    },
    "INDEX_FINGER_MCP": {
        "x": 0.6720228791236877,
        "y": 0.47014525532722473
    },
    "INDEX_FINGER_PIP": {
        "x": 0.6160079836845398,
        "y": 0.4401615262031555
    },
    "INDEX_FINGER_DIP": {
        "x": 0.5818833112716675,
        "y": 0.4329475462436676
    },
    "INDEX_FINGER_TIP": {
        "x": 0.5644956827163696,
        "y": 0.4322390854358673
    },
    "MIDDLE_FINGER_MCP": {
        "x": 0.7024625539779663,
        "y": 0.4650786221027374
    },
    "MIDDLE_FINGER_PIP": {
        "x": 0.6484567523002625,
        "y": 0.4311867952346802
    },
    "MIDDLE_FINGER_DIP": {
        "x": 0.6078715920448303,
        "y": 0.4229073226451874
    },
    "MIDDLE_FINGER_TIP": {
        "x": 0.5820038914680481,
        "y": 0.42222586274147034
    },
    "RING_FINGER_MCP": {
        "x": 0.7347769737243652,
        "y": 0.46615415811538696
    },
    "RING_FINGER_PIP": {
        "x": 0.6895089745521545,
        "y": 0.4355376064777374
    },
    "RING_FINGER_DIP": {
        "x": 0.6554303169250488,
        "y": 0.43742671608924866
    },
    "RING_FINGER_TIP": {
        "x": 0.636635959148407,
        "y": 0.44366520643234253
    },
    "PINKY_MCP": {
        "x": 0.771811306476593,
        "y": 0.4722382724285126
    },
    "PINKY_PIP": {
        "x": 0.7395435571670532,
        "y": 0.44879022240638733
    },
    "PINKY_DIP": {
        "x": 0.7131295204162598,
        "y": 0.44844356179237366
    },
    "PINKY_TIP": {
        "x": 0.698311984539032,
        "y": 0.4510953724384308
    }
}