{
    "WRIST": {
        "x": 0.9103666543960571,
        "y": 0.6117258071899414
    },
    "THUMB_CMC": {
        "x": 0.8745396733283997,
        "y": 0.5719159841537476
    },
    "THUMB_MCP": {
        "x": 0.8000975847244263,
        "y": 0.5466321706771851
    },
    "THUMB_IP": {
        "x": 0.7253196835517883,
        "y": 0.5531798005104065
    },
    "THUMB_TIP": {
        "x": 0.6732707619667053,
        "y": 0.566891074180603
    },
    "INDEX_FINGER_MCP": {
        "x": 0.8057944774627686,
        "y": 0.5464562177658081
    },
    "INDEX_FINGER_PIP": {
        "x": 0.681871235370636,
        "y": 0.5306792855262756
    },
    "INDEX_FINGER_DIP": {
        "x": 0.6175936460494995,
        "y": 0.5238947868347168
    },
    "INDEX_FINGER_TIP": {
        "x": 0.566994309425354,
        "y": 0.519135057926178
    },
    "MIDDLE_FINGER_MCP": {
        "x": 0.7927550673484802,
        "y": 0.5813348293304443
    },
    "MIDDLE_FINGER_PIP": {
        "x": 0.6604976058006287,
        "y": 0.5570623874664307
    },
    "MIDDLE_FINGER_DIP": {
        "x": 0.5884433388710022,
        "y": 0.5446215867996216
    },
    "MIDDLE_FINGER_TIP": {
        "x": 0.5357484817504883,
        "y": 0.5395936965942383
    },
    "RING_FINGER_MCP": {
        "x": 0.7823584079742432,
        "y": 0.6140183210372925
    },
    "RING_FINGER_PIP": {
        "x": 0.6680750250816345,
        "y": 0.5926409959793091
    },
    "RING_FINGER_DIP": {
        "x": 0.6999918818473816,
        "y": 0.5857860445976257
    },
    "RING_FINGER_TIP": {
        "x": 0.7400772571563721,
        "y": 0.5876625180244446
    },
    "PINKY_MCP": {
        "x": 0.7754104137420654,
        "y": 0.641747236251831
    },
    "PINKY_PIP": {
        "x": 0.6849546432495117,
        "y": 0.6140152215957642
    },
    "PINKY_DIP": {
        "x": 0.7072245478630066,
        "y": 0.6092324256896973
    },
    "PINKY_TIP": {
        "x": 0.7398689389228821,
        "y": 0.6134681701660156
    }
}