{
    "WRIST": {
        "x": 0.8875554203987122,
        "y": 0.6173897981643677
    },
    "THUMB_CMC": {
        "x": 0.8493868708610535,
        "y": 0.5781645178794861
    },
    "THUMB_MCP": {
        "x": 0.7818606495857239,
        "y": 0.5541547536849976
    },
    "THUMB_IP": {
        "x": 0.7241116166114807,
        "y": 0.563203752040863
    },
    "THUMB_TIP": {
        "x": 0.6868054270744324,
        "y": 0.5816736817359924
    },
    "INDEX_FINGER_MCP": {
        "x": 0.7909495234489441,
        "y": 0.5476640462875366
    },
    "INDEX_FINGER_PIP": {
        "x": 0.6766400933265686,
        "y": 0.5311208963394165
    },
    "INDEX_FINGER_DIP": {
        "x": 0.6140192747116089,
        "y": 0.5258931517601013
    },
    "INDEX_FINGER_TIP": {
        "x": 0.5632209181785583,
        "y": 0.5227481126785278
    },
    "MIDDLE_FINGER_MCP": {
        "x": 0.7796303629875183,
        "y": 0.5800195336341858
    },
    "MIDDLE_FINGER_PIP": {
        "x": 0.6562403440475464,
        "y": 0.5584511160850525
    },
    "MIDDLE_FINGER_DIP": {
        "x": 0.5868365168571472,
        "y": 0.5473904013633728
    },
    "MIDDLE_FINGER_TIP": {
        "x": 0.5332415103912354,
        "y": 0.5418554544448853
    },
    "RING_FINGER_MCP": {
        "x": 0.7719229459762573,
        "y": 0.6112260818481445
    },
    "RING_FINGER_PIP": {
        "x": 0.6790519952774048,
        "y": 0.5964908003807068
    },
    "RING_FINGER_DIP": {
        "x": 0.7146178483963013,
        "y": 0.5922691822052002
    },
    "RING_FINGER_TIP": {
        "x": 0.7499622702598572,
        "y": 0.5939528346061707
    },
    "PINKY_MCP": {
        "x": 0.7685380578041077,
        "y": 0.6380404829978943
    },
    "PINKY_PIP": {
        "x": 0.6894604563713074,
        "y": 0.6155901551246643
    },
    "PINKY_DIP": {
        "x": 0.7140860557556152,
        "y": 0.6114094257354736
    },
    "PINKY_TIP": {
        "x": 0.7432992458343506,
        "y": 0.6140878200531006
    }
}