{
    "WRIST": {
        "x": 0.8605523705482483,
        "y": 0.5259459018707275
    },
    "THUMB_CMC": {
        "x": 0.8402896523475647,
        "y": 0.5099557042121887
    },
    "THUMB_MCP": {
        "x": 0.7921772599220276,
        "y": 0.485728919506073
    },
    "THUMB_IP": {
        "x": 0.7332499027252197,
        "y": 0.47296202182769775
    },
    "THUMB_TIP": {
        "x": 0.6860732436180115,
        "y": 0.46741336584091187
    },
    "INDEX_FINGER_MCP": {
        "x": 0.8376853466033936,
        "y": 0.43872204422950745
    },
    "INDEX_FINGER_PIP": {
        "x": 0.7509796023368835,
        "y": 0.4207518398761749
    },
    "INDEX_FINGER_DIP": {
        "x": 0.7116836905479431,
        "y": 0.4196746349334717
    },
    "INDEX_FINGER_TIP": {
        "x": 0.6901960968971252,
        "y": 0.41902872920036316
    },
    "MIDDLE_FINGER_MCP": {
        "x": 0.8281905055046082,
        "y": 0.44403770565986633
    },
    "MIDDLE_FINGER_PIP": {
        "x": 0.7301481366157532,
        "y": 0.4151790738105774
    },
    "MIDDLE_FINGER_DIP": {
        "x": 0.6702364683151245,
        "y": 0.4033420979976654
    },
    "MIDDLE_FINGER_TIP": {
        "x": 0.6267209053039551,
        "y": 0.39276325702667236
    },
    "RING_FINGER_MCP": {
        "x": 0.8124369978904724,
        "y": 0.45980560779571533
    },
    "RING_FINGER_PIP": {
        "x": 0.7100592851638794,
        "y": 0.44575852155685425
    },
    "RING_FINGER_DIP": {
        "x": 0.6943573951721191,
        "y": 0.4569953680038452
    },
    "RING_FINGER_TIP": {
        "x": 0.6994112730026245,
        "y": 0.4653802216053009
    },
    "PINKY_MCP": {
        "x": 0.7890326380729675,
        "y": 0.4780823290348053
    },
    "PINKY_PIP": {
        "x": 0.7167279124259949,
        "y": 0.46779391169548035
    },
    "PINKY_DIP": {
        "x": 0.7053410410881042,
        "y": 0.47203636169433594
    },
    "PINKY_TIP": {
        "x": 0.7091776728630066,
        "y": 0.4775901734828949
    }
}