{
    "WRIST": {
        "x": 0.8627529740333557,
        "y": 0.613172709941864
    },
    "THUMB_CMC": {
        "x": 0.7743227481842041,
        "y": 0.6219875812530518
    },
    "THUMB_MCP": {
        "x": 0.6963551044464111,
        "y": 0.607580840587616
    },
    "THUMB_IP": {
        "x": 0.6603075861930847,
        "y": 0.5896138548851013
    },
    "THUMB_TIP": {
        "x": 0.6608290672302246,
        "y": 0.5721401572227478
    },
    "INDEX_FINGER_MCP": {
        "x": 0.6906351447105408,
        "y": 0.5396689772605896
    },
    "INDEX_FINGER_PIP": {
        "x": 0.6121892333030701,
        "y": 0.5267457365989685
    },
    "INDEX_FINGER_DIP": {
        "x": 0.560295820236206,
        "y": 0.5194995403289795
    },
    "INDEX_FINGER_TIP": {
        "x": 0.5174102187156677,
        "y": 0.5123298168182373
    },
    "MIDDLE_FINGER_MCP": {
        "x": 0.7142680287361145,
        "y": 0.5323693752288818
    },
    "MIDDLE_FINGER_PIP": {
        "x": 0.629363477230072,
        "y": 0.5263268947601318
    },
    "MIDDLE_FINGER_DIP": {
        "x": 0.5736360549926758,
        "y": 0.5256091952323914
    },
    "MIDDLE_FINGER_TIP": {
        "x": 0.5319761037826538,
        "y": 0.524653434753418
    },
    "RING_FINGER_MCP": {
        "x": 0.7448113560676575,
        "y": 0.5372756719589233
    },
    "RING_FINGER_PIP": {
        "x": 0.6762903928756714,
        "y": 0.5534895658493042
    },
    "RING_FINGER_DIP": {
        "x": 0.6809532046318054,
        "y": 0.5759907960891724
    },
    "RING_FINGER_TIP": {
        "x": 0.6949016451835632,
        "y": 0.5882744193077087
    },
    "PINKY_MCP": {
        "x": 0.7755720019340515,
        "y": 0.5521743297576904
    },
    "PINKY_PIP": {
        "x": 0.7225165367126465,
        "y": 0.5690215826034546
    },
    "PINKY_DIP": {
        "x": 0.7262332439422607,
        "y": 0.5857158303260803
    },
    "PINKY_TIP": {
        "x": 0.7411286234855652,
        "y": 0.595569908618927
    }
}