{
    "WRIST": {
        "x": 0.8635149002075195,
        "y": 0.5206992030143738
    },
    "THUMB_CMC": {
        "x": 0.8683438301086426,
        "y": 0.4894610643386841
    },
    "THUMB_MCP": {
        "x": 0.8226803541183472,
        "y": 0.45961490273475647
    },
    "THUMB_IP": {
        "x": 0.7589607834815979,
        "y": 0.4510916769504547
    },
    "THUMB_TIP": {
        "x": 0.7109884023666382,
        "y": 0.45481258630752563
    },
    "INDEX_FINGER_MCP": {
        "x": 0.8327541947364807,
        "y": 0.42922747135162354
    },
    "INDEX_FINGER_PIP": {
        "x": 0.7414268851280212,
        "y": 0.40912187099456787
    },
    "INDEX_FINGER_DIP": {
        "x": 0.6888087391853333,
        "y": 0.3982897996902466
    },
    "INDEX_FINGER_TIP": {
        "x": 0.6507906913757324,
        "y": 0.390032023191452
    },
    "MIDDLE_FINGER_MCP": {
        "x": 0.8091208338737488,
        "y": 0.44792062044143677
    },
    "MIDDLE_FINGER_PIP": {
        "x": 0.7142097353935242,
        "y": 0.4185352623462677
    },
    "MIDDLE_FINGER_DIP": {
        "x": 0.6580458879470825,
        "y": 0.40305057168006897
    },
    "MIDDLE_FINGER_TIP": {
        "x": 0.6163031458854675,
        "y": 0.39153361320495605
    },
    "RING_FINGER_MCP": {
        "x": 0.7841972708702087,
        "y": 0.4726814329624176
    },
    "RING_FINGER_PIP": {
        "x": 0.6849048137664795,
        "y": 0.45704197883605957
    },
    "RING_FINGER_DIP": {
        "x": 0.6980835199356079,
        "y": 0.46747517585754395
    },
    "RING_FINGER_TIP": {
        "x": 0.7268161773681641,
        "y": 0.47586050629615784
    },
    "PINKY_MCP": {
        "x": 0.7575656771659851,
        "y": 0.49798473715782166
    },
    "PINKY_PIP": {
        "x": 0.6880151033401489,
        "y": 0.4828253984451294
    },
    "PINKY_DIP": {
        "x": 0.6987482905387878,
        "y": 0.4853050410747528
    },
    "PINKY_TIP": {
        "x": 0.7200288772583008,
        "y": 0.48956775665283203
    }
}