{
    "WRIST": {
        "x": 0.8867790102958679,
        "y": 0.5313376188278198
    },
    "THUMB_CMC": {
        "x": 0.8689907193183899,
        "y": 0.4907342195510864
    },
    "THUMB_MCP": {
        "x": 0.8163055181503296,
        "y": 0.45649027824401855
    },
    "THUMB_IP": {
        "x": 0.7571969032287598,
        "y": 0.4515168070793152
    },
    "THUMB_TIP": {
        "x": 0.7103493213653564,
        "y": 0.459235280752182
    },
    "INDEX_FINGER_MCP": {
        "x": 0.8053915500640869,
        "y": 0.43485963344573975
    },
    "INDEX_FINGER_PIP": {
        "x": 0.7076306343078613,
        "y": 0.4135681986808777
    },
    "INDEX_FINGER_DIP": {
        "x": 0.6515922546386719,
        "y": 0.40500473976135254
    },
    "INDEX_FINGER_TIP": {
        "x": 0.608250081539154,
        "y": 0.3961074948310852
    },
    "MIDDLE_FINGER_MCP": {
        "x": 0.7824805378913879,
        "y": 0.4611613154411316
    },
    "MIDDLE_FINGER_PIP": {
        "x": 0.6769291162490845,
        "y": 0.4336441457271576
    },
    "MIDDLE_FINGER_DIP": {
        "x": 0.6207877397537231,
        "y": 0.4212813079357147
    },
    "MIDDLE_FINGER_TIP": {
        "x": 0.5818008184432983,
        "y": 0.4120302200317383
    },
    "RING_FINGER_MCP": {
        "x": 0.7624272704124451,
        "y": 0.4927275776863098
    },
    "RING_FINGER_PIP": {
        "x": 0.6665186882019043,
        "y": 0.4766708016395569
    },
    "RING_FINGER_DIP": {
        "x": 0.6915355920791626,
        "y": 0.48439961671829224
    },
    "RING_FINGER_TIP": {
        "x": 0.7262181043624878,
        "y": 0.4907858371734619
    },
    "PINKY_MCP": {
        "x": 0.7491999268531799,
        "y": 0.5246376395225525
    },
    "PINKY_PIP": {
        "x": 0.6849679350852966,
        "y": 0.506269097328186
    },
    "PINKY_DIP": {
        "x": 0.7074680328369141,
        "y": 0.5102687478065491
    },
    "PINKY_TIP": {
        "x": 0.7378864288330078,
        "y": 0.5158170461654663
    }
}