{
    "WRIST": {
        "x": 0.8697672486305237,
        "y": 0.5835785269737244
    },
    "THUMB_CMC": {
        "x": 0.7905502319335938,
        "y": 0.5528305172920227
    },
    "THUMB_MCP": {
        "x": 0.7252446413040161,
        "y": 0.526821494102478
    },
    "THUMB_IP": {
        "x": 0.6914805769920349,
        "y": 0.5088895559310913
    },
    "THUMB_TIP": {
        "x": 0.6721717119216919,
        "y": 0.4963141977787018
    },
    "INDEX_FINGER_MCP": {
        "x": 0.6854873895645142,
        "y": 0.5164478421211243
    },
    "INDEX_FINGER_PIP": {
        "x": 0.6095637679100037,
        "y": 0.48128703236579895
    },
    "INDEX_FINGER_DIP": {
        "x": 0.561924934387207,
        "y": 0.46756434440612793
    },
    "INDEX_FINGER_TIP": {
        "x": 0.5233142375946045,
        "y": 0.460255891084671
    },
    "MIDDLE_FINGER_MCP": {
        "x": 0.6933585405349731,
        "y": 0.5281947255134583
    },
    "MIDDLE_FINGER_PIP": {
        "x": 0.6164331436157227,
        "y": 0.49192681908607483
    },
    "MIDDLE_FINGER_DIP": {
        "x": 0.5756532549858093,
        "y": 0.4722321331501007
    },
    "MIDDLE_FINGER_TIP": {
        "x": 0.5409032106399536,
        "y": 0.45766112208366394
    },
    "RING_FINGER_MCP": {
        "x": 0.7133156657218933,
        "y": 0.5399762392044067
    },
    "RING_FINGER_PIP": {
        "x": 0.6692990660667419,
        "y": 0.5010282397270203
    },
    "RING_FINGER_DIP": {
        "x": 0.6798075437545776,
        "y": 0.4941753149032593
    },
    "RING_FINGER_TIP": {
        "x": 0.6921473741531372,
        "y": 0.49500176310539246
    },
    "PINKY_MCP": {
        "x": 0.7466556429862976,
        "y": 0.5490204095840454
    },
    "PINKY_PIP": {
        "x": 0.7238932847976685,
        "y": 0.5107378363609314
    },
    "PINKY_DIP": {
        "x": 0.7316774725914001,
        "y": 0.49754348397254944
    },
    "PINKY_TIP": {
        "x": 0.7445800304412842,
        "y": 0.49228647351264954
    }
}