{
    "WRIST": {
        "x": 0.9016040563583374,
        "y": 0.6118760704994202
    },
    "THUMB_CMC": {
        "x": 0.8659865260124207,
        "y": 0.573294460773468
    },
    "THUMB_MCP": {
        "x": 0.7943006157875061,
        "y": 0.5485758781433105
    },
    "THUMB_IP": {
        "x": 0.7222622632980347,
        "y": 0.5541253089904785
    },
    "THUMB_TIP": {
        "x": 0.6687710881233215,
        "y": 0.5651814937591553
    },
    "INDEX_FINGER_MCP": {
        "x": 0.7995059490203857,
        "y": 0.54539954662323
    },
    "INDEX_FINGER_PIP": {
        "x": 0.6772690415382385,
        "y": 0.5305030345916748
    },
    "INDEX_FINGER_DIP": {
        "x": 0.6133626699447632,
        "y": 0.5248574018478394
    },
    "INDEX_FINGER_TIP": {
        "x": 0.5631296038627625,
        "y": 0.5213427543640137
    },
    "MIDDLE_FINGER_MCP": {
        "x": 0.7886279821395874,
        "y": 0.5790775418281555
    },
    "MIDDLE_FINGER_PIP": {
        "x": 0.6580325961112976,
        "y": 0.556409478187561
    },
    "MIDDLE_FINGER_DIP": {
        "x": 0.5869238972663879,
        "y": 0.5458137392997742
    },
    "MIDDLE_FINGER_TIP": {
        "x": 0.5351535081863403,
        "y": 0.5412132740020752
    },
    "RING_FINGER_MCP": {
        "x": 0.7791476845741272,
        "y": 0.6111173629760742
    },
    "RING_FINGER_PIP": {
        "x": 0.6697822213172913,
        "y": 0.5914852619171143
    },
    "RING_FINGER_DIP": {
        "x": 0.7012181878089905,
        "y": 0.5855134129524231
    },
    "RING_FINGER_TIP": {
        "x": 0.7409204840660095,
        "y": 0.5870710015296936
    },
    "PINKY_MCP": {
        "x": 0.7720891833305359,
        "y": 0.6392359137535095
    },
    "PINKY_PIP": {
        "x": 0.6848763227462769,
        "y": 0.6131222248077393
    },
    "PINKY_DIP": {
        "x": 0.706302285194397,
        "y": 0.6081899404525757
    },
    "PINKY_TIP": {
        "x": 0.7382183074951172,
        "y": 0.6117312908172607
    }
}