{
    "WRIST": {
        "x": 0.9165041446685791,
        "y": 0.6110237836837769
    },
    "THUMB_CMC": {
        "x": 0.882914125919342,
        "y": 0.5734000205993652
    },
    "THUMB_MCP": {
        "x": 0.8091780543327332,
        "y": 0.5479516983032227
    },
    "THUMB_IP": {
        "x": 0.7321414351463318,
        "y": 0.5506893396377563
    },
    "THUMB_TIP": {
        "x": 0.6751852631568909,
        "y": 0.5619288682937622
    },
    "INDEX_FINGER_MCP": {
        "x": 0.8115875124931335,
        "y": 0.5460702776908875
    },
    "INDEX_FINGER_PIP": {
        "x": 0.685658872127533,
        "y": 0.5311409831047058
    },
    "INDEX_FINGER_DIP": {
        "x": 0.6200386881828308,
        "y": 0.5241490602493286
    },
    "INDEX_FINGER_TIP": {
        "x": 0.5692280530929565,
        "y": 0.5203065872192383
    },
    "MIDDLE_FINGER_MCP": {
        "x": 0.8011107444763184,
        "y": 0.5817614197731018
    },
    "MIDDLE_FINGER_PIP": {
        "x": 0.664760172367096,
        "y": 0.5575098991394043
    },
    "MIDDLE_FINGER_DIP": {
        "x": 0.5919299125671387,
        "y": 0.5454474687576294
    },
    "MIDDLE_FINGER_TIP": {
        "x": 0.5361649394035339,
        "y": 0.5402945876121521
    },
    "RING_FINGER_MCP": {
        "x": 0.7907902002334595,
        "y": 0.6151968836784363
    },
    "RING_FINGER_PIP": {
        "x": 0.6743082404136658,
        "y": 0.5936017632484436
    },
    "RING_FINGER_DIP": {
        "x": 0.7073202729225159,
        "y": 0.5873625874519348
    },
    "RING_FINGER_TIP": {
        "x": 0.7474535703659058,
        "y": 0.5895527601242065
    },
    "PINKY_MCP": {
        "x": 0.7820609211921692,
        "y": 0.6440196633338928
    },
    "PINKY_PIP": {
        "x": 0.6895487308502197,
        "y": 0.6165202260017395
    },
    "PINKY_DIP": {
        "x": 0.7131364941596985,
        "y": 0.6111115217208862
    },
    "PINKY_TIP": {
        "x": 0.7464810609817505,
        "y": 0.615653932094574
    }
}