{
    "WRIST": {
        "x": 0.9125412702560425,
        "y": 0.6146619319915771
    },
    "THUMB_CMC": {
        "x": 0.8827956914901733,
        "y": 0.5762804746627808
    },
    "THUMB_MCP": {
        "x": 0.8112499117851257,
        "y": 0.549421489238739
    },
    "THUMB_IP": {
        "x": 0.7399733662605286,
        "y": 0.5526198744773865
    },
    "THUMB_TIP": {
        "x": 0.6933189034461975,
        "y": 0.5635549426078796
    },
    "INDEX_FINGER_MCP": {
        "x": 0.8132317662239075,
        "y": 0.5491632223129272
    },
    "INDEX_FINGER_PIP": {
        "x": 0.688191831111908,
        "y": 0.5344004034996033
    },
    "INDEX_FINGER_DIP": {
        "x": 0.6216298341751099,
        "y": 0.526742160320282
    },
    "INDEX_FINGER_TIP": {
        "x": 0.5675504803657532,
        "y": 0.5220544934272766
    },
    "MIDDLE_FINGER_MCP": {
        "x": 0.7978867292404175,
        "y": 0.5828219056129456
    },
    "MIDDLE_FINGER_PIP": {
        "x": 0.6657270193099976,
        "y": 0.5602391362190247
    },
    "MIDDLE_FINGER_DIP": {
        "x": 0.592618465423584,
        "y": 0.5475284457206726
    },
    "MIDDLE_FINGER_TIP": {
        "x": 0.5372868180274963,
        "y": 0.5420120358467102
    },
    "RING_FINGER_MCP": {
        "x": 0.7854017615318298,
        "y": 0.6147027611732483
    },
    "RING_FINGER_PIP": {
        "x": 0.6769222617149353,
        "y": 0.5934633612632751
    },
    "RING_FINGER_DIP": {
        "x": 0.7058261632919312,
        "y": 0.5867761373519897
    },
    "RING_FINGER_TIP": {
        "x": 0.7422910332679749,
        "y": 0.5889986157417297
    },
    "PINKY_MCP": {
        "x": 0.7755833864212036,
        "y": 0.6415761709213257
    },
    "PINKY_PIP": {
        "x": 0.690021812915802,
        "y": 0.6132096648216248
    },
    "PINKY_DIP": {
        "x": 0.7105348110198975,
        "y": 0.6076989769935608
    },
    "PINKY_TIP": {
        "x": 0.7411099672317505,
        "y": 0.6122885942459106
    }
}