{
    "WRIST": {
        "x": 0.8994181156158447,
        "y": 0.6141997575759888
    },
    "THUMB_CMC": {
        "x": 0.8516199588775635,
        "y": 0.5793037414550781
    },
    "THUMB_MCP": {
        "x": 0.7759402394294739,
        "y": 0.5587643980979919
    },
    "THUMB_IP": {
        "x": 0.7129365801811218,
        "y": 0.5671298503875732
    },
    "THUMB_TIP": {
        "x": 0.6735182404518127,
        "y": 0.5857558250427246
    },
    "INDEX_FINGER_MCP": {
        "x": 0.7735936641693115,
        "y": 0.5467882752418518
    },
    "INDEX_FINGER_PIP": {
        "x": 0.6473881006240845,
        "y": 0.5376178622245789
    },
    "INDEX_FINGER_DIP": {
        "x": 0.5794330835342407,
        "y": 0.5330101251602173
    },
    "INDEX_FINGER_TIP": {
        "x": 0.5224002003669739,
        "y": 0.5270204544067383
    },
    "MIDDLE_FINGER_MCP": {
        "x": 0.7693526744842529,
        "y": 0.5777950286865234
    },
    "MIDDLE_FINGER_PIP": {
        "x": 0.639789342880249,
        "y": 0.5582820177078247
    },
    "MIDDLE_FINGER_DIP": {
        "x": 0.5660793781280518,
        "y": 0.5495353937149048
    },
    "MIDDLE_FINGER_TIP": {
        "x": 0.5050759315490723,
        "y": 0.5449076890945435
    },
    "RING_FINGER_MCP": {
        "x": 0.7671463489532471,
        "y": 0.6102712750434875
    },
    "RING_FINGER_PIP": {
        "x": 0.667022168636322,
        "y": 0.6034899353981018
    },
    "RING_FINGER_DIP": {
        "x": 0.7004518508911133,
        "y": 0.6029673218727112
    },
    "RING_FINGER_TIP": {
        "x": 0.735375702381134,
        "y": 0.604028582572937
    },
    "PINKY_MCP": {
        "x": 0.7664376497268677,
        "y": 0.6401640176773071
    },
    "PINKY_PIP": {
        "x": 0.6822176575660706,
        "y": 0.6229902505874634
    },
    "PINKY_DIP": {
        "x": 0.7073410153388977,
        "y": 0.6200384497642517
    },
    "PINKY_TIP": {
        "x": 0.737342357635498,
        "y": 0.6207951307296753
    }
}