{
    "WRIST": {
        "x": 0.9019023180007935,
        "y": 0.6081798672676086
    },
    "THUMB_CMC": {
        "x": 0.8686351776123047,
        "y": 0.5701296925544739
    },
    "THUMB_MCP": {
        "x": 0.800361692905426,
        "y": 0.5458670258522034
    },
    "THUMB_IP": {
        "x": 0.7317811250686646,
        "y": 0.5511386394500732
    },
    "THUMB_TIP": {
        "x": 0.6798392534255981,
        "y": 0.5623326897621155
    },
    "INDEX_FINGER_MCP": {
        "x": 0.8020784258842468,
        "y": 0.5401152968406677
    },
    "INDEX_FINGER_PIP": {
        "x": 0.6788692474365234,
        "y": 0.5272526741027832
    },
    "INDEX_FINGER_DIP": {
        "x": 0.615943193435669,
        "y": 0.5227639675140381
    },
    "INDEX_FINGER_TIP": {
        "x": 0.5663833618164062,
        "y": 0.5200719833374023
    },
    "MIDDLE_FINGER_MCP": {
        "x": 0.7947128415107727,
        "y": 0.574208676815033
    },
    "MIDDLE_FINGER_PIP": {
        "x": 0.6598339080810547,
        "y": 0.5522155165672302
    },
    "MIDDLE_FINGER_DIP": {
        "x": 0.5895434617996216,
        "y": 0.5420013666152954
    },
    "MIDDLE_FINGER_TIP": {
        "x": 0.5369097590446472,
        "y": 0.5374749898910522
    },
    "RING_FINGER_MCP": {
        "x": 0.7882153987884521,
        "y": 0.607776403427124
    },
    "RING_FINGER_PIP": {
        "x": 0.6732839345932007,
        "y": 0.5907773971557617
    },
    "RING_FINGER_DIP": {
        "x": 0.7087581157684326,
        "y": 0.5866742730140686
    },
    "RING_FINGER_TIP": {
        "x": 0.7510306239128113,
        "y": 0.5885344743728638
    },
    "PINKY_MCP": {
        "x": 0.782444179058075,
        "y": 0.6383892297744751
    },
    "PINKY_PIP": {
        "x": 0.6882666349411011,
        "y": 0.6159444451332092
    },
    "PINKY_DIP": {
        "x": 0.711110532283783,
        "y": 0.6112059354782104
    },
    "PINKY_TIP": {
        "x": 0.743755042552948,
        "y": 0.614201545715332
    }
}