{
    "WRIST": {
        "x": 0.8753546476364136,
        "y": 0.5287595987319946
    },
    "THUMB_CMC": {
        "x": 0.87715083360672,
        "y": 0.497314453125
    },
    "THUMB_MCP": {
        "x": 0.836478590965271,
        "y": 0.4656308591365814
    },
    "THUMB_IP": {
        "x": 0.7804529666900635,
        "y": 0.452127605676651
    },
    "THUMB_TIP": {
        "x": 0.7354037761688232,
        "y": 0.45185598731040955
    },
    "INDEX_FINGER_MCP": {
        "x": 0.8510803580284119,
        "y": 0.43480008840560913
    },
    "INDEX_FINGER_PIP": {
        "x": 0.7631810903549194,
        "y": 0.41706523299217224
    },
    "INDEX_FINGER_DIP": {
        "x": 0.712733805179596,
        "y": 0.4070926606655121
    },
    "INDEX_FINGER_TIP": {
        "x": 0.676723062992096,
        "y": 0.3981785774230957
    },
    "MIDDLE_FINGER_MCP": {
        "x": 0.831369936466217,
        "y": 0.4499256908893585
    },
    "MIDDLE_FINGER_PIP": {
        "x": 0.7378796339035034,
        "y": 0.4213252663612366
    },
    "MIDDLE_FINGER_DIP": {
        "x": 0.6795092225074768,
        "y": 0.4070257842540741
    },
    "MIDDLE_FINGER_TIP": {
        "x": 0.636067271232605,
        "y": 0.3958180546760559
    },
    "RING_FINGER_MCP": {
        "x": 0.8067197799682617,
        "y": 0.47259771823883057
    },
    "RING_FINGER_PIP": {
        "x": 0.7040125131607056,
        "y": 0.45493489503860474
    },
    "RING_FINGER_DIP": {
        "x": 0.7008006572723389,
        "y": 0.46518898010253906
    },
    "RING_FINGER_TIP": {
        "x": 0.719348132610321,
        "y": 0.47494372725486755
    },
    "PINKY_MCP": {
        "x": 0.7780106067657471,
        "y": 0.4981054961681366
    },
    "PINKY_PIP": {
        "x": 0.702690839767456,
        "y": 0.48264533281326294
    },
    "PINKY_DIP": {
        "x": 0.6999024152755737,
        "y": 0.48560482263565063
    },
    "PINKY_TIP": {
        "x": 0.7123284935951233,
        "y": 0.4912511110305786
    }
}