{
    "WRIST": {
        "x": 0.8350054025650024,
        "y": 0.5426631569862366
    },
    "THUMB_CMC": {
        "x": 0.7426580786705017,
        "y": 0.5498676896095276
    },
    "THUMB_MCP": {
        "x": 0.6905826330184937,
        "y": 0.5431623458862305
    },
    "THUMB_IP": {
        "x": 0.6453609466552734,
        "y": 0.5385617017745972
    },
    "THUMB_TIP": {
        "x": 0.6025646924972534,
        "y": 0.5303255915641785
    },
    "INDEX_FINGER_MCP": {
        "x": 0.728360116481781,
        "y": 0.47591838240623474
    },
    "INDEX_FINGER_PIP": {
        "x": 0.6735982298851013,
        "y": 0.4574182331562042
    },
    "INDEX_FINGER_DIP": {
        "x": 0.6326614022254944,
        "y": 0.463461697101593
    },
    "INDEX_FINGER_TIP": {
        "x": 0.6080858707427979,
        "y": 0.47278428077697754
    },
    "MIDDLE_FINGER_MCP": {
        "x": 0.7529736757278442,
        "y": 0.4659479260444641
    },
    "MIDDLE_FINGER_PIP": {
        "x": 0.6879904866218567,
        "y": 0.4362918734550476
    },
    "MIDDLE_FINGER_DIP": {
        "x": 0.6342383027076721,
        "y": 0.43955206871032715
    },
    "MIDDLE_FINGER_TIP": {
        "x": 0.6009833812713623,
        "y": 0.4470136761665344
    },
    "RING_FINGER_MCP": {
        "x": 0.7720877528190613,
        "y": 0.46744558215141296
    },
    "RING_FINGER_PIP": {
        "x": 0.7050538063049316,
        "y": 0.43490633368492126
    },
    "RING_FINGER_DIP": {
        "x": 0.6471943259239197,
        "y": 0.43961018323898315
    },
    "RING_FINGER_TIP": {
        "x": 0.6136201024055481,
        "y": 0.44878101348876953
    },
    "PINKY_MCP": {
        "x": 0.7808963060379028,
        "y": 0.47638675570487976
    },
    "PINKY_PIP": {
        "x": 0.7190793752670288,
        "y": 0.45507070422172546
    },
    "PINKY_DIP": {
        "x": 0.6695799231529236,
        "y": 0.4556514620780945
    },
    "PINKY_TIP": {
        "x": 0.6285702586174011,
        "y": 0.45980238914489746
    }
}