{
    "WRIST": {
        "x": 0.8416345715522766,
        "y": 0.5648554563522339
    },
    "THUMB_CMC": {
        "x": 0.7616094350814819,
        "y": 0.5702511072158813
    },
    "THUMB_MCP": {
        "x": 0.6969859600067139,
        "y": 0.5555105805397034
    },
    "THUMB_IP": {
        "x": 0.6478607654571533,
        "y": 0.5451346635818481
    },
    "THUMB_TIP": {
        "x": 0.5996785759925842,
        "y": 0.531989574432373
    },
    "INDEX_FINGER_MCP": {
        "x": 0.7435739040374756,
        "y": 0.47485148906707764
    },
    "INDEX_FINGER_PIP": {
        "x": 0.7242091298103333,
        "y": 0.4339674115180969
    },
    "INDEX_FINGER_DIP": {
        "x": 0.709814727306366,
        "y": 0.41573745012283325
    },
    "INDEX_FINGER_TIP": {
        "x": 0.6991795301437378,
        "y": 0.4047355353832245
    },
    "MIDDLE_FINGER_MCP": {
        "x": 0.7678137421607971,
        "y": 0.4669223129749298
    },
    "MIDDLE_FINGER_PIP": {
        "x": 0.7172325253486633,
        "y": 0.4343438446521759
    },
    "MIDDLE_FINGER_DIP": {
        "x": 0.6803090572357178,
        "y": 0.43065428733825684
    },
    "MIDDLE_FINGER_TIP": {
        "x": 0.6595531702041626,
        "y": 0.4315083622932434
    },
    "RING_FINGER_MCP": {
        "x": 0.785337507724762,
        "y": 0.4724704325199127
    },
    "RING_FINGER_PIP": {
        "x": 0.7105456590652466,
        "y": 0.44913557171821594
    },
    "RING_FINGER_DIP": {
        "x": 0.6555280685424805,
        "y": 0.4604688584804535
    },
    "RING_FINGER_TIP": {
        "x": 0.627029299736023,
        "y": 0.47744497656822205
    },
    "PINKY_MCP": {
        "x": 0.790830135345459,
        "y": 0.48725229501724243
    },
    "PINKY_PIP": {
        "x": 0.7255741357803345,
        "y": 0.46700429916381836
    },
    "PINKY_DIP": {
        "x": 0.6732516288757324,
        "y": 0.4677138924598694
    },
    "PINKY_TIP": {
        "x": 0.631377637386322,
        "y": 0.4758613705635071
    }
}