{
    "WRIST": {
        "x": 0.8186094164848328,
        "y": 0.6099607348442078
    },
    "THUMB_CMC": {
        "x": 0.7416452765464783,
        "y": 0.6118033528327942
    },
    "THUMB_MCP": {
        "x": 0.6898030042648315,
        "y": 0.6033148765563965
    },
    "THUMB_IP": {
        "x": 0.6450524926185608,
        "y": 0.5999430418014526
    },
    "THUMB_TIP": {
        "x": 0.6157708168029785,
        "y": 0.5926293134689331
    },
    "INDEX_FINGER_MCP": {
        "x": 0.7474660873413086,
        "y": 0.538124144077301
    },
    "INDEX_FINGER_PIP": {
        "x": 0.7219052314758301,
        "y": 0.5112631320953369
    },
    "INDEX_FINGER_DIP": {
        "x": 0.7088229060173035,
        "y": 0.5003630518913269
    },
    "INDEX_FINGER_TIP": {
        "x": 0.6982108354568481,
        "y": 0.4920024573802948
    },
    "MIDDLE_FINGER_MCP": {
        "x": 0.7675272822380066,
        "y": 0.5341196656227112
    },
    "MIDDLE_FINGER_PIP": {
        "x": 0.6830488443374634,
        "y": 0.5287253856658936
    },
    "MIDDLE_FINGER_DIP": {
        "x": 0.6483511328697205,
        "y": 0.5509658455848694
    },
    "MIDDLE_FINGER_TIP": {
        "x": 0.6351173520088196,
        "y": 0.5675605535507202
    },
    "RING_FINGER_MCP": {
        "x": 0.7761607766151428,
        "y": 0.5408122539520264
    },
    "RING_FINGER_PIP": {
        "x": 0.689146876335144,
        "y": 0.5356917977333069
    },
    "RING_FINGER_DIP": {
        "x": 0.6461456418037415,
        "y": 0.5584638118743896
    },
    "RING_FINGER_TIP": {
        "x": 0.629836916923523,
        "y": 0.5769609212875366
    },
    "PINKY_MCP": {
        "x": 0.7758222818374634,
        "y": 0.5537025928497314
    },
    "PINKY_PIP": {
        "x": 0.7130693793296814,
        "y": 0.5473024249076843
    },
    "PINKY_DIP": {
        "x": 0.6723934412002563,
        "y": 0.5563599467277527
    },
    "PINKY_TIP": {
        "x": 0.6474798917770386,
        "y": 0.5656672716140747
    }
}