{
    "WRIST": {
        "x": 0.8163836598396301,
        "y": 0.5999274849891663
    },
    "THUMB_CMC": {
        "x": 0.7316710948944092,
        "y": 0.6064640283584595
    },
    "THUMB_MCP": {
        "x": 0.6776626706123352,
        "y": 0.591579020023346
    },
    "THUMB_IP": {
        "x": 0.632533609867096,
        "y": 0.5838472843170166
    },
    "THUMB_TIP": {
        "x": 0.6022921204566956,
        "y": 0.5753828883171082
    },
    "INDEX_FINGER_MCP": {
        "x": 0.738929033279419,
        "y": 0.5290862917900085
    },
    "INDEX_FINGER_PIP": {
        "x": 0.7145740985870361,
        "y": 0.4956457316875458
    },
    "INDEX_FINGER_DIP": {
        "x": 0.7019078731536865,
        "y": 0.4813615679740906
    },
    "INDEX_FINGER_TIP": {
        "x": 0.692933976650238,
        "y": 0.4700593948364258
    },
    "MIDDLE_FINGER_MCP": {
        "x": 0.7608811855316162,
        "y": 0.5244369506835938
    },
    "MIDDLE_FINGER_PIP": {
        "x": 0.6753289699554443,
        "y": 0.5125078558921814
    },
    "MIDDLE_FINGER_DIP": {
        "x": 0.6378800868988037,
        "y": 0.5366420745849609
    },
    "MIDDLE_FINGER_TIP": {
        "x": 0.6276952624320984,
        "y": 0.5526568293571472
    },
    "RING_FINGER_MCP": {
        "x": 0.7682085633277893,
        "y": 0.5287613272666931
    },
    "RING_FINGER_PIP": {
        "x": 0.679847240447998,
        "y": 0.5154262781143188
    },
    "RING_FINGER_DIP": {
        "x": 0.6326920986175537,
        "y": 0.5381977558135986
    },
    "RING_FINGER_TIP": {
        "x": 0.6178745031356812,
        "y": 0.5557524561882019
    },
    "PINKY_MCP": {
        "x": 0.7633230686187744,
        "y": 0.5392823219299316
    },
    "PINKY_PIP": {
        "x": 0.6983299255371094,
        "y": 0.5233643054962158
    },
    "PINKY_DIP": {
        "x": 0.6559292078018188,
        "y": 0.5285005569458008
    },
    "PINKY_TIP": {
        "x": 0.6331709027290344,
        "y": 0.5335761904716492
    }
}