{
    "WRIST": {
        "x": 0.8240692615509033,
        "y": 0.5809007287025452
    },
    "THUMB_CMC": {
        "x": 0.7457543015480042,
        "y": 0.5791386365890503
    },
    "THUMB_MCP": {
        "x": 0.6925618648529053,
        "y": 0.5679815411567688
    },
    "THUMB_IP": {
        "x": 0.6505201458930969,
        "y": 0.564466655254364
    },
    "THUMB_TIP": {
        "x": 0.6091068983078003,
        "y": 0.5547618269920349
    },
    "INDEX_FINGER_MCP": {
        "x": 0.7429296970367432,
        "y": 0.5013315081596375
    },
    "INDEX_FINGER_PIP": {
        "x": 0.7023600935935974,
        "y": 0.4894926846027374
    },
    "INDEX_FINGER_DIP": {
        "x": 0.6710174083709717,
        "y": 0.5014548897743225
    },
    "INDEX_FINGER_TIP": {
        "x": 0.6483618021011353,
        "y": 0.5110913515090942
    },
    "MIDDLE_FINGER_MCP": {
        "x": 0.7639934420585632,
        "y": 0.4995811879634857
    },
    "MIDDLE_FINGER_PIP": {
        "x": 0.7527570724487305,
        "y": 0.448158860206604
    },
    "MIDDLE_FINGER_DIP": {
        "x": 0.7320629954338074,
        "y": 0.413923054933548
    },
    "MIDDLE_FINGER_TIP": {
        "x": 0.7197917699813843,
        "y": 0.38378435373306274
    },
    "RING_FINGER_MCP": {
        "x": 0.7776185274124146,
        "y": 0.511461079120636
    },
    "RING_FINGER_PIP": {
        "x": 0.7550267577171326,
        "y": 0.4663396179676056
    },
    "RING_FINGER_DIP": {
        "x": 0.7380590438842773,
        "y": 0.4308159649372101
    },
    "RING_FINGER_TIP": {
        "x": 0.7290707230567932,
        "y": 0.402698278427124
    },
    "PINKY_MCP": {
        "x": 0.7762792110443115,
        "y": 0.5313959121704102
    },
    "PINKY_PIP": {
        "x": 0.7349176406860352,
        "y": 0.5057300329208374
    },
    "PINKY_DIP": {
        "x": 0.7049162983894348,
        "y": 0.4863589406013489
    },
    "PINKY_TIP": {
        "x": 0.6865113377571106,
        "y": 0.4711519777774811
    }
}