{
    "WRIST": {
        "x": 0.825653076171875,
        "y": 0.5997796058654785
    },
    "THUMB_CMC": {
        "x": 0.7400242686271667,
        "y": 0.6045103669166565
    },
    "THUMB_MCP": {
        "x": 0.6840682029724121,
        "y": 0.5907397866249084
    },
    "THUMB_IP": {
        "x": 0.6373685598373413,
        "y": 0.5847533345222473
    },
    "THUMB_TIP": {
        "x": 0.6040626764297485,
        "y": 0.5780031085014343
    },
    "INDEX_FINGER_MCP": {
        "x": 0.7488052248954773,
        "y": 0.5210031867027283
    },
    "INDEX_FINGER_PIP": {
        "x": 0.7287871837615967,
        "y": 0.4764152765274048
    },
    "INDEX_FINGER_DIP": {
        "x": 0.7140981554985046,
        "y": 0.4527437388896942
    },
    "INDEX_FINGER_TIP": {
        "x": 0.7029622197151184,
        "y": 0.4338577091693878
    },
    "MIDDLE_FINGER_MCP": {
        "x": 0.7690447568893433,
        "y": 0.5199540853500366
    },
    "MIDDLE_FINGER_PIP": {
        "x": 0.6756708025932312,
        "y": 0.5080749988555908
    },
    "MIDDLE_FINGER_DIP": {
        "x": 0.6373999714851379,
        "y": 0.5310543775558472
    },
    "MIDDLE_FINGER_TIP": {
        "x": 0.6285483241081238,
        "y": 0.5479674935340881
    },
    "RING_FINGER_MCP": {
        "x": 0.7721390128135681,
        "y": 0.5275954008102417
    },
    "RING_FINGER_PIP": {
        "x": 0.6752805709838867,
        "y": 0.5196912884712219
    },
    "RING_FINGER_DIP": {
        "x": 0.6317789554595947,
        "y": 0.5455832481384277
    },
    "RING_FINGER_TIP": {
        "x": 0.6211203336715698,
        "y": 0.5662708282470703
    },
    "PINKY_MCP": {
        "x": 0.7652027010917664,
        "y": 0.5411424040794373
    },
    "PINKY_PIP": {
        "x": 0.6906973719596863,
        "y": 0.5279632210731506
    },
    "PINKY_DIP": {
        "x": 0.6486025452613831,
        "y": 0.535510241985321
    },
    "PINKY_TIP": {
        "x": 0.6274246573448181,
        "y": 0.5439040064811707
    }
}