{
    "WRIST": {
        "x": 0.8416181802749634,
        "y": 0.5427963137626648
    },
    "THUMB_CMC": {
        "x": 0.7478717565536499,
        "y": 0.551748514175415
    },
    "THUMB_MCP": {
        "x": 0.6975639462471008,
        "y": 0.5463931560516357
    },
    "THUMB_IP": {
        "x": 0.6538199782371521,
        "y": 0.543825089931488
    },
    "THUMB_TIP": {
        "x": 0.6105015277862549,
        "y": 0.5381217002868652
    },
    "INDEX_FINGER_MCP": {
        "x": 0.7392367720603943,
        "y": 0.473137766122818
    },
    "INDEX_FINGER_PIP": {
        "x": 0.684436023235321,
        "y": 0.4567118287086487
    },
    "INDEX_FINGER_DIP": {
        "x": 0.6411663293838501,
        "y": 0.46246588230133057
    },
    "INDEX_FINGER_TIP": {
        "x": 0.6125931739807129,
        "y": 0.47273850440979004
    },
    "MIDDLE_FINGER_MCP": {
        "x": 0.7619125247001648,
        "y": 0.46288785338401794
    },
    "MIDDLE_FINGER_PIP": {
        "x": 0.6972513794898987,
        "y": 0.4343554973602295
    },
    "MIDDLE_FINGER_DIP": {
        "x": 0.6436119079589844,
        "y": 0.43864065408706665
    },
    "MIDDLE_FINGER_TIP": {
        "x": 0.6091445684432983,
        "y": 0.447682648897171
    },
    "RING_FINGER_MCP": {
        "x": 0.7769052982330322,
        "y": 0.4642977714538574
    },
    "RING_FINGER_PIP": {
        "x": 0.7084877490997314,
        "y": 0.4330708086490631
    },
    "RING_FINGER_DIP": {
        "x": 0.650009274482727,
        "y": 0.43678390979766846
    },
    "RING_FINGER_TIP": {
        "x": 0.6135480403900146,
        "y": 0.4443202614784241
    },
    "PINKY_MCP": {
        "x": 0.7804909944534302,
        "y": 0.47297045588493347
    },
    "PINKY_PIP": {
        "x": 0.7153164148330688,
        "y": 0.4542495012283325
    },
    "PINKY_DIP": {
        "x": 0.6652294397354126,
        "y": 0.4550795555114746
    },
    "PINKY_TIP": {
        "x": 0.623779833316803,
        "y": 0.4584352672100067
    }
}