{
    "WRIST": {
        "x": 0.8293326497077942,
        "y": 0.5738366842269897
    },
    "THUMB_CMC": {
        "x": 0.7591960430145264,
        "y": 0.5752334594726562
    },
    "THUMB_MCP": {
        "x": 0.7020462155342102,
        "y": 0.5615447759628296
    },
    "THUMB_IP": {
        "x": 0.6541271805763245,
        "y": 0.5561918020248413
    },
    "THUMB_TIP": {
        "x": 0.6036304235458374,
        "y": 0.5465409755706787
    },
    "INDEX_FINGER_MCP": {
        "x": 0.7498701810836792,
        "y": 0.48598647117614746
    },
    "INDEX_FINGER_PIP": {
        "x": 0.7369367480278015,
        "y": 0.44693228602409363
    },
    "INDEX_FINGER_DIP": {
        "x": 0.7248027920722961,
        "y": 0.42798423767089844
    },
    "INDEX_FINGER_TIP": {
        "x": 0.7170575261116028,
        "y": 0.41663628816604614
    },
    "MIDDLE_FINGER_MCP": {
        "x": 0.7674983143806458,
        "y": 0.481118381023407
    },
    "MIDDLE_FINGER_PIP": {
        "x": 0.7319546937942505,
        "y": 0.4511556923389435
    },
    "MIDDLE_FINGER_DIP": {
        "x": 0.7065277695655823,
        "y": 0.4408376216888428
    },
    "MIDDLE_FINGER_TIP": {
        "x": 0.6965420842170715,
        "y": 0.4343090355396271
    },
    "RING_FINGER_MCP": {
        "x": 0.7811098098754883,
        "y": 0.4856249988079071
    },
    "RING_FINGER_PIP": {
        "x": 0.7247511744499207,
        "y": 0.45946216583251953
    },
    "RING_FINGER_DIP": {
        "x": 0.6862392425537109,
        "y": 0.45345544815063477
    },
    "RING_FINGER_TIP": {
        "x": 0.6673826575279236,
        "y": 0.45594167709350586
    },
    "PINKY_MCP": {
        "x": 0.7871673107147217,
        "y": 0.4976697266101837
    },
    "PINKY_PIP": {
        "x": 0.7286587357521057,
        "y": 0.47563058137893677
    },
    "PINKY_DIP": {
        "x": 0.6809505820274353,
        "y": 0.47386786341667175
    },
    "PINKY_TIP": {
        "x": 0.6467634439468384,
        "y": 0.48015761375427246
    }
}