{
    "WRIST": {
        "x": 0.8191511631011963,
        "y": 0.6088986396789551
    },
    "THUMB_CMC": {
        "x": 0.7408755421638489,
        "y": 0.6114697456359863
    },
    "THUMB_MCP": {
        "x": 0.6884447932243347,
        "y": 0.6036311388015747
    },
    "THUMB_IP": {
        "x": 0.6432313919067383,
        "y": 0.6003435850143433
    },
    "THUMB_TIP": {
        "x": 0.6148015260696411,
        "y": 0.5922694206237793
    },
    "INDEX_FINGER_MCP": {
        "x": 0.7436088919639587,
        "y": 0.5397924184799194
    },
    "INDEX_FINGER_PIP": {
        "x": 0.7094714045524597,
        "y": 0.5189638733863831
    },
    "INDEX_FINGER_DIP": {
        "x": 0.694400429725647,
        "y": 0.5156182646751404
    },
    "INDEX_FINGER_TIP": {
        "x": 0.6843805313110352,
        "y": 0.5123719573020935
    },
    "MIDDLE_FINGER_MCP": {
        "x": 0.7644107341766357,
        "y": 0.5348107814788818
    },
    "MIDDLE_FINGER_PIP": {
        "x": 0.6818048357963562,
        "y": 0.5292204022407532
    },
    "MIDDLE_FINGER_DIP": {
        "x": 0.6483566164970398,
        "y": 0.5511822700500488
    },
    "MIDDLE_FINGER_TIP": {
        "x": 0.6361740827560425,
        "y": 0.5666064620018005
    },
    "RING_FINGER_MCP": {
        "x": 0.7747151851654053,
        "y": 0.5406933426856995
    },
    "RING_FINGER_PIP": {
        "x": 0.6896668076515198,
        "y": 0.5346103310585022
    },
    "RING_FINGER_DIP": {
        "x": 0.6472445130348206,
        "y": 0.5565544366836548
    },
    "RING_FINGER_TIP": {
        "x": 0.6314715147018433,
        "y": 0.5738226175308228
    },
    "PINKY_MCP": {
        "x": 0.775860071182251,
        "y": 0.5529375672340393
    },
    "PINKY_PIP": {
        "x": 0.7146968245506287,
        "y": 0.5467163324356079
    },
    "PINKY_DIP": {
        "x": 0.6743906736373901,
        "y": 0.5554025173187256
    },
    "PINKY_TIP": {
        "x": 0.6500048637390137,
        "y": 0.5638298392295837
    }
}