{
    "WRIST": {
        "x": 0.8185985088348389,
        "y": 0.6111571788787842
    },
    "THUMB_CMC": {
        "x": 0.7385860681533813,
        "y": 0.6164848804473877
    },
    "THUMB_MCP": {
        "x": 0.6830284595489502,
        "y": 0.6076405048370361
    },
    "THUMB_IP": {
        "x": 0.6359769701957703,
        "y": 0.601767897605896
    },
    "THUMB_TIP": {
        "x": 0.6000558137893677,
        "y": 0.5904685258865356
    },
    "INDEX_FINGER_MCP": {
        "x": 0.7401585578918457,
        "y": 0.5446189045906067
    },
    "INDEX_FINGER_PIP": {
        "x": 0.6999955177307129,
        "y": 0.5230166912078857
    },
    "INDEX_FINGER_DIP": {
        "x": 0.6835983991622925,
        "y": 0.5236815810203552
    },
    "INDEX_FINGER_TIP": {
        "x": 0.6730177402496338,
        "y": 0.5234801173210144
    },
    "MIDDLE_FINGER_MCP": {
        "x": 0.758502721786499,
        "y": 0.53618985414505
    },
    "MIDDLE_FINGER_PIP": {
        "x": 0.6718790531158447,
        "y": 0.5291334986686707
    },
    "MIDDLE_FINGER_DIP": {
        "x": 0.6377094984054565,
        "y": 0.5517718195915222
    },
    "MIDDLE_FINGER_TIP": {
        "x": 0.6261218786239624,
        "y": 0.5685262084007263
    },
    "RING_FINGER_MCP": {
        "x": 0.7667801380157471,
        "y": 0.5376774668693542
    },
    "RING_FINGER_PIP": {
        "x": 0.6796812415122986,
        "y": 0.5295239686965942
    },
    "RING_FINGER_DIP": {
        "x": 0.6366308927536011,
        "y": 0.5511671900749207
    },
    "RING_FINGER_TIP": {
        "x": 0.6210445761680603,
        "y": 0.5705326199531555
    },
    "PINKY_MCP": {
        "x": 0.7654931545257568,
        "y": 0.5458472967147827
    },
    "PINKY_PIP": {
        "x": 0.7070662975311279,
        "y": 0.5352051258087158
    },
    "PINKY_DIP": {
        "x": 0.6655680537223816,
        "y": 0.5395603179931641
    },
    "PINKY_TIP": {
        "x": 0.6385340690612793,
        "y": 0.5467367172241211
    }
}