{
    "WRIST": {
        "x": 0.8274997472763062,
        "y": 0.5805195569992065
    },
    "THUMB_CMC": {
        "x": 0.745284914970398,
        "y": 0.5794647336006165
    },
    "THUMB_MCP": {
        "x": 0.6921221017837524,
        "y": 0.5691109299659729
    },
    "THUMB_IP": {
        "x": 0.6503462791442871,
        "y": 0.5652583241462708
    },
    "THUMB_TIP": {
        "x": 0.6093254685401917,
        "y": 0.5572504997253418
    },
    "INDEX_FINGER_MCP": {
        "x": 0.7451470494270325,
        "y": 0.49852898716926575
    },
    "INDEX_FINGER_PIP": {
        "x": 0.713937520980835,
        "y": 0.4780625104904175
    },
    "INDEX_FINGER_DIP": {
        "x": 0.6914963126182556,
        "y": 0.47576653957366943
    },
    "INDEX_FINGER_TIP": {
        "x": 0.6729124188423157,
        "y": 0.4753521680831909
    },
    "MIDDLE_FINGER_MCP": {
        "x": 0.7683175802230835,
        "y": 0.49778100848197937
    },
    "MIDDLE_FINGER_PIP": {
        "x": 0.7518987655639648,
        "y": 0.449995219707489
    },
    "MIDDLE_FINGER_DIP": {
        "x": 0.7332211136817932,
        "y": 0.417432576417923
    },
    "MIDDLE_FINGER_TIP": {
        "x": 0.720176100730896,
        "y": 0.3897565007209778
    },
    "RING_FINGER_MCP": {
        "x": 0.781451940536499,
        "y": 0.5107203125953674
    },
    "RING_FINGER_PIP": {
        "x": 0.7438690662384033,
        "y": 0.47212159633636475
    },
    "RING_FINGER_DIP": {
        "x": 0.7190810441970825,
        "y": 0.4438418447971344
    },
    "RING_FINGER_TIP": {
        "x": 0.7054388523101807,
        "y": 0.42156991362571716
    },
    "PINKY_MCP": {
        "x": 0.7779802083969116,
        "y": 0.5312628149986267
    },
    "PINKY_PIP": {
        "x": 0.7260993123054504,
        "y": 0.5077019929885864
    },
    "PINKY_DIP": {
        "x": 0.6900524497032166,
        "y": 0.493400514125824
    },
    "PINKY_TIP": {
        "x": 0.6652920246124268,
        "y": 0.48286566138267517
    }
}