{
    "WRIST": {
        "x": 0.8587549924850464,
        "y": 0.6075800657272339
    },
    "THUMB_CMC": {
        "x": 0.7645451426506042,
        "y": 0.5971357226371765
    },
    "THUMB_MCP": {
        "x": 0.7109471559524536,
        "y": 0.5783874988555908
    },
    "THUMB_IP": {
        "x": 0.6682702898979187,
        "y": 0.5725054144859314
    },
    "THUMB_TIP": {
        "x": 0.6347765922546387,
        "y": 0.5673336386680603
    },
    "INDEX_FINGER_MCP": {
        "x": 0.78522127866745,
        "y": 0.5118451714515686
    },
    "INDEX_FINGER_PIP": {
        "x": 0.7656696438789368,
        "y": 0.47054925560951233
    },
    "INDEX_FINGER_DIP": {
        "x": 0.7506759762763977,
        "y": 0.45410454273223877
    },
    "INDEX_FINGER_TIP": {
        "x": 0.741229772567749,
        "y": 0.4401736855506897
    },
    "MIDDLE_FINGER_MCP": {
        "x": 0.8089478015899658,
        "y": 0.5158770084381104
    },
    "MIDDLE_FINGER_PIP": {
        "x": 0.7154539823532104,
        "y": 0.5143431425094604
    },
    "MIDDLE_FINGER_DIP": {
        "x": 0.6762975454330444,
        "y": 0.5434342622756958
    },
    "MIDDLE_FINGER_TIP": {
        "x": 0.6651829481124878,
        "y": 0.5622264742851257
    },
    "RING_FINGER_MCP": {
        "x": 0.8136444091796875,
        "y": 0.5301744937896729
    },
    "RING_FINGER_PIP": {
        "x": 0.7206106185913086,
        "y": 0.5200502276420593
    },
    "RING_FINGER_DIP": {
        "x": 0.6795111894607544,
        "y": 0.5410192608833313
    },
    "RING_FINGER_TIP": {
        "x": 0.6690735220909119,
        "y": 0.5580383539199829
    },
    "PINKY_MCP": {
        "x": 0.8071433305740356,
        "y": 0.5473688840866089
    },
    "PINKY_PIP": {
        "x": 0.7460238933563232,
        "y": 0.5219101309776306
    },
    "PINKY_DIP": {
        "x": 0.7088983654975891,
        "y": 0.5149692893028259
    },
    "PINKY_TIP": {
        "x": 0.6886241436004639,
        "y": 0.5114262104034424
    }
}