{
    "WRIST": {
        "x": 0.8566210865974426,
        "y": 0.5679365396499634
    },
    "THUMB_CMC": {
        "x": 0.7679187655448914,
        "y": 0.5700544714927673
    },
    "THUMB_MCP": {
        "x": 0.716308057308197,
        "y": 0.5563278198242188
    },
    "THUMB_IP": {
        "x": 0.6699507832527161,
        "y": 0.5531502366065979
    },
    "THUMB_TIP": {
        "x": 0.6147251725196838,
        "y": 0.5511399507522583
    },
    "INDEX_FINGER_MCP": {
        "x": 0.7562718391418457,
        "y": 0.48061418533325195
    },
    "INDEX_FINGER_PIP": {
        "x": 0.7127220630645752,
        "y": 0.4509758949279785
    },
    "INDEX_FINGER_DIP": {
        "x": 0.6714172959327698,
        "y": 0.4450077414512634
    },
    "INDEX_FINGER_TIP": {
        "x": 0.6392616033554077,
        "y": 0.447220116853714
    },
    "MIDDLE_FINGER_MCP": {
        "x": 0.7817604541778564,
        "y": 0.4737473726272583
    },
    "MIDDLE_FINGER_PIP": {
        "x": 0.7247201800346375,
        "y": 0.43871816992759705
    },
    "MIDDLE_FINGER_DIP": {
        "x": 0.6706620454788208,
        "y": 0.4369455575942993
    },
    "MIDDLE_FINGER_TIP": {
        "x": 0.6317657232284546,
        "y": 0.43931061029434204
    },
    "RING_FINGER_MCP": {
        "x": 0.7969464659690857,
        "y": 0.4802844822406769
    },
    "RING_FINGER_PIP": {
        "x": 0.7361253499984741,
        "y": 0.44417786598205566
    },
    "RING_FINGER_DIP": {
        "x": 0.6783208250999451,
        "y": 0.44363635778427124
    },
    "RING_FINGER_TIP": {
        "x": 0.6365194320678711,
        "y": 0.4457310438156128
    },
    "PINKY_MCP": {
        "x": 0.7981293797492981,
        "y": 0.4944145679473877
    },
    "PINKY_PIP": {
        "x": 0.7383812665939331,
        "y": 0.47251465916633606
    },
    "PINKY_DIP": {
        "x": 0.688391923904419,
        "y": 0.4681898355484009
    },
    "PINKY_TIP": {
        "x": 0.6412442326545715,
        "y": 0.46558260917663574
    }
}