{
    "WRIST": {
        "x": 0.8156832456588745,
        "y": 0.5999335646629333
    },
    "THUMB_CMC": {
        "x": 0.7307916283607483,
        "y": 0.6055805683135986
    },
    "THUMB_MCP": {
        "x": 0.6760566830635071,
        "y": 0.5904995799064636
    },
    "THUMB_IP": {
        "x": 0.6306493878364563,
        "y": 0.5827237963676453
    },
    "THUMB_TIP": {
        "x": 0.6028401851654053,
        "y": 0.5741402506828308
    },
    "INDEX_FINGER_MCP": {
        "x": 0.7399972081184387,
        "y": 0.5281590819358826
    },
    "INDEX_FINGER_PIP": {
        "x": 0.7158722281455994,
        "y": 0.49328452348709106
    },
    "INDEX_FINGER_DIP": {
        "x": 0.7022643685340881,
        "y": 0.47840967774391174
    },
    "INDEX_FINGER_TIP": {
        "x": 0.6926055550575256,
        "y": 0.4664258658885956
    },
    "MIDDLE_FINGER_MCP": {
        "x": 0.7617124319076538,
        "y": 0.5243968963623047
    },
    "MIDDLE_FINGER_PIP": {
        "x": 0.6748946309089661,
        "y": 0.5134168267250061
    },
    "MIDDLE_FINGER_DIP": {
        "x": 0.6375613808631897,
        "y": 0.5376819968223572
    },
    "MIDDLE_FINGER_TIP": {
        "x": 0.6280235052108765,
        "y": 0.5534952878952026
    },
    "RING_FINGER_MCP": {
        "x": 0.7689277529716492,
        "y": 0.5293198823928833
    },
    "RING_FINGER_PIP": {
        "x": 0.6788466572761536,
        "y": 0.5176559686660767
    },
    "RING_FINGER_DIP": {
        "x": 0.6309165358543396,
        "y": 0.5413533449172974
    },
    "RING_FINGER_TIP": {
        "x": 0.6160963177680969,
        "y": 0.5591894388198853
    },
    "PINKY_MCP": {
        "x": 0.7644123435020447,
        "y": 0.540123701095581
    },
    "PINKY_PIP": {
        "x": 0.698950469493866,
        "y": 0.5243247747421265
    },
    "PINKY_DIP": {
        "x": 0.6563082933425903,
        "y": 0.5283336043357849
    },
    "PINKY_TIP": {
        "x": 0.633241593837738,
        "y": 0.5320723652839661
    }
}