{
    "WRIST": {
        "x": 0.8516426086425781,
        "y": 0.5544833540916443
    },
    "THUMB_CMC": {
        "x": 0.7622086405754089,
        "y": 0.5597884058952332
    },
    "THUMB_MCP": {
        "x": 0.7098755836486816,
        "y": 0.5512682199478149
    },
    "THUMB_IP": {
        "x": 0.6655272841453552,
        "y": 0.5509597063064575
    },
    "THUMB_TIP": {
        "x": 0.6164724230766296,
        "y": 0.5484431982040405
    },
    "INDEX_FINGER_MCP": {
        "x": 0.7484163641929626,
        "y": 0.47339800000190735
    },
    "INDEX_FINGER_PIP": {
        "x": 0.6975071430206299,
        "y": 0.45026710629463196
    },
    "INDEX_FINGER_DIP": {
        "x": 0.6518136262893677,
        "y": 0.45417430996894836
    },
    "INDEX_FINGER_TIP": {
        "x": 0.6202494502067566,
        "y": 0.46491292119026184
    },
    "MIDDLE_FINGER_MCP": {
        "x": 0.7721759676933289,
        "y": 0.4652036726474762
    },
    "MIDDLE_FINGER_PIP": {
        "x": 0.7177218198776245,
        "y": 0.4292845129966736
    },
    "MIDDLE_FINGER_DIP": {
        "x": 0.6677864193916321,
        "y": 0.42771318554878235
    },
    "MIDDLE_FINGER_TIP": {
        "x": 0.6345809698104858,
        "y": 0.4319682717323303
    },
    "RING_FINGER_MCP": {
        "x": 0.7877669334411621,
        "y": 0.47003602981567383
    },
    "RING_FINGER_PIP": {
        "x": 0.7291753888130188,
        "y": 0.432401180267334
    },
    "RING_FINGER_DIP": {
        "x": 0.6763176918029785,
        "y": 0.4312715530395508
    },
    "RING_FINGER_TIP": {
        "x": 0.6425230503082275,
        "y": 0.4344940781593323
    },
    "PINKY_MCP": {
        "x": 0.7912082076072693,
        "y": 0.4826430380344391
    },
    "PINKY_PIP": {
        "x": 0.7309460639953613,
        "y": 0.4614795446395874
    },
    "PINKY_DIP": {
        "x": 0.6824628710746765,
        "y": 0.458632230758667
    },
    "PINKY_TIP": {
        "x": 0.6420007944107056,
        "y": 0.4582303762435913
    }
}