{
    "WRIST": {
        "x": 0.7986591458320618,
        "y": 0.6250622868537903
    },
    "THUMB_CMC": {
        "x": 0.8404607772827148,
        "y": 0.6446644067764282
    },
    "THUMB_MCP": {
        "x": 0.8431281447410583,
        "y": 0.6689057350158691
    },
    "THUMB_IP": {
        "x": 0.8218836188316345,
        "y": 0.6890143752098083
    },
    "THUMB_TIP": {
        "x": 0.8043778538703918,
        "y": 0.6981505155563354
    },
    "INDEX_FINGER_MCP": {
        "x": 0.7985421419143677,
        "y": 0.6119834780693054
    },
    "INDEX_FINGER_PIP": {
        "x": 0.7593092322349548,
        "y": 0.6680952906608582
    },
    "INDEX_FINGER_DIP": {
        "x": 0.7572218179702759,
        "y": 0.7090693116188049
    },
    "INDEX_FINGER_TIP": {
        "x": 0.760249137878418,
        "y": 0.7404991388320923
    },
    "MIDDLE_FINGER_MCP": {
        "x": 0.7590194940567017,
        "y": 0.6112788319587708
    },
    "MIDDLE_FINGER_PIP": {
        "x": 0.7190321087837219,
        "y": 0.6782764792442322
    },
    "MIDDLE_FINGER_DIP": {
        "x": 0.7122094035148621,
        "y": 0.7278251647949219
    },
    "MIDDLE_FINGER_TIP": {
        "x": 0.7183984518051147,
        "y": 0.7685710191726685
    },
    "RING_FINGER_MCP": {
        "x": 0.7256327271461487,
        "y": 0.6226911544799805
    },
    "RING_FINGER_PIP": {
        "x": 0.6973090171813965,
        "y": 0.6902972459793091
    },
    "RING_FINGER_DIP": {
        "x": 0.7000710964202881,
        "y": 0.7362204194068909
    },
    "RING_FINGER_TIP": {
        "x": 0.707277774810791,
        "y": 0.7715668678283691
    },
    "PINKY_MCP": {
        "x": 0.6999341249465942,
        "y": 0.6381005644798279
    },
    "PINKY_PIP": {
        "x": 0.6753374338150024,
        "y": 0.690412700176239
    },
    "PINKY_DIP": {
        "x": 0.6798208951950073,
        "y": 0.7193566560745239
    },
    "PINKY_TIP": {
        "x": 0.6868829131126404,
        "y": 0.7425580024719238
    }
}