{
    "WRIST": {
        "x": 0.8065038919448853,
        "y": 0.6226271986961365
    },
    "THUMB_CMC": {
        "x": 0.8392975330352783,
        "y": 0.6405380964279175
    },
    "THUMB_MCP": {
        "x": 0.8379310965538025,
        "y": 0.6617142558097839
    },
    "THUMB_IP": {
        "x": 0.8266905546188354,
        "y": 0.6831890940666199
    },
    "THUMB_TIP": {
        "x": 0.8110955953598022,
        "y": 0.700373113155365
    },
    "INDEX_FINGER_MCP": {
        "x": 0.8138971328735352,
        "y": 0.6067450046539307
    },
    "INDEX_FINGER_PIP": {
        "x": 0.7635767459869385,
        "y": 0.6396433711051941
    },
    "INDEX_FINGER_DIP": {
        "x": 0.7494360208511353,
        "y": 0.6808467507362366
    },
    "INDEX_FINGER_TIP": {
        "x": 0.7489995956420898,
        "y": 0.7145349979400635
    },
    "MIDDLE_FINGER_MCP": {
        "x": 0.7792501449584961,
        "y": 0.605991005897522
    },
    "MIDDLE_FINGER_PIP": {
        "x": 0.723322331905365,
        "y": 0.6612581610679626
    },
    "MIDDLE_FINGER_DIP": {
        "x": 0.7158842086791992,
        "y": 0.7118213176727295
    },
    "MIDDLE_FINGER_TIP": {
        "x": 0.7238443493843079,
        "y": 0.7508251070976257
    },
    "RING_FINGER_MCP": {
        "x": 0.7443667650222778,
        "y": 0.6170404553413391
    },
    "RING_FINGER_PIP": {
        "x": 0.7001648545265198,
        "y": 0.6738291382789612
    },
    "RING_FINGER_DIP": {
        "x": 0.7086023092269897,
        "y": 0.7156350016593933
    },
    "RING_FINGER_TIP": {
        "x": 0.7213680744171143,
        "y": 0.7439804077148438
    },
    "PINKY_MCP": {
        "x": 0.710817813873291,
        "y": 0.6328823566436768
    },
    "PINKY_PIP": {
        "x": 0.6808592081069946,
        "y": 0.6752285361289978
    },
    "PINKY_DIP": {
        "x": 0.6861557960510254,
        "y": 0.7003368735313416
    },
    "PINKY_TIP": {
        "x": 0.6885857582092285,
        "y": 0.7191072106361389
    }
}