{
    "WRIST": {
        "x": 0.7951960563659668,
        "y": 0.5900624394416809
    },
    "THUMB_CMC": {
        "x": 0.741844654083252,
        "y": 0.5923669934272766
    },
    "THUMB_MCP": {
        "x": 0.7144243717193604,
        "y": 0.5754958987236023
    },
    "THUMB_IP": {
        "x": 0.7405354976654053,
        "y": 0.5657294392585754
    },
    "THUMB_TIP": {
        "x": 0.7771312594413757,
        "y": 0.554307222366333
    },
    "INDEX_FINGER_MCP": {
        "x": 0.7427356839179993,
        "y": 0.5080392956733704
    },
    "INDEX_FINGER_PIP": {
        "x": 0.7003203630447388,
        "y": 0.5080326795578003
    },
    "INDEX_FINGER_DIP": {
        "x": 0.6772246360778809,
        "y": 0.5360563397407532
    },
    "INDEX_FINGER_TIP": {
        "x": 0.666354238986969,
        "y": 0.5599746704101562
    },
    "MIDDLE_FINGER_MCP": {
        "x": 0.7888574600219727,
        "y": 0.5052114725112915
    },
    "MIDDLE_FINGER_PIP": {
        "x": 0.7524572610855103,
        "y": 0.5020901560783386
    },
    "MIDDLE_FINGER_DIP": {
        "x": 0.7188183665275574,
        "y": 0.5379847288131714
    },
    "MIDDLE_FINGER_TIP": {
        "x": 0.7010212540626526,
        "y": 0.5636666417121887
    },
    "RING_FINGER_MCP": {
        "x": 0.8337258100509644,
        "y": 0.5166480541229248
    },
    "RING_FINGER_PIP": {
        "x": 0.8126494288444519,
        "y": 0.5161361694335938
    },
    "RING_FINGER_DIP": {
        "x": 0.7748240828514099,
        "y": 0.5468972325325012
    },
    "RING_FINGER_TIP": {
        "x": 0.7530442476272583,
        "y": 0.5665438771247864
    },
    "PINKY_MCP": {
        "x": 0.8714187145233154,
        "y": 0.5358933806419373
    },
    "PINKY_PIP": {
        "x": 0.8570894002914429,
        "y": 0.545448899269104
    },
    "PINKY_DIP": {
        "x": 0.8246656656265259,
        "y": 0.5638694167137146
    },
    "PINKY_TIP": {
        "x": 0.8049158453941345,
        "y": 0.5742906928062439
    }
}