{
    "WRIST": {
        "x": 0.7940050363540649,
        "y": 0.5984886884689331
    },
    "THUMB_CMC": {
        "x": 0.745137095451355,
        "y": 0.6022292375564575
    },
    "THUMB_MCP": {
        "x": 0.718047559261322,
        "y": 0.5842891335487366
    },
    "THUMB_IP": {
        "x": 0.7505995631217957,
        "y": 0.5737360119819641
    },
    "THUMB_TIP": {
        "x": 0.7926254272460938,
        "y": 0.5605157017707825
    },
    "INDEX_FINGER_MCP": {
        "x": 0.7441497445106506,
        "y": 0.5129172205924988
    },
    "INDEX_FINGER_PIP": {
        "x": 0.7063605785369873,
        "y": 0.5053358674049377
    },
    "INDEX_FINGER_DIP": {
        "x": 0.6854831576347351,
        "y": 0.5329827666282654
    },
    "INDEX_FINGER_TIP": {
        "x": 0.6779470443725586,
        "y": 0.5568047165870667
    },
    "MIDDLE_FINGER_MCP": {
        "x": 0.7906492352485657,
        "y": 0.5095848441123962
    },
    "MIDDLE_FINGER_PIP": {
        "x": 0.7584853172302246,
        "y": 0.4989479184150696
    },
    "MIDDLE_FINGER_DIP": {
        "x": 0.7239261865615845,
        "y": 0.5338717103004456
    },
    "MIDDLE_FINGER_TIP": {
        "x": 0.7065260410308838,
        "y": 0.5595521926879883
    },
    "RING_FINGER_MCP": {
        "x": 0.8364425897598267,
        "y": 0.5201210379600525
    },
    "RING_FINGER_PIP": {
        "x": 0.8155199885368347,
        "y": 0.5139325857162476
    },
    "RING_FINGER_DIP": {
        "x": 0.7763476967811584,
        "y": 0.5442541241645813
    },
    "RING_FINGER_TIP": {
        "x": 0.755293607711792,
        "y": 0.5645309686660767
    },
    "PINKY_MCP": {
        "x": 0.8749086856842041,
        "y": 0.5386978387832642
    },
    "PINKY_PIP": {
        "x": 0.8546440601348877,
        "y": 0.5452262759208679
    },
    "PINKY_DIP": {
        "x": 0.8210310935974121,
        "y": 0.5639232397079468
    },
    "PINKY_TIP": {
        "x": 0.800495445728302,
        "y": 0.5752126574516296
    }
}