{
    "WRIST": {
        "x": 0.757716715335846,
        "y": 0.6072441935539246
    },
    "THUMB_CMC": {
        "x": 0.715531051158905,
        "y": 0.59874427318573
    },
    "THUMB_MCP": {
        "x": 0.7032209634780884,
        "y": 0.5686937570571899
    },
    "THUMB_IP": {
        "x": 0.7399566769599915,
        "y": 0.5529482364654541
    },
    "THUMB_TIP": {
        "x": 0.7794275879859924,
        "y": 0.5406808853149414
    },
    "INDEX_FINGER_MCP": {
        "x": 0.7321364283561707,
        "y": 0.5136158466339111
    },
    "INDEX_FINGER_PIP": {
        "x": 0.7033171653747559,
        "y": 0.5044175386428833
    },
    "INDEX_FINGER_DIP": {
        "x": 0.6818912029266357,
        "y": 0.5381701588630676
    },
    "INDEX_FINGER_TIP": {
        "x": 0.6693863868713379,
        "y": 0.5635481476783752
    },
    "MIDDLE_FINGER_MCP": {
        "x": 0.7802017331123352,
        "y": 0.5144475698471069
    },
    "MIDDLE_FINGER_PIP": {
        "x": 0.7526695132255554,
        "y": 0.5040849447250366
    },
    "MIDDLE_FINGER_DIP": {
        "x": 0.7160407304763794,
        "y": 0.5389795899391174
    },
    "MIDDLE_FINGER_TIP": {
        "x": 0.6945962905883789,
        "y": 0.5650616884231567
    },
    "RING_FINGER_MCP": {
        "x": 0.8240846395492554,
        "y": 0.5269767045974731
    },
    "RING_FINGER_PIP": {
        "x": 0.8088540434837341,
        "y": 0.5165290832519531
    },
    "RING_FINGER_DIP": {
        "x": 0.7710596919059753,
        "y": 0.5459648370742798
    },
    "RING_FINGER_TIP": {
        "x": 0.7504825592041016,
        "y": 0.5672184228897095
    },
    "PINKY_MCP": {
        "x": 0.8583247065544128,
        "y": 0.5458827614784241
    },
    "PINKY_PIP": {
        "x": 0.8503205180168152,
        "y": 0.5456250309944153
    },
    "PINKY_DIP": {
        "x": 0.8178389072418213,
        "y": 0.5610584020614624
    },
    "PINKY_TIP": {
        "x": 0.7972185611724854,
        "y": 0.5700821876525879
    }
}