{
    "WRIST": {
        "x": 0.780484676361084,
        "y": 0.6205241680145264
    },
    "THUMB_CMC": {
        "x": 0.8210044503211975,
        "y": 0.6465311050415039
    },
    "THUMB_MCP": {
        "x": 0.8338006734848022,
        "y": 0.661637008190155
    },
    "THUMB_IP": {
        "x": 0.8300470113754272,
        "y": 0.6763982772827148
    },
    "THUMB_TIP": {
        "x": 0.8208937644958496,
        "y": 0.6906667947769165
    },
    "INDEX_FINGER_MCP": {
        "x": 0.7927213907241821,
        "y": 0.6252551674842834
    },
    "INDEX_FINGER_PIP": {
        "x": 0.7915880680084229,
        "y": 0.6734447479248047
    },
    "INDEX_FINGER_DIP": {
        "x": 0.8020453453063965,
        "y": 0.7138746976852417
    },
    "INDEX_FINGER_TIP": {
        "x": 0.812322199344635,
        "y": 0.7446132898330688
    },
    "MIDDLE_FINGER_MCP": {
        "x": 0.7534934878349304,
        "y": 0.6137341260910034
    },
    "MIDDLE_FINGER_PIP": {
        "x": 0.7390192747116089,
        "y": 0.6694502234458923
    },
    "MIDDLE_FINGER_DIP": {
        "x": 0.7505308389663696,
        "y": 0.7244926691055298
    },
    "MIDDLE_FINGER_TIP": {
        "x": 0.7659590244293213,
        "y": 0.7646947503089905
    },
    "RING_FINGER_MCP": {
        "x": 0.727442741394043,
        "y": 0.6133244633674622
    },
    "RING_FINGER_PIP": {
        "x": 0.7055565714836121,
        "y": 0.6652660965919495
    },
    "RING_FINGER_DIP": {
        "x": 0.721161425113678,
        "y": 0.7162134051322937
    },
    "RING_FINGER_TIP": {
        "x": 0.7362906336784363,
        "y": 0.7505296468734741
    },
    "PINKY_MCP": {
        "x": 0.7035342454910278,
        "y": 0.6197695136070251
    },
    "PINKY_PIP": {
        "x": 0.69221031665802,
        "y": 0.6622536182403564
    },
    "PINKY_DIP": {
        "x": 0.7026365995407104,
        "y": 0.695309042930603
    },
    "PINKY_TIP": {
        "x": 0.7126555442810059,
        "y": 0.7227054238319397
    }
}