{
    "WRIST": {
        "x": 0.8086170554161072,
        "y": 0.5494270324707031
    },
    "THUMB_CMC": {
        "x": 0.8065019845962524,
        "y": 0.5794235467910767
    },
    "THUMB_MCP": {
        "x": 0.7918313145637512,
        "y": 0.6064354181289673
    },
    "THUMB_IP": {
        "x": 0.7870184779167175,
        "y": 0.6314736604690552
    },
    "THUMB_TIP": {
        "x": 0.7803824543952942,
        "y": 0.6555078029632568
    },
    "INDEX_FINGER_MCP": {
        "x": 0.7747287750244141,
        "y": 0.553070604801178
    },
    "INDEX_FINGER_PIP": {
        "x": 0.7520247101783752,
        "y": 0.6124429702758789
    },
    "INDEX_FINGER_DIP": {
        "x": 0.749296247959137,
        "y": 0.6575451493263245
    },
    "INDEX_FINGER_TIP": {
        "x": 0.7549892067909241,
        "y": 0.6935909986495972
    },
    "MIDDLE_FINGER_MCP": {
        "x": 0.770702600479126,
        "y": 0.5436572432518005
    },
    "MIDDLE_FINGER_PIP": {
        "x": 0.7399921417236328,
        "y": 0.6160308122634888
    },
    "MIDDLE_FINGER_DIP": {
        "x": 0.7338634729385376,
        "y": 0.6660566926002502
    },
    "MIDDLE_FINGER_TIP": {
        "x": 0.7417016625404358,
        "y": 0.7004608511924744
    },
    "RING_FINGER_MCP": {
        "x": 0.7683881521224976,
        "y": 0.5459946393966675
    },
    "RING_FINGER_PIP": {
        "x": 0.7377867102622986,
        "y": 0.6135907769203186
    },
    "RING_FINGER_DIP": {
        "x": 0.7421265244483948,
        "y": 0.657089352607727
    },
    "RING_FINGER_TIP": {
        "x": 0.7512069344520569,
        "y": 0.6837535500526428
    },
    "PINKY_MCP": {
        "x": 0.7621948719024658,
        "y": 0.5565318465232849
    },
    "PINKY_PIP": {
        "x": 0.7447540163993835,
        "y": 0.6080077290534973
    },
    "PINKY_DIP": {
        "x": 0.7516157031059265,
        "y": 0.6368612051010132
    },
    "PINKY_TIP": {
        "x": 0.7545496225357056,
        "y": 0.6573886275291443
    }
}