{
    "WRIST": {
        "x": 0.7925116419792175,
        "y": 0.6267758011817932
    },
    "THUMB_CMC": {
        "x": 0.8441438674926758,
        "y": 0.6552152633666992
    },
    "THUMB_MCP": {
        "x": 0.8591077923774719,
        "y": 0.6749386191368103
    },
    "THUMB_IP": {
        "x": 0.8452010154724121,
        "y": 0.6938052177429199
    },
    "THUMB_TIP": {
        "x": 0.8245531320571899,
        "y": 0.7053521275520325
    },
    "INDEX_FINGER_MCP": {
        "x": 0.8012937903404236,
        "y": 0.6161340475082397
    },
    "INDEX_FINGER_PIP": {
        "x": 0.7640838623046875,
        "y": 0.6745964884757996
    },
    "INDEX_FINGER_DIP": {
        "x": 0.76291823387146,
        "y": 0.7254082560539246
    },
    "INDEX_FINGER_TIP": {
        "x": 0.7686565518379211,
        "y": 0.7632713317871094
    },
    "MIDDLE_FINGER_MCP": {
        "x": 0.7519475221633911,
        "y": 0.6081634759902954
    },
    "MIDDLE_FINGER_PIP": {
        "x": 0.7170751094818115,
        "y": 0.6844687461853027
    },
    "MIDDLE_FINGER_DIP": {
        "x": 0.7254306674003601,
        "y": 0.7438745498657227
    },
    "MIDDLE_FINGER_TIP": {
        "x": 0.7445154786109924,
        "y": 0.7878867387771606
    },
    "RING_FINGER_MCP": {
        "x": 0.7137395739555359,
        "y": 0.6127305030822754
    },
    "RING_FINGER_PIP": {
        "x": 0.6847936511039734,
        "y": 0.6823258996009827
    },
    "RING_FINGER_DIP": {
        "x": 0.7052344083786011,
        "y": 0.7311064600944519
    },
    "RING_FINGER_TIP": {
        "x": 0.7241283059120178,
        "y": 0.7648934125900269
    },
    "PINKY_MCP": {
        "x": 0.682838499546051,
        "y": 0.6247186660766602
    },
    "PINKY_PIP": {
        "x": 0.6613492369651794,
        "y": 0.6774859428405762
    },
    "PINKY_DIP": {
        "x": 0.6756945848464966,
        "y": 0.7051260471343994
    },
    "PINKY_TIP": {
        "x": 0.6875280737876892,
        "y": 0.7267401218414307
    }
}