{
    "WRIST": {
        "x": 0.8008216023445129,
        "y": 0.6376149654388428
    },
    "THUMB_CMC": {
        "x": 0.8494735360145569,
        "y": 0.646029531955719
    },
    "THUMB_MCP": {
        "x": 0.8596497774124146,
        "y": 0.6533624529838562
    },
    "THUMB_IP": {
        "x": 0.8396803140640259,
        "y": 0.6722539663314819
    },
    "THUMB_TIP": {
        "x": 0.8158556818962097,
        "y": 0.6911249160766602
    },
    "INDEX_FINGER_MCP": {
        "x": 0.7984312176704407,
        "y": 0.606167197227478
    },
    "INDEX_FINGER_PIP": {
        "x": 0.7556979656219482,
        "y": 0.6400168538093567
    },
    "INDEX_FINGER_DIP": {
        "x": 0.7489340901374817,
        "y": 0.6811481714248657
    },
    "INDEX_FINGER_TIP": {
        "x": 0.7543880343437195,
        "y": 0.7148593664169312
    },
    "MIDDLE_FINGER_MCP": {
        "x": 0.7479768395423889,
        "y": 0.6084802150726318
    },
    "MIDDLE_FINGER_PIP": {
        "x": 0.7102746963500977,
        "y": 0.6618942022323608
    },
    "MIDDLE_FINGER_DIP": {
        "x": 0.7198675870895386,
        "y": 0.7188728451728821
    },
    "MIDDLE_FINGER_TIP": {
        "x": 0.7402472496032715,
        "y": 0.7608171105384827
    },
    "RING_FINGER_MCP": {
        "x": 0.7168121933937073,
        "y": 0.6220460534095764
    },
    "RING_FINGER_PIP": {
        "x": 0.6864780783653259,
        "y": 0.6710394024848938
    },
    "RING_FINGER_DIP": {
        "x": 0.7024513483047485,
        "y": 0.7212966680526733
    },
    "RING_FINGER_TIP": {
        "x": 0.7222475409507751,
        "y": 0.7549886107444763
    },
    "PINKY_MCP": {
        "x": 0.6908746957778931,
        "y": 0.638512909412384
    },
    "PINKY_PIP": {
        "x": 0.6735407114028931,
        "y": 0.6758676767349243
    },
    "PINKY_DIP": {
        "x": 0.6880881786346436,
        "y": 0.7075948715209961
    },
    "PINKY_TIP": {
        "x": 0.6999061703681946,
        "y": 0.732663631439209
    }
}