{
    "WRIST": {
        "x": 0.7437960505485535,
        "y": 0.6733677983283997
    },
    "THUMB_CMC": {
        "x": 0.8137781023979187,
        "y": 0.6807422637939453
    },
    "THUMB_MCP": {
        "x": 0.8560096025466919,
        "y": 0.7025862336158752
    },
    "THUMB_IP": {
        "x": 0.8643725514411926,
        "y": 0.7217960953712463
    },
    "THUMB_TIP": {
        "x": 0.8418181538581848,
        "y": 0.7115218639373779
    },
    "INDEX_FINGER_MCP": {
        "x": 0.818079948425293,
        "y": 0.6291767358779907
    },
    "INDEX_FINGER_PIP": {
        "x": 0.8280921578407288,
        "y": 0.6886566877365112
    },
    "INDEX_FINGER_DIP": {
        "x": 0.8261201977729797,
        "y": 0.7047317624092102
    },
    "INDEX_FINGER_TIP": {
        "x": 0.8138607144355774,
        "y": 0.7087870240211487
    },
    "MIDDLE_FINGER_MCP": {
        "x": 0.7795323133468628,
        "y": 0.6194620728492737
    },
    "MIDDLE_FINGER_PIP": {
        "x": 0.7786774635314941,
        "y": 0.7001911997795105
    },
    "MIDDLE_FINGER_DIP": {
        "x": 0.7767006158828735,
        "y": 0.7493277788162231
    },
    "MIDDLE_FINGER_TIP": {
        "x": 0.772470235824585,
        "y": 0.7801401615142822
    },
    "RING_FINGER_MCP": {
        "x": 0.7408014535903931,
        "y": 0.629584789276123
    },
    "RING_FINGER_PIP": {
        "x": 0.7411246299743652,
        "y": 0.7149399518966675
    },
    "RING_FINGER_DIP": {
        "x": 0.7403414845466614,
        "y": 0.7658984065055847
    },
    "RING_FINGER_TIP": {
        "x": 0.7408229112625122,
        "y": 0.7960608005523682
    },
    "PINKY_MCP": {
        "x": 0.7077586054801941,
        "y": 0.6504421234130859
    },
    "PINKY_PIP": {
        "x": 0.7150811553001404,
        "y": 0.7108687162399292
    },
    "PINKY_DIP": {
        "x": 0.7254717350006104,
        "y": 0.7390028238296509
    },
    "PINKY_TIP": {
        "x": 0.7346664071083069,
        "y": 0.75259929895401
    }
}