{
    "WRIST": {
        "x": 0.7780218124389648,
        "y": 0.670019805431366
    },
    "THUMB_CMC": {
        "x": 0.7483786940574646,
        "y": 0.6791741847991943
    },
    "THUMB_MCP": {
        "x": 0.7608017325401306,
        "y": 0.6943681836128235
    },
    "THUMB_IP": {
        "x": 0.7957078814506531,
        "y": 0.7135272026062012
    },
    "THUMB_TIP": {
        "x": 0.8165246248245239,
        "y": 0.7127328515052795
    },
    "INDEX_FINGER_MCP": {
        "x": 0.7270764708518982,
        "y": 0.6216520071029663
    },
    "INDEX_FINGER_PIP": {
        "x": 0.7548986673355103,
        "y": 0.6901927590370178
    },
    "INDEX_FINGER_DIP": {
        "x": 0.763629674911499,
        "y": 0.7115156054496765
    },
    "INDEX_FINGER_TIP": {
        "x": 0.7626115679740906,
        "y": 0.7183408737182617
    },
    "MIDDLE_FINGER_MCP": {
        "x": 0.7711291909217834,
        "y": 0.6086397171020508
    },
    "MIDDLE_FINGER_PIP": {
        "x": 0.7721643447875977,
        "y": 0.6985242366790771
    },
    "MIDDLE_FINGER_DIP": {
        "x": 0.7682616114616394,
        "y": 0.7485126852989197
    },
    "MIDDLE_FINGER_TIP": {
        "x": 0.7616241574287415,
        "y": 0.7771475315093994
    },
    "RING_FINGER_MCP": {
        "x": 0.8144789338111877,
        "y": 0.6159164905548096
    },
    "RING_FINGER_PIP": {
        "x": 0.820842981338501,
        "y": 0.706378161907196
    },
    "RING_FINGER_DIP": {
        "x": 0.8067156076431274,
        "y": 0.7364835143089294
    },
    "RING_FINGER_TIP": {
        "x": 0.794791579246521,
        "y": 0.7424008846282959
    },
    "PINKY_MCP": {
        "x": 0.8496152758598328,
        "y": 0.6356324553489685
    },
    "PINKY_PIP": {
        "x": 0.8415461182594299,
        "y": 0.700082004070282
    },
    "PINKY_DIP": {
        "x": 0.8259239196777344,
        "y": 0.7180543541908264
    },
    "PINKY_TIP": {
        "x": 0.8136074542999268,
        "y": 0.7188625335693359
    }
}