{
    "WRIST": {
        "x": 0.7570877075195312,
        "y": 0.6099269986152649
    },
    "THUMB_CMC": {
        "x": 0.7106744647026062,
        "y": 0.5981094837188721
    },
    "THUMB_MCP": {
        "x": 0.6938720941543579,
        "y": 0.5663105845451355
    },
    "THUMB_IP": {
        "x": 0.7066509127616882,
        "y": 0.550579309463501
    },
    "THUMB_TIP": {
        "x": 0.7263656258583069,
        "y": 0.5419790744781494
    },
    "INDEX_FINGER_MCP": {
        "x": 0.7164911031723022,
        "y": 0.512213945388794
    },
    "INDEX_FINGER_PIP": {
        "x": 0.7023975849151611,
        "y": 0.4803919196128845
    },
    "INDEX_FINGER_DIP": {
        "x": 0.6863681077957153,
        "y": 0.46713539958000183
    },
    "INDEX_FINGER_TIP": {
        "x": 0.6717029213905334,
        "y": 0.45705467462539673
    },
    "MIDDLE_FINGER_MCP": {
        "x": 0.7718062400817871,
        "y": 0.5147631168365479
    },
    "MIDDLE_FINGER_PIP": {
        "x": 0.7417320609092712,
        "y": 0.5125930309295654
    },
    "MIDDLE_FINGER_DIP": {
        "x": 0.7125332951545715,
        "y": 0.5515033006668091
    },
    "MIDDLE_FINGER_TIP": {
        "x": 0.6956024765968323,
        "y": 0.5763255953788757
    },
    "RING_FINGER_MCP": {
        "x": 0.8236205577850342,
        "y": 0.5288634896278381
    },
    "RING_FINGER_PIP": {
        "x": 0.7943628430366516,
        "y": 0.5263943076133728
    },
    "RING_FINGER_DIP": {
        "x": 0.7598804831504822,
        "y": 0.5586568713188171
    },
    "RING_FINGER_TIP": {
        "x": 0.7434132695198059,
        "y": 0.5780271291732788
    },
    "PINKY_MCP": {
        "x": 0.8698451519012451,
        "y": 0.5469228625297546
    },
    "PINKY_PIP": {
        "x": 0.8518201112747192,
        "y": 0.5455973744392395
    },
    "PINKY_DIP": {
        "x": 0.8188098073005676,
        "y": 0.5619262456893921
    },
    "PINKY_TIP": {
        "x": 0.8001163601875305,
        "y": 0.5684062838554382
    }
}