{
    "WRIST": {
        "x": 0.7722362279891968,
        "y": 0.6026557087898254
    },
    "THUMB_CMC": {
        "x": 0.7280266284942627,
        "y": 0.5975160598754883
    },
    "THUMB_MCP": {
        "x": 0.7073146104812622,
        "y": 0.5719352960586548
    },
    "THUMB_IP": {
        "x": 0.7382887601852417,
        "y": 0.5567202568054199
    },
    "THUMB_TIP": {
        "x": 0.7777794003486633,
        "y": 0.5437049865722656
    },
    "INDEX_FINGER_MCP": {
        "x": 0.7372772693634033,
        "y": 0.5140101909637451
    },
    "INDEX_FINGER_PIP": {
        "x": 0.700789749622345,
        "y": 0.5028790831565857
    },
    "INDEX_FINGER_DIP": {
        "x": 0.6773043870925903,
        "y": 0.5353763103485107
    },
    "INDEX_FINGER_TIP": {
        "x": 0.6663509607315063,
        "y": 0.5624414682388306
    },
    "MIDDLE_FINGER_MCP": {
        "x": 0.7845559120178223,
        "y": 0.5130780339241028
    },
    "MIDDLE_FINGER_PIP": {
        "x": 0.7543119192123413,
        "y": 0.5023874640464783
    },
    "MIDDLE_FINGER_DIP": {
        "x": 0.7173282504081726,
        "y": 0.5379266738891602
    },
    "MIDDLE_FINGER_TIP": {
        "x": 0.6968666911125183,
        "y": 0.564744234085083
    },
    "RING_FINGER_MCP": {
        "x": 0.8290739059448242,
        "y": 0.5243911743164062
    },
    "RING_FINGER_PIP": {
        "x": 0.8143242001533508,
        "y": 0.5185137391090393
    },
    "RING_FINGER_DIP": {
        "x": 0.7775002121925354,
        "y": 0.5488279461860657
    },
    "RING_FINGER_TIP": {
        "x": 0.7578905820846558,
        "y": 0.5686202049255371
    },
    "PINKY_MCP": {
        "x": 0.8651102185249329,
        "y": 0.5415981411933899
    },
    "PINKY_PIP": {
        "x": 0.8550348281860352,
        "y": 0.5496867299079895
    },
    "PINKY_DIP": {
        "x": 0.8225225806236267,
        "y": 0.5668185949325562
    },
    "PINKY_TIP": {
        "x": 0.8045132756233215,
        "y": 0.5749938488006592
    }
}