{
    "WRIST": {
        "x": 0.7823356986045837,
        "y": 0.5834944844245911
    },
    "THUMB_CMC": {
        "x": 0.725828230381012,
        "y": 0.5805769562721252
    },
    "THUMB_MCP": {
        "x": 0.7053730487823486,
        "y": 0.5661233067512512
    },
    "THUMB_IP": {
        "x": 0.716210663318634,
        "y": 0.563888430595398
    },
    "THUMB_TIP": {
        "x": 0.7371432781219482,
        "y": 0.5668677091598511
    },
    "INDEX_FINGER_MCP": {
        "x": 0.7305432558059692,
        "y": 0.5152043700218201
    },
    "INDEX_FINGER_PIP": {
        "x": 0.7141380906105042,
        "y": 0.5331624150276184
    },
    "INDEX_FINGER_DIP": {
        "x": 0.7106900215148926,
        "y": 0.5651516318321228
    },
    "INDEX_FINGER_TIP": {
        "x": 0.707334578037262,
        "y": 0.5832189917564392
    },
    "MIDDLE_FINGER_MCP": {
        "x": 0.7860592007637024,
        "y": 0.5140012502670288
    },
    "MIDDLE_FINGER_PIP": {
        "x": 0.7649694681167603,
        "y": 0.5341168642044067
    },
    "MIDDLE_FINGER_DIP": {
        "x": 0.7480248212814331,
        "y": 0.5748220682144165
    },
    "MIDDLE_FINGER_TIP": {
        "x": 0.7336600422859192,
        "y": 0.5969569683074951
    },
    "RING_FINGER_MCP": {
        "x": 0.8363367915153503,
        "y": 0.5241644382476807
    },
    "RING_FINGER_PIP": {
        "x": 0.8208507299423218,
        "y": 0.5437746047973633
    },
    "RING_FINGER_DIP": {
        "x": 0.7972474694252014,
        "y": 0.5756945610046387
    },
    "RING_FINGER_TIP": {
        "x": 0.7802916169166565,
        "y": 0.5905748009681702
    },
    "PINKY_MCP": {
        "x": 0.8788453340530396,
        "y": 0.5391901135444641
    },
    "PINKY_PIP": {
        "x": 0.8719630837440491,
        "y": 0.5513464212417603
    },
    "PINKY_DIP": {
        "x": 0.8472834825515747,
        "y": 0.5707657933235168
    },
    "PINKY_TIP": {
        "x": 0.8261998295783997,
        "y": 0.5787099599838257
    }
}