{
    "WRIST": {
        "x": 0.7953109741210938,
        "y": 0.5279191732406616
    },
    "THUMB_CMC": {
        "x": 0.7469701766967773,
        "y": 0.5436078906059265
    },
    "THUMB_MCP": {
        "x": 0.7296866178512573,
        "y": 0.5545421838760376
    },
    "THUMB_IP": {
        "x": 0.7358559966087341,
        "y": 0.5708037614822388
    },
    "THUMB_TIP": {
        "x": 0.7453519701957703,
        "y": 0.5875979661941528
    },
    "INDEX_FINGER_MCP": {
        "x": 0.7502382397651672,
        "y": 0.5285109281539917
    },
    "INDEX_FINGER_PIP": {
        "x": 0.7334511280059814,
        "y": 0.5584028959274292
    },
    "INDEX_FINGER_DIP": {
        "x": 0.7269881963729858,
        "y": 0.5906212329864502
    },
    "INDEX_FINGER_TIP": {
        "x": 0.7204080820083618,
        "y": 0.6114169359207153
    },
    "MIDDLE_FINGER_MCP": {
        "x": 0.802130937576294,
        "y": 0.5287264585494995
    },
    "MIDDLE_FINGER_PIP": {
        "x": 0.7887763977050781,
        "y": 0.5623417496681213
    },
    "MIDDLE_FINGER_DIP": {
        "x": 0.7657196521759033,
        "y": 0.6008321046829224
    },
    "MIDDLE_FINGER_TIP": {
        "x": 0.7447497844696045,
        "y": 0.622044026851654
    },
    "RING_FINGER_MCP": {
        "x": 0.8446250557899475,
        "y": 0.536415696144104
    },
    "RING_FINGER_PIP": {
        "x": 0.8367555141448975,
        "y": 0.5741539597511292
    },
    "RING_FINGER_DIP": {
        "x": 0.8036779165267944,
        "y": 0.6066182851791382
    },
    "RING_FINGER_TIP": {
        "x": 0.7760288119316101,
        "y": 0.6228533387184143
    },
    "PINKY_MCP": {
        "x": 0.8765184283256531,
        "y": 0.5437361001968384
    },
    "PINKY_PIP": {
        "x": 0.8759137988090515,
        "y": 0.5732922554016113
    },
    "PINKY_DIP": {
        "x": 0.8477315306663513,
        "y": 0.5958369970321655
    },
    "PINKY_TIP": {
        "x": 0.8211652040481567,
        "y": 0.6075887680053711
    }
}