{
    "WRIST": {
        "x": 0.7888652086257935,
        "y": 0.6041303873062134
    },
    "THUMB_CMC": {
        "x": 0.7344456315040588,
        "y": 0.5992007255554199
    },
    "THUMB_MCP": {
        "x": 0.7112076282501221,
        "y": 0.5740521550178528
    },
    "THUMB_IP": {
        "x": 0.7335478067398071,
        "y": 0.5625324845314026
    },
    "THUMB_TIP": {
        "x": 0.7692911028862,
        "y": 0.551404595375061
    },
    "INDEX_FINGER_MCP": {
        "x": 0.7267374992370605,
        "y": 0.5020945072174072
    },
    "INDEX_FINGER_PIP": {
        "x": 0.7035051584243774,
        "y": 0.4583955407142639
    },
    "INDEX_FINGER_DIP": {
        "x": 0.6881951689720154,
        "y": 0.42605823278427124
    },
    "INDEX_FINGER_TIP": {
        "x": 0.6742024421691895,
        "y": 0.395501047372818
    },
    "MIDDLE_FINGER_MCP": {
        "x": 0.7841803431510925,
        "y": 0.5021262764930725
    },
    "MIDDLE_FINGER_PIP": {
        "x": 0.7499538064002991,
        "y": 0.4892657995223999
    },
    "MIDDLE_FINGER_DIP": {
        "x": 0.7220209836959839,
        "y": 0.5158045291900635
    },
    "MIDDLE_FINGER_TIP": {
        "x": 0.7026107907295227,
        "y": 0.5251190066337585
    },
    "RING_FINGER_MCP": {
        "x": 0.837202787399292,
        "y": 0.5180574059486389
    },
    "RING_FINGER_PIP": {
        "x": 0.8062043190002441,
        "y": 0.5208658576011658
    },
    "RING_FINGER_DIP": {
        "x": 0.7741924524307251,
        "y": 0.5540439486503601
    },
    "RING_FINGER_TIP": {
        "x": 0.7547572255134583,
        "y": 0.5708076357841492
    },
    "PINKY_MCP": {
        "x": 0.8831154108047485,
        "y": 0.5409427881240845
    },
    "PINKY_PIP": {
        "x": 0.858950674533844,
        "y": 0.5525249242782593
    },
    "PINKY_DIP": {
        "x": 0.8284799456596375,
        "y": 0.5725857019424438
    },
    "PINKY_TIP": {
        "x": 0.8114924430847168,
        "y": 0.5797812938690186
    }
}