{
    "WRIST": {
        "x": 0.7331399321556091,
        "y": 0.6428884267807007
    },
    "THUMB_CMC": {
        "x": 0.6709469556808472,
        "y": 0.6295133829116821
    },
    "THUMB_MCP": {
        "x": 0.6370612978935242,
        "y": 0.5905133485794067
    },
    "THUMB_IP": {
        "x": 0.6478554010391235,
        "y": 0.5598089098930359
    },
    "THUMB_TIP": {
        "x": 0.6757131218910217,
        "y": 0.5395232439041138
    },
    "INDEX_FINGER_MCP": {
        "x": 0.6516184210777283,
        "y": 0.5196123719215393
    },
    "INDEX_FINGER_PIP": {
        "x": 0.6199597120285034,
        "y": 0.47228503227233887
    },
    "INDEX_FINGER_DIP": {
        "x": 0.599382758140564,
        "y": 0.4431452751159668
    },
    "INDEX_FINGER_TIP": {
        "x": 0.5834786891937256,
        "y": 0.416311115026474
    },
    "MIDDLE_FINGER_MCP": {
        "x": 0.7090041041374207,
        "y": 0.5182395577430725
    },
    "MIDDLE_FINGER_PIP": {
        "x": 0.7392982840538025,
        "y": 0.460721880197525
    },
    "MIDDLE_FINGER_DIP": {
        "x": 0.7544558048248291,
        "y": 0.42404597997665405
    },
    "MIDDLE_FINGER_TIP": {
        "x": 0.767315685749054,
        "y": 0.3930106461048126
    },
    "RING_FINGER_MCP": {
        "x": 0.7511530518531799,
        "y": 0.53519606590271
    },
    "RING_FINGER_PIP": {
        "x": 0.7347373962402344,
        "y": 0.5145197510719299
    },
    "RING_FINGER_DIP": {
        "x": 0.7002852559089661,
        "y": 0.5399659276008606
    },
    "RING_FINGER_TIP": {
        "x": 0.6863957643508911,
        "y": 0.5588257312774658
    },
    "PINKY_MCP": {
        "x": 0.7770653367042542,
        "y": 0.5575758218765259
    },
    "PINKY_PIP": {
        "x": 0.745974600315094,
        "y": 0.5536314249038696
    },
    "PINKY_DIP": {
        "x": 0.7065613269805908,
        "y": 0.5698355436325073
    },
    "PINKY_TIP": {
        "x": 0.6794225573539734,
        "y": 0.5838728547096252
    }
}