{
    "WRIST": {
        "x": 0.7548664808273315,
        "y": 0.6375855803489685
    },
    "THUMB_CMC": {
        "x": 0.6914886832237244,
        "y": 0.6282110214233398
    },
    "THUMB_MCP": {
        "x": 0.6525596380233765,
        "y": 0.592876672744751
    },
    "THUMB_IP": {
        "x": 0.6634268164634705,
        "y": 0.5600358247756958
    },
    "THUMB_TIP": {
        "x": 0.6907848119735718,
        "y": 0.5391494035720825
    },
    "INDEX_FINGER_MCP": {
        "x": 0.6504446268081665,
        "y": 0.5241636633872986
    },
    "INDEX_FINGER_PIP": {
        "x": 0.6170118451118469,
        "y": 0.4787505567073822
    },
    "INDEX_FINGER_DIP": {
        "x": 0.5983386039733887,
        "y": 0.4547955393791199
    },
    "INDEX_FINGER_TIP": {
        "x": 0.5833386778831482,
        "y": 0.4394708573818207
    },
    "MIDDLE_FINGER_MCP": {
        "x": 0.7089645266532898,
        "y": 0.5179046988487244
    },
    "MIDDLE_FINGER_PIP": {
        "x": 0.7226178646087646,
        "y": 0.46265703439712524
    },
    "MIDDLE_FINGER_DIP": {
        "x": 0.7147369384765625,
        "y": 0.4450019299983978
    },
    "MIDDLE_FINGER_TIP": {
        "x": 0.7086073160171509,
        "y": 0.44252437353134155
    },
    "RING_FINGER_MCP": {
        "x": 0.7581878304481506,
        "y": 0.5306401252746582
    },
    "RING_FINGER_PIP": {
        "x": 0.7397008538246155,
        "y": 0.5166637897491455
    },
    "RING_FINGER_DIP": {
        "x": 0.7137052416801453,
        "y": 0.5502233505249023
    },
    "RING_FINGER_TIP": {
        "x": 0.7051597833633423,
        "y": 0.5724307894706726
    },
    "PINKY_MCP": {
        "x": 0.7915024757385254,
        "y": 0.5518159866333008
    },
    "PINKY_PIP": {
        "x": 0.7550742626190186,
        "y": 0.556364893913269
    },
    "PINKY_DIP": {
        "x": 0.7219889163970947,
        "y": 0.580331563949585
    },
    "PINKY_TIP": {
        "x": 0.7038304805755615,
        "y": 0.5976991057395935
    }
}