{
    "WRIST": {
        "x": 0.7740229368209839,
        "y": 0.6737732887268066
    },
    "THUMB_CMC": {
        "x": 0.7066221237182617,
        "y": 0.6522939205169678
    },
    "THUMB_MCP": {
        "x": 0.688978374004364,
        "y": 0.6129128932952881
    },
    "THUMB_IP": {
        "x": 0.73055499792099,
        "y": 0.589404821395874
    },
    "THUMB_TIP": {
        "x": 0.772317111492157,
        "y": 0.5716368556022644
    },
    "INDEX_FINGER_MCP": {
        "x": 0.7051443457603455,
        "y": 0.5415746569633484
    },
    "INDEX_FINGER_PIP": {
        "x": 0.6735678315162659,
        "y": 0.4810329079627991
    },
    "INDEX_FINGER_DIP": {
        "x": 0.6610119342803955,
        "y": 0.4428446888923645
    },
    "INDEX_FINGER_TIP": {
        "x": 0.6501716375350952,
        "y": 0.4085560441017151
    },
    "MIDDLE_FINGER_MCP": {
        "x": 0.7714169025421143,
        "y": 0.5466570258140564
    },
    "MIDDLE_FINGER_PIP": {
        "x": 0.8110217452049255,
        "y": 0.4967668950557709
    },
    "MIDDLE_FINGER_DIP": {
        "x": 0.8492897748947144,
        "y": 0.4683148264884949
    },
    "MIDDLE_FINGER_TIP": {
        "x": 0.8766323328018188,
        "y": 0.44293954968452454
    },
    "RING_FINGER_MCP": {
        "x": 0.8219236135482788,
        "y": 0.5705117583274841
    },
    "RING_FINGER_PIP": {
        "x": 0.8276255130767822,
        "y": 0.569364607334137
    },
    "RING_FINGER_DIP": {
        "x": 0.8004233837127686,
        "y": 0.6018824577331543
    },
    "RING_FINGER_TIP": {
        "x": 0.7754025459289551,
        "y": 0.6214466094970703
    },
    "PINKY_MCP": {
        "x": 0.8568509817123413,
        "y": 0.6010385751724243
    },
    "PINKY_PIP": {
        "x": 0.8436349630355835,
        "y": 0.6083557605743408
    },
    "PINKY_DIP": {
        "x": 0.8047358989715576,
        "y": 0.6306629180908203
    },
    "PINKY_TIP": {
        "x": 0.7711377143859863,
        "y": 0.6459646224975586
    }
}