{
    "WRIST": {
        "x": 0.7600638270378113,
        "y": 0.6597790122032166
    },
    "THUMB_CMC": {
        "x": 0.6927868127822876,
        "y": 0.6416061520576477
    },
    "THUMB_MCP": {
        "x": 0.6652084589004517,
        "y": 0.6045894026756287
    },
    "THUMB_IP": {
        "x": 0.7013076543807983,
        "y": 0.5753970146179199
    },
    "THUMB_TIP": {
        "x": 0.7421367168426514,
        "y": 0.5531929135322571
    },
    "INDEX_FINGER_MCP": {
        "x": 0.6823978424072266,
        "y": 0.5320681929588318
    },
    "INDEX_FINGER_PIP": {
        "x": 0.6509020328521729,
        "y": 0.47413942217826843
    },
    "INDEX_FINGER_DIP": {
        "x": 0.6361796855926514,
        "y": 0.44082823395729065
    },
    "INDEX_FINGER_TIP": {
        "x": 0.622574508190155,
        "y": 0.40992608666419983
    },
    "MIDDLE_FINGER_MCP": {
        "x": 0.7480289340019226,
        "y": 0.5317614674568176
    },
    "MIDDLE_FINGER_PIP": {
        "x": 0.7820222973823547,
        "y": 0.4682178199291229
    },
    "MIDDLE_FINGER_DIP": {
        "x": 0.8035534024238586,
        "y": 0.4293498396873474
    },
    "MIDDLE_FINGER_TIP": {
        "x": 0.8207473754882812,
        "y": 0.39498984813690186
    },
    "RING_FINGER_MCP": {
        "x": 0.7949888706207275,
        "y": 0.5504879951477051
    },
    "RING_FINGER_PIP": {
        "x": 0.7960849404335022,
        "y": 0.5500118732452393
    },
    "RING_FINGER_DIP": {
        "x": 0.77273029088974,
        "y": 0.5817785263061523
    },
    "RING_FINGER_TIP": {
        "x": 0.759392261505127,
        "y": 0.5957474708557129
    },
    "PINKY_MCP": {
        "x": 0.8265947699546814,
        "y": 0.5748552083969116
    },
    "PINKY_PIP": {
        "x": 0.8135057091712952,
        "y": 0.584536075592041
    },
    "PINKY_DIP": {
        "x": 0.7860091924667358,
        "y": 0.6098520159721375
    },
    "PINKY_TIP": {
        "x": 0.7661138772964478,
        "y": 0.6266584396362305
    }
}