{
    "WRIST": {
        "x": 0.7808899283409119,
        "y": 0.6628379225730896
    },
    "THUMB_CMC": {
        "x": 0.7133481502532959,
        "y": 0.6583508849143982
    },
    "THUMB_MCP": {
        "x": 0.6716892123222351,
        "y": 0.614637553691864
    },
    "THUMB_IP": {
        "x": 0.6851628422737122,
        "y": 0.5782328844070435
    },
    "THUMB_TIP": {
        "x": 0.7106741666793823,
        "y": 0.5521101951599121
    },
    "INDEX_FINGER_MCP": {
        "x": 0.669670045375824,
        "y": 0.5381626486778259
    },
    "INDEX_FINGER_PIP": {
        "x": 0.6514173746109009,
        "y": 0.49705538153648376
    },
    "INDEX_FINGER_DIP": {
        "x": 0.6411586999893188,
        "y": 0.4767533540725708
    },
    "INDEX_FINGER_TIP": {
        "x": 0.6345897912979126,
        "y": 0.4653434157371521
    },
    "MIDDLE_FINGER_MCP": {
        "x": 0.7328425049781799,
        "y": 0.5324893593788147
    },
    "MIDDLE_FINGER_PIP": {
        "x": 0.7458914518356323,
        "y": 0.4722730815410614
    },
    "MIDDLE_FINGER_DIP": {
        "x": 0.7422277927398682,
        "y": 0.4428403377532959
    },
    "MIDDLE_FINGER_TIP": {
        "x": 0.7392565011978149,
        "y": 0.4218393564224243
    },
    "RING_FINGER_MCP": {
        "x": 0.7886324524879456,
        "y": 0.5472776293754578
    },
    "RING_FINGER_PIP": {
        "x": 0.777155876159668,
        "y": 0.5277761816978455
    },
    "RING_FINGER_DIP": {
        "x": 0.7483963370323181,
        "y": 0.5607995390892029
    },
    "RING_FINGER_TIP": {
        "x": 0.7350582480430603,
        "y": 0.5799768567085266
    },
    "PINKY_MCP": {
        "x": 0.8351556062698364,
        "y": 0.5706150531768799
    },
    "PINKY_PIP": {
        "x": 0.8091399669647217,
        "y": 0.5618556141853333
    },
    "PINKY_DIP": {
        "x": 0.7814496159553528,
        "y": 0.5883573889732361
    },
    "PINKY_TIP": {
        "x": 0.7681214809417725,
        "y": 0.6078405976295471
    }
}