{
    "WRIST": {
        "x": 0.7368592619895935,
        "y": 0.6436679363250732
    },
    "THUMB_CMC": {
        "x": 0.6671098470687866,
        "y": 0.6290331482887268
    },
    "THUMB_MCP": {
        "x": 0.6306778192520142,
        "y": 0.5837976336479187
    },
    "THUMB_IP": {
        "x": 0.6470952033996582,
        "y": 0.5476345419883728
    },
    "THUMB_TIP": {
        "x": 0.6815561652183533,
        "y": 0.5273229479789734
    },
    "INDEX_FINGER_MCP": {
        "x": 0.6530097723007202,
        "y": 0.5171111226081848
    },
    "INDEX_FINGER_PIP": {
        "x": 0.6154819130897522,
        "y": 0.4708174467086792
    },
    "INDEX_FINGER_DIP": {
        "x": 0.596721351146698,
        "y": 0.44321370124816895
    },
    "INDEX_FINGER_TIP": {
        "x": 0.5849921703338623,
        "y": 0.41913318634033203
    },
    "MIDDLE_FINGER_MCP": {
        "x": 0.7086477875709534,
        "y": 0.5144287943840027
    },
    "MIDDLE_FINGER_PIP": {
        "x": 0.7338727712631226,
        "y": 0.456805557012558
    },
    "MIDDLE_FINGER_DIP": {
        "x": 0.7430970072746277,
        "y": 0.42015811800956726
    },
    "MIDDLE_FINGER_TIP": {
        "x": 0.7543839812278748,
        "y": 0.39038848876953125
    },
    "RING_FINGER_MCP": {
        "x": 0.7498984932899475,
        "y": 0.5299258828163147
    },
    "RING_FINGER_PIP": {
        "x": 0.7276002168655396,
        "y": 0.5112453103065491
    },
    "RING_FINGER_DIP": {
        "x": 0.690760612487793,
        "y": 0.536722719669342
    },
    "RING_FINGER_TIP": {
        "x": 0.6782161593437195,
        "y": 0.5524829626083374
    },
    "PINKY_MCP": {
        "x": 0.7745868563652039,
        "y": 0.5516240000724792
    },
    "PINKY_PIP": {
        "x": 0.7361156940460205,
        "y": 0.5490326881408691
    },
    "PINKY_DIP": {
        "x": 0.6942286491394043,
        "y": 0.5662528276443481
    },
    "PINKY_TIP": {
        "x": 0.6668712496757507,
        "y": 0.5792031288146973
    }
}