{
    "WRIST": {
        "x": 0.7866493463516235,
        "y": 0.6640985012054443
    },
    "THUMB_CMC": {
        "x": 0.719817042350769,
        "y": 0.6598275303840637
    },
    "THUMB_MCP": {
        "x": 0.6709112524986267,
        "y": 0.6219779849052429
    },
    "THUMB_IP": {
        "x": 0.6803390383720398,
        "y": 0.5880217552185059
    },
    "THUMB_TIP": {
        "x": 0.7132330536842346,
        "y": 0.5612215399742126
    },
    "INDEX_FINGER_MCP": {
        "x": 0.6678516864776611,
        "y": 0.5432310104370117
    },
    "INDEX_FINGER_PIP": {
        "x": 0.6481916308403015,
        "y": 0.5026412010192871
    },
    "INDEX_FINGER_DIP": {
        "x": 0.6392157673835754,
        "y": 0.48469218611717224
    },
    "INDEX_FINGER_TIP": {
        "x": 0.6365681290626526,
        "y": 0.47840023040771484
    },
    "MIDDLE_FINGER_MCP": {
        "x": 0.7280641794204712,
        "y": 0.536721408367157
    },
    "MIDDLE_FINGER_PIP": {
        "x": 0.733536958694458,
        "y": 0.48025763034820557
    },
    "MIDDLE_FINGER_DIP": {
        "x": 0.7278764247894287,
        "y": 0.4654962420463562
    },
    "MIDDLE_FINGER_TIP": {
        "x": 0.7256633639335632,
        "y": 0.4645289480686188
    },
    "RING_FINGER_MCP": {
        "x": 0.7867594361305237,
        "y": 0.5483764410018921
    },
    "RING_FINGER_PIP": {
        "x": 0.7721070647239685,
        "y": 0.5351782441139221
    },
    "RING_FINGER_DIP": {
        "x": 0.7480338215827942,
        "y": 0.5734289288520813
    },
    "RING_FINGER_TIP": {
        "x": 0.7366346716880798,
        "y": 0.5992397665977478
    },
    "PINKY_MCP": {
        "x": 0.8418565988540649,
        "y": 0.5691849589347839
    },
    "PINKY_PIP": {
        "x": 0.8165566325187683,
        "y": 0.5637325644493103
    },
    "PINKY_DIP": {
        "x": 0.7894043922424316,
        "y": 0.5916076898574829
    },
    "PINKY_TIP": {
        "x": 0.775026261806488,
        "y": 0.6115816831588745
    }
}