{
    "WRIST": {
        "x": 0.7481284737586975,
        "y": 0.6531171798706055
    },
    "THUMB_CMC": {
        "x": 0.6816257834434509,
        "y": 0.6372243762016296
    },
    "THUMB_MCP": {
        "x": 0.6480005383491516,
        "y": 0.5981062054634094
    },
    "THUMB_IP": {
        "x": 0.6585570573806763,
        "y": 0.5669388771057129
    },
    "THUMB_TIP": {
        "x": 0.6868159174919128,
        "y": 0.5427629351615906
    },
    "INDEX_FINGER_MCP": {
        "x": 0.6609142422676086,
        "y": 0.525805652141571
    },
    "INDEX_FINGER_PIP": {
        "x": 0.6294928789138794,
        "y": 0.47335201501846313
    },
    "INDEX_FINGER_DIP": {
        "x": 0.6115151643753052,
        "y": 0.4433770775794983
    },
    "INDEX_FINGER_TIP": {
        "x": 0.5987548232078552,
        "y": 0.4147767126560211
    },
    "MIDDLE_FINGER_MCP": {
        "x": 0.7205848097801208,
        "y": 0.5253547430038452
    },
    "MIDDLE_FINGER_PIP": {
        "x": 0.7570631504058838,
        "y": 0.46450939774513245
    },
    "MIDDLE_FINGER_DIP": {
        "x": 0.7778078317642212,
        "y": 0.426259845495224
    },
    "MIDDLE_FINGER_TIP": {
        "x": 0.7978198528289795,
        "y": 0.3943541944026947
    },
    "RING_FINGER_MCP": {
        "x": 0.7646089196205139,
        "y": 0.5434060096740723
    },
    "RING_FINGER_PIP": {
        "x": 0.74440598487854,
        "y": 0.5269457697868347
    },
    "RING_FINGER_DIP": {
        "x": 0.7137726545333862,
        "y": 0.5533329844474792
    },
    "RING_FINGER_TIP": {
        "x": 0.7042785286903381,
        "y": 0.5721694827079773
    },
    "PINKY_MCP": {
        "x": 0.7956503629684448,
        "y": 0.5661593675613403
    },
    "PINKY_PIP": {
        "x": 0.75883549451828,
        "y": 0.5624122619628906
    },
    "PINKY_DIP": {
        "x": 0.7215275168418884,
        "y": 0.5811580419540405
    },
    "PINKY_TIP": {
        "x": 0.6979360580444336,
        "y": 0.5982683897018433
    }
}