{
    "WRIST": {
        "x": 0.7835618853569031,
        "y": 0.6763182878494263
    },
    "THUMB_CMC": {
        "x": 0.7209938764572144,
        "y": 0.6628289222717285
    },
    "THUMB_MCP": {
        "x": 0.702749490737915,
        "y": 0.6321619749069214
    },
    "THUMB_IP": {
        "x": 0.7372615337371826,
        "y": 0.6129078269004822
    },
    "THUMB_TIP": {
        "x": 0.7801851630210876,
        "y": 0.6009218096733093
    },
    "INDEX_FINGER_MCP": {
        "x": 0.708198606967926,
        "y": 0.5441311597824097
    },
    "INDEX_FINGER_PIP": {
        "x": 0.6752079725265503,
        "y": 0.4818709194660187
    },
    "INDEX_FINGER_DIP": {
        "x": 0.6663151383399963,
        "y": 0.4458690583705902
    },
    "INDEX_FINGER_TIP": {
        "x": 0.6616483330726624,
        "y": 0.4098949730396271
    },
    "MIDDLE_FINGER_MCP": {
        "x": 0.780236005783081,
        "y": 0.5471380352973938
    },
    "MIDDLE_FINGER_PIP": {
        "x": 0.8282411694526672,
        "y": 0.48550093173980713
    },
    "MIDDLE_FINGER_DIP": {
        "x": 0.8618366122245789,
        "y": 0.4450851380825043
    },
    "MIDDLE_FINGER_TIP": {
        "x": 0.8930707573890686,
        "y": 0.4052894115447998
    },
    "RING_FINGER_MCP": {
        "x": 0.8332014679908752,
        "y": 0.5704628825187683
    },
    "RING_FINGER_PIP": {
        "x": 0.8405063152313232,
        "y": 0.5757135152816772
    },
    "RING_FINGER_DIP": {
        "x": 0.8046358227729797,
        "y": 0.6107754707336426
    },
    "RING_FINGER_TIP": {
        "x": 0.7797042727470398,
        "y": 0.6285598874092102
    },
    "PINKY_MCP": {
        "x": 0.869653046131134,
        "y": 0.6009179949760437
    },
    "PINKY_PIP": {
        "x": 0.8605556488037109,
        "y": 0.6153879165649414
    },
    "PINKY_DIP": {
        "x": 0.8197301626205444,
        "y": 0.638217568397522
    },
    "PINKY_TIP": {
        "x": 0.7850013971328735,
        "y": 0.6533488035202026
    }
}