{
    "WRIST": {
        "x": 0.734323263168335,
        "y": 0.6410600543022156
    },
    "THUMB_CMC": {
        "x": 0.6643262505531311,
        "y": 0.627811074256897
    },
    "THUMB_MCP": {
        "x": 0.6288225650787354,
        "y": 0.5870963335037231
    },
    "THUMB_IP": {
        "x": 0.6426185369491577,
        "y": 0.5525587797164917
    },
    "THUMB_TIP": {
        "x": 0.6744213104248047,
        "y": 0.5318024754524231
    },
    "INDEX_FINGER_MCP": {
        "x": 0.6501347422599792,
        "y": 0.5171748399734497
    },
    "INDEX_FINGER_PIP": {
        "x": 0.615726888179779,
        "y": 0.46957045793533325
    },
    "INDEX_FINGER_DIP": {
        "x": 0.5981731414794922,
        "y": 0.44179031252861023
    },
    "INDEX_FINGER_TIP": {
        "x": 0.5863947868347168,
        "y": 0.41714388132095337
    },
    "MIDDLE_FINGER_MCP": {
        "x": 0.7080729007720947,
        "y": 0.5139600038528442
    },
    "MIDDLE_FINGER_PIP": {
        "x": 0.7372688055038452,
        "y": 0.45635467767715454
    },
    "MIDDLE_FINGER_DIP": {
        "x": 0.7495771050453186,
        "y": 0.420167475938797
    },
    "MIDDLE_FINGER_TIP": {
        "x": 0.7622365355491638,
        "y": 0.39021050930023193
    },
    "RING_FINGER_MCP": {
        "x": 0.7515404224395752,
        "y": 0.5293992757797241
    },
    "RING_FINGER_PIP": {
        "x": 0.7279928922653198,
        "y": 0.5139284133911133
    },
    "RING_FINGER_DIP": {
        "x": 0.6923763751983643,
        "y": 0.5386555790901184
    },
    "RING_FINGER_TIP": {
        "x": 0.6795955300331116,
        "y": 0.5539721846580505
    },
    "PINKY_MCP": {
        "x": 0.7793398499488831,
        "y": 0.5509047508239746
    },
    "PINKY_PIP": {
        "x": 0.738715410232544,
        "y": 0.5506471395492554
    },
    "PINKY_DIP": {
        "x": 0.6943970918655396,
        "y": 0.5669845342636108
    },
    "PINKY_TIP": {
        "x": 0.6640963554382324,
        "y": 0.5792422890663147
    }
}