{
    "WRIST": {
        "x": 0.7750208377838135,
        "y": 0.6554830074310303
    },
    "THUMB_CMC": {
        "x": 0.7081182599067688,
        "y": 0.6523514986038208
    },
    "THUMB_MCP": {
        "x": 0.6671604514122009,
        "y": 0.6088688373565674
    },
    "THUMB_IP": {
        "x": 0.6881598234176636,
        "y": 0.5699514150619507
    },
    "THUMB_TIP": {
        "x": 0.7156330347061157,
        "y": 0.5432458519935608
    },
    "INDEX_FINGER_MCP": {
        "x": 0.6576388478279114,
        "y": 0.5334932804107666
    },
    "INDEX_FINGER_PIP": {
        "x": 0.6440094113349915,
        "y": 0.4934823215007782
    },
    "INDEX_FINGER_DIP": {
        "x": 0.6381694078445435,
        "y": 0.4814564883708954
    },
    "INDEX_FINGER_TIP": {
        "x": 0.6346873641014099,
        "y": 0.484760582447052
    },
    "MIDDLE_FINGER_MCP": {
        "x": 0.7189653515815735,
        "y": 0.5256926417350769
    },
    "MIDDLE_FINGER_PIP": {
        "x": 0.7365984320640564,
        "y": 0.4678754210472107
    },
    "MIDDLE_FINGER_DIP": {
        "x": 0.7325462698936462,
        "y": 0.4666638970375061
    },
    "MIDDLE_FINGER_TIP": {
        "x": 0.7260789275169373,
        "y": 0.4777529239654541
    },
    "RING_FINGER_MCP": {
        "x": 0.7741416692733765,
        "y": 0.5376075506210327
    },
    "RING_FINGER_PIP": {
        "x": 0.7680270671844482,
        "y": 0.5177364349365234
    },
    "RING_FINGER_DIP": {
        "x": 0.7450209856033325,
        "y": 0.5528017282485962
    },
    "RING_FINGER_TIP": {
        "x": 0.7331291437149048,
        "y": 0.5721369385719299
    },
    "PINKY_MCP": {
        "x": 0.8193358778953552,
        "y": 0.5588668584823608
    },
    "PINKY_PIP": {
        "x": 0.7966963052749634,
        "y": 0.5554158091545105
    },
    "PINKY_DIP": {
        "x": 0.7721169590950012,
        "y": 0.5822087526321411
    },
    "PINKY_TIP": {
        "x": 0.7615440487861633,
        "y": 0.598135232925415
    }
}