{
    "WRIST": {
        "x": 0.7438926100730896,
        "y": 0.6426923274993896
    },
    "THUMB_CMC": {
        "x": 0.6744149923324585,
        "y": 0.6315481066703796
    },
    "THUMB_MCP": {
        "x": 0.6370019316673279,
        "y": 0.5908090472221375
    },
    "THUMB_IP": {
        "x": 0.6520031690597534,
        "y": 0.5555933713912964
    },
    "THUMB_TIP": {
        "x": 0.6796033382415771,
        "y": 0.5325459241867065
    },
    "INDEX_FINGER_MCP": {
        "x": 0.6475339531898499,
        "y": 0.5241729617118835
    },
    "INDEX_FINGER_PIP": {
        "x": 0.6155673265457153,
        "y": 0.47813236713409424
    },
    "INDEX_FINGER_DIP": {
        "x": 0.5976618528366089,
        "y": 0.4502806067466736
    },
    "INDEX_FINGER_TIP": {
        "x": 0.5840388536453247,
        "y": 0.42497968673706055
    },
    "MIDDLE_FINGER_MCP": {
        "x": 0.7032032608985901,
        "y": 0.5191706418991089
    },
    "MIDDLE_FINGER_PIP": {
        "x": 0.7205450534820557,
        "y": 0.4667147696018219
    },
    "MIDDLE_FINGER_DIP": {
        "x": 0.7228207588195801,
        "y": 0.43436798453330994
    },
    "MIDDLE_FINGER_TIP": {
        "x": 0.7261930108070374,
        "y": 0.4080200791358948
    },
    "RING_FINGER_MCP": {
        "x": 0.7480274438858032,
        "y": 0.532431423664093
    },
    "RING_FINGER_PIP": {
        "x": 0.7286487221717834,
        "y": 0.5184381604194641
    },
    "RING_FINGER_DIP": {
        "x": 0.70025235414505,
        "y": 0.5443596243858337
    },
    "RING_FINGER_TIP": {
        "x": 0.689976692199707,
        "y": 0.5597187876701355
    },
    "PINKY_MCP": {
        "x": 0.7788665890693665,
        "y": 0.5518828630447388
    },
    "PINKY_PIP": {
        "x": 0.739476203918457,
        "y": 0.555956244468689
    },
    "PINKY_DIP": {
        "x": 0.7023508548736572,
        "y": 0.5771464109420776
    },
    "PINKY_TIP": {
        "x": 0.6790722608566284,
        "y": 0.5920640826225281
    }
}