{
    "WRIST": {
        "x": 0.7583674788475037,
        "y": 0.6471011638641357
    },
    "THUMB_CMC": {
        "x": 0.6909304857254028,
        "y": 0.6382932662963867
    },
    "THUMB_MCP": {
        "x": 0.6505255103111267,
        "y": 0.5958808660507202
    },
    "THUMB_IP": {
        "x": 0.6677783727645874,
        "y": 0.5609784126281738
    },
    "THUMB_TIP": {
        "x": 0.6973460912704468,
        "y": 0.5395627021789551
    },
    "INDEX_FINGER_MCP": {
        "x": 0.6519777178764343,
        "y": 0.524779736995697
    },
    "INDEX_FINGER_PIP": {
        "x": 0.6239839792251587,
        "y": 0.48460716009140015
    },
    "INDEX_FINGER_DIP": {
        "x": 0.605979323387146,
        "y": 0.46443143486976624
    },
    "INDEX_FINGER_TIP": {
        "x": 0.5937566161155701,
        "y": 0.4604794681072235
    },
    "MIDDLE_FINGER_MCP": {
        "x": 0.7116824388504028,
        "y": 0.5188705325126648
    },
    "MIDDLE_FINGER_PIP": {
        "x": 0.7239406108856201,
        "y": 0.46601563692092896
    },
    "MIDDLE_FINGER_DIP": {
        "x": 0.7129055857658386,
        "y": 0.4502982497215271
    },
    "MIDDLE_FINGER_TIP": {
        "x": 0.7050182223320007,
        "y": 0.45393672585487366
    },
    "RING_FINGER_MCP": {
        "x": 0.7622129917144775,
        "y": 0.5322496891021729
    },
    "RING_FINGER_PIP": {
        "x": 0.7466216087341309,
        "y": 0.5204260349273682
    },
    "RING_FINGER_DIP": {
        "x": 0.7183639407157898,
        "y": 0.551954984664917
    },
    "RING_FINGER_TIP": {
        "x": 0.70884770154953,
        "y": 0.571841835975647
    },
    "PINKY_MCP": {
        "x": 0.799561619758606,
        "y": 0.5528227090835571
    },
    "PINKY_PIP": {
        "x": 0.765113890171051,
        "y": 0.5567920804023743
    },
    "PINKY_DIP": {
        "x": 0.7328779697418213,
        "y": 0.5800688862800598
    },
    "PINKY_TIP": {
        "x": 0.7171351909637451,
        "y": 0.5957882404327393
    }
}