{
    "WRIST": {
        "x": 0.7373504042625427,
        "y": 0.6409980654716492
    },
    "THUMB_CMC": {
        "x": 0.6666710376739502,
        "y": 0.6268022656440735
    },
    "THUMB_MCP": {
        "x": 0.6295879483222961,
        "y": 0.5855737328529358
    },
    "THUMB_IP": {
        "x": 0.643086314201355,
        "y": 0.5495871305465698
    },
    "THUMB_TIP": {
        "x": 0.6752270460128784,
        "y": 0.5284322500228882
    },
    "INDEX_FINGER_MCP": {
        "x": 0.6485183238983154,
        "y": 0.5168145895004272
    },
    "INDEX_FINGER_PIP": {
        "x": 0.6115061640739441,
        "y": 0.4698745310306549
    },
    "INDEX_FINGER_DIP": {
        "x": 0.5931105017662048,
        "y": 0.44371163845062256
    },
    "INDEX_FINGER_TIP": {
        "x": 0.5818084478378296,
        "y": 0.42133405804634094
    },
    "MIDDLE_FINGER_MCP": {
        "x": 0.7046929001808167,
        "y": 0.5120784044265747
    },
    "MIDDLE_FINGER_PIP": {
        "x": 0.7280594110488892,
        "y": 0.45525580644607544
    },
    "MIDDLE_FINGER_DIP": {
        "x": 0.734997034072876,
        "y": 0.4207993149757385
    },
    "MIDDLE_FINGER_TIP": {
        "x": 0.7440869808197021,
        "y": 0.39262545108795166
    },
    "RING_FINGER_MCP": {
        "x": 0.7477588653564453,
        "y": 0.5266106128692627
    },
    "RING_FINGER_PIP": {
        "x": 0.7224442362785339,
        "y": 0.5117474794387817
    },
    "RING_FINGER_DIP": {
        "x": 0.6878156065940857,
        "y": 0.5368918776512146
    },
    "RING_FINGER_TIP": {
        "x": 0.6757792234420776,
        "y": 0.5504965782165527
    },
    "PINKY_MCP": {
        "x": 0.7753746509552002,
        "y": 0.5478954315185547
    },
    "PINKY_PIP": {
        "x": 0.7329401969909668,
        "y": 0.5503496527671814
    },
    "PINKY_DIP": {
        "x": 0.6913878321647644,
        "y": 0.5695607662200928
    },
    "PINKY_TIP": {
        "x": 0.6641689538955688,
        "y": 0.5837586522102356
    }
}