{
    "WRIST": {
        "x": 0.7370356321334839,
        "y": 0.6406642198562622
    },
    "THUMB_CMC": {
        "x": 0.6680240035057068,
        "y": 0.6280716061592102
    },
    "THUMB_MCP": {
        "x": 0.6304928064346313,
        "y": 0.5862168669700623
    },
    "THUMB_IP": {
        "x": 0.6469805836677551,
        "y": 0.5501115918159485
    },
    "THUMB_TIP": {
        "x": 0.6797362565994263,
        "y": 0.5287846326828003
    },
    "INDEX_FINGER_MCP": {
        "x": 0.6479835510253906,
        "y": 0.5192395448684692
    },
    "INDEX_FINGER_PIP": {
        "x": 0.6113772392272949,
        "y": 0.47273898124694824
    },
    "INDEX_FINGER_DIP": {
        "x": 0.5929420590400696,
        "y": 0.44617727398872375
    },
    "INDEX_FINGER_TIP": {
        "x": 0.5803475379943848,
        "y": 0.4230078458786011
    },
    "MIDDLE_FINGER_MCP": {
        "x": 0.7042369246482849,
        "y": 0.5142401456832886
    },
    "MIDDLE_FINGER_PIP": {
        "x": 0.7245054841041565,
        "y": 0.4587954580783844
    },
    "MIDDLE_FINGER_DIP": {
        "x": 0.7276432514190674,
        "y": 0.4240730106830597
    },
    "MIDDLE_FINGER_TIP": {
        "x": 0.7328044772148132,
        "y": 0.3961983025074005
    },
    "RING_FINGER_MCP": {
        "x": 0.7481858134269714,
        "y": 0.5280255079269409
    },
    "RING_FINGER_PIP": {
        "x": 0.7196940779685974,
        "y": 0.5154931545257568
    },
    "RING_FINGER_DIP": {
        "x": 0.6865535974502563,
        "y": 0.541674017906189
    },
    "RING_FINGER_TIP": {
        "x": 0.6768490076065063,
        "y": 0.5568456649780273
    },
    "PINKY_MCP": {
        "x": 0.7761397361755371,
        "y": 0.5478376746177673
    },
    "PINKY_PIP": {
        "x": 0.7321010828018188,
        "y": 0.5529437065124512
    },
    "PINKY_DIP": {
        "x": 0.6935471892356873,
        "y": 0.5726274847984314
    },
    "PINKY_TIP": {
        "x": 0.6696712970733643,
        "y": 0.5864564776420593
    }
}