{
    "WRIST": {
        "x": 0.7490143179893494,
        "y": 0.6495556235313416
    },
    "THUMB_CMC": {
        "x": 0.6854095458984375,
        "y": 0.6367654800415039
    },
    "THUMB_MCP": {
        "x": 0.6465705633163452,
        "y": 0.5931541323661804
    },
    "THUMB_IP": {
        "x": 0.6607549786567688,
        "y": 0.557536244392395
    },
    "THUMB_TIP": {
        "x": 0.6836941838264465,
        "y": 0.5322793126106262
    },
    "INDEX_FINGER_MCP": {
        "x": 0.6451808214187622,
        "y": 0.5256178975105286
    },
    "INDEX_FINGER_PIP": {
        "x": 0.6128410696983337,
        "y": 0.47815701365470886
    },
    "INDEX_FINGER_DIP": {
        "x": 0.5934631824493408,
        "y": 0.45010459423065186
    },
    "INDEX_FINGER_TIP": {
        "x": 0.5771793127059937,
        "y": 0.4268626570701599
    },
    "MIDDLE_FINGER_MCP": {
        "x": 0.7021366953849792,
        "y": 0.5210156440734863
    },
    "MIDDLE_FINGER_PIP": {
        "x": 0.7184289693832397,
        "y": 0.46746712923049927
    },
    "MIDDLE_FINGER_DIP": {
        "x": 0.7146603465080261,
        "y": 0.4395049512386322
    },
    "MIDDLE_FINGER_TIP": {
        "x": 0.709836483001709,
        "y": 0.4199739694595337
    },
    "RING_FINGER_MCP": {
        "x": 0.7486605644226074,
        "y": 0.5349760055541992
    },
    "RING_FINGER_PIP": {
        "x": 0.7324166297912598,
        "y": 0.5184466242790222
    },
    "RING_FINGER_DIP": {
        "x": 0.705390453338623,
        "y": 0.5503217577934265
    },
    "RING_FINGER_TIP": {
        "x": 0.6950526833534241,
        "y": 0.5676315426826477
    },
    "PINKY_MCP": {
        "x": 0.7801451683044434,
        "y": 0.5556674599647522
    },
    "PINKY_PIP": {
        "x": 0.7454317808151245,
        "y": 0.558571457862854
    },
    "PINKY_DIP": {
        "x": 0.7145927548408508,
        "y": 0.5829651951789856
    },
    "PINKY_TIP": {
        "x": 0.6975497007369995,
        "y": 0.5988199710845947
    }
}