{
    "WRIST": {
        "x": 0.7854359745979309,
        "y": 0.6802271604537964
    },
    "THUMB_CMC": {
        "x": 0.7188150882720947,
        "y": 0.6658693552017212
    },
    "THUMB_MCP": {
        "x": 0.6954827904701233,
        "y": 0.6310298442840576
    },
    "THUMB_IP": {
        "x": 0.7307325601577759,
        "y": 0.6078619360923767
    },
    "THUMB_TIP": {
        "x": 0.7809613347053528,
        "y": 0.5898514986038208
    },
    "INDEX_FINGER_MCP": {
        "x": 0.7067481875419617,
        "y": 0.5437745451927185
    },
    "INDEX_FINGER_PIP": {
        "x": 0.6660754680633545,
        "y": 0.4824748933315277
    },
    "INDEX_FINGER_DIP": {
        "x": 0.6495277881622314,
        "y": 0.4452652931213379
    },
    "INDEX_FINGER_TIP": {
        "x": 0.6384062170982361,
        "y": 0.4104689359664917
    },
    "MIDDLE_FINGER_MCP": {
        "x": 0.7770527005195618,
        "y": 0.5467482805252075
    },
    "MIDDLE_FINGER_PIP": {
        "x": 0.824019730091095,
        "y": 0.48131394386291504
    },
    "MIDDLE_FINGER_DIP": {
        "x": 0.858383059501648,
        "y": 0.44075512886047363
    },
    "MIDDLE_FINGER_TIP": {
        "x": 0.8897354006767273,
        "y": 0.4022805094718933
    },
    "RING_FINGER_MCP": {
        "x": 0.8267523050308228,
        "y": 0.5716402530670166
    },
    "RING_FINGER_PIP": {
        "x": 0.8373867273330688,
        "y": 0.5658766031265259
    },
    "RING_FINGER_DIP": {
        "x": 0.7968970537185669,
        "y": 0.6040666699409485
    },
    "RING_FINGER_TIP": {
        "x": 0.7706269025802612,
        "y": 0.6258400678634644
    },
    "PINKY_MCP": {
        "x": 0.8602133989334106,
        "y": 0.6037099957466125
    },
    "PINKY_PIP": {
        "x": 0.853363573551178,
        "y": 0.6092947721481323
    },
    "PINKY_DIP": {
        "x": 0.8083080649375916,
        "y": 0.6337669491767883
    },
    "PINKY_TIP": {
        "x": 0.7719519138336182,
        "y": 0.6524069309234619
    }
}