{
    "WRIST": {
        "x": 0.767071008682251,
        "y": 0.6480108499526978
    },
    "THUMB_CMC": {
        "x": 0.7002750635147095,
        "y": 0.6430957913398743
    },
    "THUMB_MCP": {
        "x": 0.6615979671478271,
        "y": 0.6027764081954956
    },
    "THUMB_IP": {
        "x": 0.683141827583313,
        "y": 0.5667822360992432
    },
    "THUMB_TIP": {
        "x": 0.7127776145935059,
        "y": 0.5444233417510986
    },
    "INDEX_FINGER_MCP": {
        "x": 0.658029317855835,
        "y": 0.5316032767295837
    },
    "INDEX_FINGER_PIP": {
        "x": 0.6410954594612122,
        "y": 0.49099671840667725
    },
    "INDEX_FINGER_DIP": {
        "x": 0.6295029520988464,
        "y": 0.4742290675640106
    },
    "INDEX_FINGER_TIP": {
        "x": 0.6229607462882996,
        "y": 0.4768243730068207
    },
    "MIDDLE_FINGER_MCP": {
        "x": 0.717612087726593,
        "y": 0.5218104124069214
    },
    "MIDDLE_FINGER_PIP": {
        "x": 0.738548994064331,
        "y": 0.46600475907325745
    },
    "MIDDLE_FINGER_DIP": {
        "x": 0.7276744246482849,
        "y": 0.46453458070755005
    },
    "MIDDLE_FINGER_TIP": {
        "x": 0.7188498377799988,
        "y": 0.48479124903678894
    },
    "RING_FINGER_MCP": {
        "x": 0.7688405513763428,
        "y": 0.5329257249832153
    },
    "RING_FINGER_PIP": {
        "x": 0.7655120491981506,
        "y": 0.5155329704284668
    },
    "RING_FINGER_DIP": {
        "x": 0.7395462393760681,
        "y": 0.5464140772819519
    },
    "RING_FINGER_TIP": {
        "x": 0.7267792224884033,
        "y": 0.5681970119476318
    },
    "PINKY_MCP": {
        "x": 0.8083117008209229,
        "y": 0.5545276999473572
    },
    "PINKY_PIP": {
        "x": 0.7838696241378784,
        "y": 0.5565358400344849
    },
    "PINKY_DIP": {
        "x": 0.7541691064834595,
        "y": 0.5803340077400208
    },
    "PINKY_TIP": {
        "x": 0.7392717003822327,
        "y": 0.5974608659744263
    }
}