{
    "WRIST": {
        "x": 0.7240536212921143,
        "y": 0.5326687097549438
    },
    "THUMB_CMC": {
        "x": 0.6911672353744507,
        "y": 0.5007326602935791
    },
    "THUMB_MCP": {
        "x": 0.6491909623146057,
        "y": 0.4747066795825958
    },
    "THUMB_IP": {
        "x": 0.624651312828064,
        "y": 0.4749266505241394
    },
    "THUMB_TIP": {
        "x": 0.6118997931480408,
        "y": 0.4896477460861206
    },
    "INDEX_FINGER_MCP": {
        "x": 0.6190772652626038,
        "y": 0.4741433560848236
    },
    "INDEX_FINGER_PIP": {
        "x": 0.6139057278633118,
        "y": 0.46162545680999756
    },
    "INDEX_FINGER_DIP": {
        "x": 0.6462055444717407,
        "y": 0.4657248854637146
    },
    "INDEX_FINGER_TIP": {
        "x": 0.6714751124382019,
        "y": 0.4703312814235687
    },
    "MIDDLE_FINGER_MCP": {
        "x": 0.6228268146514893,
        "y": 0.4999121129512787
    },
    "MIDDLE_FINGER_PIP": {
        "x": 0.5765640735626221,
        "y": 0.498479425907135
    },
    "MIDDLE_FINGER_DIP": {
        "x": 0.5698688626289368,
        "y": 0.5041291117668152
    },
    "MIDDLE_FINGER_TIP": {
        "x": 0.568869411945343,
        "y": 0.5060381889343262
    },
    "RING_FINGER_MCP": {
        "x": 0.6290625929832458,
        "y": 0.5275821089744568
    },
    "RING_FINGER_PIP": {
        "x": 0.607337236404419,
        "y": 0.5294030904769897
    },
    "RING_FINGER_DIP": {
        "x": 0.6307248473167419,
        "y": 0.5295262336730957
    },
    "RING_FINGER_TIP": {
        "x": 0.6468607187271118,
        "y": 0.5257722735404968
    },
    "PINKY_MCP": {
        "x": 0.6433901190757751,
        "y": 0.5529710054397583
    },
    "PINKY_PIP": {
        "x": 0.613749086856842,
        "y": 0.5542444586753845
    },
    "PINKY_DIP": {
        "x": 0.6162562966346741,
        "y": 0.5501490831375122
    },
    "PINKY_TIP": {
        "x": 0.6164575219154358,
        "y": 0.5436227321624756
    }
}