{
    "WRIST": {
        "x": 0.7328288555145264,
        "y": 0.6266371607780457
    },
    "THUMB_CMC": {
        "x": 0.6671445369720459,
        "y": 0.606853187084198
    },
    "THUMB_MCP": {
        "x": 0.6351085901260376,
        "y": 0.5764966607093811
    },
    "THUMB_IP": {
        "x": 0.6040046215057373,
        "y": 0.5550814270973206
    },
    "THUMB_TIP": {
        "x": 0.5844429135322571,
        "y": 0.5312176942825317
    },
    "INDEX_FINGER_MCP": {
        "x": 0.7329447865486145,
        "y": 0.5259628295898438
    },
    "INDEX_FINGER_PIP": {
        "x": 0.6889914870262146,
        "y": 0.48957040905952454
    },
    "INDEX_FINGER_DIP": {
        "x": 0.6470683217048645,
        "y": 0.4954432249069214
    },
    "INDEX_FINGER_TIP": {
        "x": 0.6254569888114929,
        "y": 0.5063868165016174
    },
    "MIDDLE_FINGER_MCP": {
        "x": 0.7579936385154724,
        "y": 0.5308046936988831
    },
    "MIDDLE_FINGER_PIP": {
        "x": 0.6994944214820862,
        "y": 0.48629552125930786
    },
    "MIDDLE_FINGER_DIP": {
        "x": 0.64378422498703,
        "y": 0.4959232211112976
    },
    "MIDDLE_FINGER_TIP": {
        "x": 0.6238940358161926,
        "y": 0.5087666511535645
    },
    "RING_FINGER_MCP": {
        "x": 0.7684322595596313,
        "y": 0.545163094997406
    },
    "RING_FINGER_PIP": {
        "x": 0.7057887315750122,
        "y": 0.5024635195732117
    },
    "RING_FINGER_DIP": {
        "x": 0.6476225256919861,
        "y": 0.5105692148208618
    },
    "RING_FINGER_TIP": {
        "x": 0.6280076503753662,
        "y": 0.5241653919219971
    },
    "PINKY_MCP": {
        "x": 0.7574912309646606,
        "y": 0.5661203265190125
    },
    "PINKY_PIP": {
        "x": 0.6981906890869141,
        "y": 0.5382117033004761
    },
    "PINKY_DIP": {
        "x": 0.6519556641578674,
        "y": 0.5358992218971252
    },
    "PINKY_TIP": {
        "x": 0.6282463669776917,
        "y": 0.538292407989502
    }
}