{
    "WRIST": {
        "x": 0.7391723990440369,
        "y": 0.5673639178276062
    },
    "THUMB_CMC": {
        "x": 0.6695650815963745,
        "y": 0.5536991357803345
    },
    "THUMB_MCP": {
        "x": 0.6225085854530334,
        "y": 0.5360376238822937
    },
    "THUMB_IP": {
        "x": 0.5816285610198975,
        "y": 0.5278199315071106
    },
    "THUMB_TIP": {
        "x": 0.5417091846466064,
        "y": 0.5255782604217529
    },
    "INDEX_FINGER_MCP": {
        "x": 0.6745158433914185,
        "y": 0.4877603352069855
    },
    "INDEX_FINGER_PIP": {
        "x": 0.6550968885421753,
        "y": 0.4633232057094574
    },
    "INDEX_FINGER_DIP": {
        "x": 0.6130391955375671,
        "y": 0.45758819580078125
    },
    "INDEX_FINGER_TIP": {
        "x": 0.5708228945732117,
        "y": 0.4620155692100525
    },
    "MIDDLE_FINGER_MCP": {
        "x": 0.7058586478233337,
        "y": 0.49738243222236633
    },
    "MIDDLE_FINGER_PIP": {
        "x": 0.6924830675125122,
        "y": 0.46772879362106323
    },
    "MIDDLE_FINGER_DIP": {
        "x": 0.65263432264328,
        "y": 0.45928290486335754
    },
    "MIDDLE_FINGER_TIP": {
        "x": 0.6181427240371704,
        "y": 0.45946258306503296
    },
    "RING_FINGER_MCP": {
        "x": 0.7288747429847717,
        "y": 0.5177923440933228
    },
    "RING_FINGER_PIP": {
        "x": 0.6992189288139343,
        "y": 0.4986620545387268
    },
    "RING_FINGER_DIP": {
        "x": 0.6491639614105225,
        "y": 0.4978032112121582
    },
    "RING_FINGER_TIP": {
        "x": 0.6080973744392395,
        "y": 0.503137469291687
    },
    "PINKY_MCP": {
        "x": 0.7409108281135559,
        "y": 0.5429493188858032
    },
    "PINKY_PIP": {
        "x": 0.7054821848869324,
        "y": 0.5372630953788757
    },
    "PINKY_DIP": {
        "x": 0.6703380346298218,
        "y": 0.5351269245147705
    },
    "PINKY_TIP": {
        "x": 0.640203058719635,
        "y": 0.5358200669288635
    }
}