{
    "WRIST": {
        "x": 0.8158212900161743,
        "y": 0.5876574516296387
    },
    "THUMB_CMC": {
        "x": 0.7678654193878174,
        "y": 0.6303087472915649
    },
    "THUMB_MCP": {
        "x": 0.7646263241767883,
        "y": 0.6750472784042358
    },
    "THUMB_IP": {
        "x": 0.7840191125869751,
        "y": 0.7097234129905701
    },
    "THUMB_TIP": {
        "x": 0.8090161681175232,
        "y": 0.7311881184577942
    },
    "INDEX_FINGER_MCP": {
        "x": 0.7769135236740112,
        "y": 0.6784850358963013
    },
    "INDEX_FINGER_PIP": {
        "x": 0.7947722673416138,
        "y": 0.7406554222106934
    },
    "INDEX_FINGER_DIP": {
        "x": 0.7993997931480408,
        "y": 0.7577524185180664
    },
    "INDEX_FINGER_TIP": {
        "x": 0.8008893132209778,
        "y": 0.7596077919006348
    },
    "MIDDLE_FINGER_MCP": {
        "x": 0.8092941641807556,
        "y": 0.6724701523780823
    },
    "MIDDLE_FINGER_PIP": {
        "x": 0.8289188742637634,
        "y": 0.7358992099761963
    },
    "MIDDLE_FINGER_DIP": {
        "x": 0.8278215527534485,
        "y": 0.7461985349655151
    },
    "MIDDLE_FINGER_TIP": {
        "x": 0.8255361914634705,
        "y": 0.7434065937995911
    },
    "RING_FINGER_MCP": {
        "x": 0.8377230763435364,
        "y": 0.6664686799049377
    },
    "RING_FINGER_PIP": {
        "x": 0.8509011268615723,
        "y": 0.7258053421974182
    },
    "RING_FINGER_DIP": {
        "x": 0.8451548218727112,
        "y": 0.7347675561904907
    },
    "RING_FINGER_TIP": {
        "x": 0.8394083976745605,
        "y": 0.7297812700271606
    },
    "PINKY_MCP": {
        "x": 0.8581113815307617,
        "y": 0.66034334897995
    },
    "PINKY_PIP": {
        "x": 0.861736536026001,
        "y": 0.7089978456497192
    },
    "PINKY_DIP": {
        "x": 0.8543449640274048,
        "y": 0.7213427424430847
    },
    "PINKY_TIP": {
        "x": 0.8490825891494751,
        "y": 0.7206279635429382
    }
}