{
    "WRIST": {
        "x": 0.6160730719566345,
        "y": 0.46864017844200134
    },
    "THUMB_CMC": {
        "x": 0.6304665803909302,
        "y": 0.523840069770813
    },
    "THUMB_MCP": {
        "x": 0.6479366421699524,
        "y": 0.5663036704063416
    },
    "THUMB_IP": {
        "x": 0.6419848203659058,
        "y": 0.598467230796814
    },
    "THUMB_TIP": {
        "x": 0.6224498152732849,
        "y": 0.6160956621170044
    },
    "INDEX_FINGER_MCP": {
        "x": 0.7154793739318848,
        "y": 0.5636903643608093
    },
    "INDEX_FINGER_PIP": {
        "x": 0.7655351758003235,
        "y": 0.5926209688186646
    },
    "INDEX_FINGER_DIP": {
        "x": 0.7730152010917664,
        "y": 0.6083070635795593
    },
    "INDEX_FINGER_TIP": {
        "x": 0.7617849111557007,
        "y": 0.6159064769744873
    },
    "MIDDLE_FINGER_MCP": {
        "x": 0.707111120223999,
        "y": 0.5272713303565979
    },
    "MIDDLE_FINGER_PIP": {
        "x": 0.7375432848930359,
        "y": 0.5284955501556396
    },
    "MIDDLE_FINGER_DIP": {
        "x": 0.7081451416015625,
        "y": 0.5315717458724976
    },
    "MIDDLE_FINGER_TIP": {
        "x": 0.6824415922164917,
        "y": 0.5334039926528931
    },
    "RING_FINGER_MCP": {
        "x": 0.6832137107849121,
        "y": 0.4890769124031067
    },
    "RING_FINGER_PIP": {
        "x": 0.6898894309997559,
        "y": 0.47558948397636414
    },
    "RING_FINGER_DIP": {
        "x": 0.6596797108650208,
        "y": 0.47375741600990295
    },
    "RING_FINGER_TIP": {
        "x": 0.638333261013031,
        "y": 0.47590187191963196
    },
    "PINKY_MCP": {
        "x": 0.6524161100387573,
        "y": 0.4517267048358917
    },
    "PINKY_PIP": {
        "x": 0.6514406204223633,
        "y": 0.4431978464126587
    },
    "PINKY_DIP": {
        "x": 0.6327219009399414,
        "y": 0.4422021508216858
    },
    "PINKY_TIP": {
        "x": 0.619057297706604,
        "y": 0.4413611888885498
    }
}