{
    "WRIST": {
        "x": 0.8125424385070801,
        "y": 0.5687601566314697
    },
    "THUMB_CMC": {
        "x": 0.7423883080482483,
        "y": 0.5570352077484131
    },
    "THUMB_MCP": {
        "x": 0.698662281036377,
        "y": 0.5593990683555603
    },
    "THUMB_IP": {
        "x": 0.6792793869972229,
        "y": 0.5651332139968872
    },
    "THUMB_TIP": {
        "x": 0.6806109547615051,
        "y": 0.5686383247375488
    },
    "INDEX_FINGER_MCP": {
        "x": 0.7134413719177246,
        "y": 0.6039267182350159
    },
    "INDEX_FINGER_PIP": {
        "x": 0.6887540221214294,
        "y": 0.6566455364227295
    },
    "INDEX_FINGER_DIP": {
        "x": 0.6866640448570251,
        "y": 0.6795056462287903
    },
    "INDEX_FINGER_TIP": {
        "x": 0.6952751874923706,
        "y": 0.6901965141296387
    },
    "MIDDLE_FINGER_MCP": {
        "x": 0.7518603801727295,
        "y": 0.6253718137741089
    },
    "MIDDLE_FINGER_PIP": {
        "x": 0.7255892753601074,
        "y": 0.676088273525238
    },
    "MIDDLE_FINGER_DIP": {
        "x": 0.7310866713523865,
        "y": 0.6783071756362915
    },
    "MIDDLE_FINGER_TIP": {
        "x": 0.7396754622459412,
        "y": 0.67054682970047
    },
    "RING_FINGER_MCP": {
        "x": 0.7922919988632202,
        "y": 0.6385001540184021
    },
    "RING_FINGER_PIP": {
        "x": 0.7632572054862976,
        "y": 0.6743205785751343
    },
    "RING_FINGER_DIP": {
        "x": 0.767276406288147,
        "y": 0.6695773601531982
    },
    "RING_FINGER_TIP": {
        "x": 0.7730479836463928,
        "y": 0.6585090160369873
    },
    "PINKY_MCP": {
        "x": 0.8249199390411377,
        "y": 0.6458338499069214
    },
    "PINKY_PIP": {
        "x": 0.8049008846282959,
        "y": 0.6748534440994263
    },
    "PINKY_DIP": {
        "x": 0.8022429943084717,
        "y": 0.6722387671470642
    },
    "PINKY_TIP": {
        "x": 0.8013960719108582,
        "y": 0.6635165214538574
    }
}