{
    "WRIST": {
        "x": 0.7425662279129028,
        "y": 0.5510665774345398
    },
    "THUMB_CMC": {
        "x": 0.6624565720558167,
        "y": 0.5341835618019104
    },
    "THUMB_MCP": {
        "x": 0.608841061592102,
        "y": 0.5133395791053772
    },
    "THUMB_IP": {
        "x": 0.5730146765708923,
        "y": 0.5106834173202515
    },
    "THUMB_TIP": {
        "x": 0.5434516668319702,
        "y": 0.5143628716468811
    },
    "INDEX_FINGER_MCP": {
        "x": 0.6475327610969543,
        "y": 0.46804875135421753
    },
    "INDEX_FINGER_PIP": {
        "x": 0.6212446689605713,
        "y": 0.44842830300331116
    },
    "INDEX_FINGER_DIP": {
        "x": 0.6173586249351501,
        "y": 0.4605581760406494
    },
    "INDEX_FINGER_TIP": {
        "x": 0.6162260174751282,
        "y": 0.47397884726524353
    },
    "MIDDLE_FINGER_MCP": {
        "x": 0.6792261600494385,
        "y": 0.48199623823165894
    },
    "MIDDLE_FINGER_PIP": {
        "x": 0.6445372700691223,
        "y": 0.46492689847946167
    },
    "MIDDLE_FINGER_DIP": {
        "x": 0.6132407188415527,
        "y": 0.46934816241264343
    },
    "MIDDLE_FINGER_TIP": {
        "x": 0.5912954211235046,
        "y": 0.47342661023139954
    },
    "RING_FINGER_MCP": {
        "x": 0.6992782354354858,
        "y": 0.5037150382995605
    },
    "RING_FINGER_PIP": {
        "x": 0.6543623805046082,
        "y": 0.5058459639549255
    },
    "RING_FINGER_DIP": {
        "x": 0.6346902251243591,
        "y": 0.5210752487182617
    },
    "RING_FINGER_TIP": {
        "x": 0.6237497925758362,
        "y": 0.5315005779266357
    },
    "PINKY_MCP": {
        "x": 0.71467524766922,
        "y": 0.5312814116477966
    },
    "PINKY_PIP": {
        "x": 0.6627219319343567,
        "y": 0.5358082056045532
    },
    "PINKY_DIP": {
        "x": 0.6347284317016602,
        "y": 0.542523205280304
    },
    "PINKY_TIP": {
        "x": 0.6171484589576721,
        "y": 0.5465023517608643
    }
}