{
    "WRIST": {
        "x": 0.7445525527000427,
        "y": 0.5832815766334534
    },
    "THUMB_CMC": {
        "x": 0.6705127954483032,
        "y": 0.5712016820907593
    },
    "THUMB_MCP": {
        "x": 0.6273062229156494,
        "y": 0.5439480543136597
    },
    "THUMB_IP": {
        "x": 0.5831955075263977,
        "y": 0.5285322070121765
    },
    "THUMB_TIP": {
        "x": 0.5441194176673889,
        "y": 0.5190260410308838
    },
    "INDEX_FINGER_MCP": {
        "x": 0.6976973414421082,
        "y": 0.49340692162513733
    },
    "INDEX_FINGER_PIP": {
        "x": 0.6736802458763123,
        "y": 0.4658535122871399
    },
    "INDEX_FINGER_DIP": {
        "x": 0.6396569013595581,
        "y": 0.46146610379219055
    },
    "INDEX_FINGER_TIP": {
        "x": 0.6121030449867249,
        "y": 0.4691604673862457
    },
    "MIDDLE_FINGER_MCP": {
        "x": 0.7293791174888611,
        "y": 0.4994446933269501
    },
    "MIDDLE_FINGER_PIP": {
        "x": 0.6909544467926025,
        "y": 0.4631182551383972
    },
    "MIDDLE_FINGER_DIP": {
        "x": 0.6535824537277222,
        "y": 0.46208086609840393
    },
    "MIDDLE_FINGER_TIP": {
        "x": 0.6324644088745117,
        "y": 0.4682982563972473
    },
    "RING_FINGER_MCP": {
        "x": 0.7439807653427124,
        "y": 0.5168725848197937
    },
    "RING_FINGER_PIP": {
        "x": 0.6774030923843384,
        "y": 0.4916067123413086
    },
    "RING_FINGER_DIP": {
        "x": 0.6306325197219849,
        "y": 0.5018802881240845
    },
    "RING_FINGER_TIP": {
        "x": 0.6072959899902344,
        "y": 0.5126973986625671
    },
    "PINKY_MCP": {
        "x": 0.7396130561828613,
        "y": 0.5406108498573303
    },
    "PINKY_PIP": {
        "x": 0.6714752316474915,
        "y": 0.531753659248352
    },
    "PINKY_DIP": {
        "x": 0.6245503425598145,
        "y": 0.5338245034217834
    },
    "PINKY_TIP": {
        "x": 0.5932397842407227,
        "y": 0.5347712635993958
    }
}