{
    "WRIST": {
        "x": 0.8566898703575134,
        "y": 0.6556787490844727
    },
    "THUMB_CMC": {
        "x": 0.78657466173172,
        "y": 0.6879134178161621
    },
    "THUMB_MCP": {
        "x": 0.7838029861450195,
        "y": 0.7369716763496399
    },
    "THUMB_IP": {
        "x": 0.8155332803726196,
        "y": 0.7728137373924255
    },
    "THUMB_TIP": {
        "x": 0.8498680591583252,
        "y": 0.7961171865463257
    },
    "INDEX_FINGER_MCP": {
        "x": 0.8213895559310913,
        "y": 0.7496355175971985
    },
    "INDEX_FINGER_PIP": {
        "x": 0.8613170981407166,
        "y": 0.8129286170005798
    },
    "INDEX_FINGER_DIP": {
        "x": 0.8695891499519348,
        "y": 0.8491861820220947
    },
    "INDEX_FINGER_TIP": {
        "x": 0.8764110803604126,
        "y": 0.8754891753196716
    },
    "MIDDLE_FINGER_MCP": {
        "x": 0.8707661032676697,
        "y": 0.7474547624588013
    },
    "MIDDLE_FINGER_PIP": {
        "x": 0.9023798704147339,
        "y": 0.8075648546218872
    },
    "MIDDLE_FINGER_DIP": {
        "x": 0.8955968618392944,
        "y": 0.8347660303115845
    },
    "MIDDLE_FINGER_TIP": {
        "x": 0.8882485628128052,
        "y": 0.8464993238449097
    },
    "RING_FINGER_MCP": {
        "x": 0.906884491443634,
        "y": 0.7427334189414978
    },
    "RING_FINGER_PIP": {
        "x": 0.9108017086982727,
        "y": 0.7965658903121948
    },
    "RING_FINGER_DIP": {
        "x": 0.880700945854187,
        "y": 0.8061845302581787
    },
    "RING_FINGER_TIP": {
        "x": 0.8593674898147583,
        "y": 0.8017852306365967
    },
    "PINKY_MCP": {
        "x": 0.9244483113288879,
        "y": 0.7370170950889587
    },
    "PINKY_PIP": {
        "x": 0.9087897539138794,
        "y": 0.7769549489021301
    },
    "PINKY_DIP": {
        "x": 0.8804982900619507,
        "y": 0.7836464643478394
    },
    "PINKY_TIP": {
        "x": 0.8580513596534729,
        "y": 0.7813705801963806
    }
}