{
    "WRIST": {
        "x": 0.7427225112915039,
        "y": 0.6137022376060486
    },
    "THUMB_CMC": {
        "x": 0.6678171753883362,
        "y": 0.591159462928772
    },
    "THUMB_MCP": {
        "x": 0.6320242881774902,
        "y": 0.5657707452774048
    },
    "THUMB_IP": {
        "x": 0.5941899418830872,
        "y": 0.5486317873001099
    },
    "THUMB_TIP": {
        "x": 0.5587214827537537,
        "y": 0.5311076045036316
    },
    "INDEX_FINGER_MCP": {
        "x": 0.7204582691192627,
        "y": 0.51596599817276
    },
    "INDEX_FINGER_PIP": {
        "x": 0.6863086819648743,
        "y": 0.4736022353172302
    },
    "INDEX_FINGER_DIP": {
        "x": 0.6447964310646057,
        "y": 0.47563567757606506
    },
    "INDEX_FINGER_TIP": {
        "x": 0.6216546297073364,
        "y": 0.4879518747329712
    },
    "MIDDLE_FINGER_MCP": {
        "x": 0.7428237795829773,
        "y": 0.5211663842201233
    },
    "MIDDLE_FINGER_PIP": {
        "x": 0.6874441504478455,
        "y": 0.47616761922836304
    },
    "MIDDLE_FINGER_DIP": {
        "x": 0.6362865567207336,
        "y": 0.4887180030345917
    },
    "MIDDLE_FINGER_TIP": {
        "x": 0.6197353005409241,
        "y": 0.505250096321106
    },
    "RING_FINGER_MCP": {
        "x": 0.7526415586471558,
        "y": 0.5360214710235596
    },
    "RING_FINGER_PIP": {
        "x": 0.693751871585846,
        "y": 0.49558329582214355
    },
    "RING_FINGER_DIP": {
        "x": 0.643109142780304,
        "y": 0.5054463744163513
    },
    "RING_FINGER_TIP": {
        "x": 0.6267157196998596,
        "y": 0.519421398639679
    },
    "PINKY_MCP": {
        "x": 0.7445371747016907,
        "y": 0.5578609108924866
    },
    "PINKY_PIP": {
        "x": 0.6872565150260925,
        "y": 0.5329081416130066
    },
    "PINKY_DIP": {
        "x": 0.6392592191696167,
        "y": 0.5319334864616394
    },
    "PINKY_TIP": {
        "x": 0.6131125092506409,
        "y": 0.5368620157241821
    }
}