{
    "WRIST": {
        "x": 0.8248772025108337,
        "y": 0.6379376649856567
    },
    "THUMB_CMC": {
        "x": 0.740342915058136,
        "y": 0.6673071384429932
    },
    "THUMB_MCP": {
        "x": 0.721917986869812,
        "y": 0.7170649766921997
    },
    "THUMB_IP": {
        "x": 0.7459246516227722,
        "y": 0.7605341076850891
    },
    "THUMB_TIP": {
        "x": 0.7814186811447144,
        "y": 0.7875180244445801
    },
    "INDEX_FINGER_MCP": {
        "x": 0.7859669923782349,
        "y": 0.7360660433769226
    },
    "INDEX_FINGER_PIP": {
        "x": 0.8105030059814453,
        "y": 0.8012277483940125
    },
    "INDEX_FINGER_DIP": {
        "x": 0.8209025263786316,
        "y": 0.8368203043937683
    },
    "INDEX_FINGER_TIP": {
        "x": 0.8309639096260071,
        "y": 0.8611953258514404
    },
    "MIDDLE_FINGER_MCP": {
        "x": 0.8447734117507935,
        "y": 0.7347930669784546
    },
    "MIDDLE_FINGER_PIP": {
        "x": 0.8679121732711792,
        "y": 0.7994359135627747
    },
    "MIDDLE_FINGER_DIP": {
        "x": 0.8633225560188293,
        "y": 0.8257162570953369
    },
    "MIDDLE_FINGER_TIP": {
        "x": 0.8580422401428223,
        "y": 0.83439040184021
    },
    "RING_FINGER_MCP": {
        "x": 0.8821836709976196,
        "y": 0.7300899624824524
    },
    "RING_FINGER_PIP": {
        "x": 0.8842282295227051,
        "y": 0.7898103594779968
    },
    "RING_FINGER_DIP": {
        "x": 0.8733231425285339,
        "y": 0.818276047706604
    },
    "RING_FINGER_TIP": {
        "x": 0.8650393486022949,
        "y": 0.8312753438949585
    },
    "PINKY_MCP": {
        "x": 0.8995342254638672,
        "y": 0.7229511737823486
    },
    "PINKY_PIP": {
        "x": 0.8727743625640869,
        "y": 0.7660003304481506
    },
    "PINKY_DIP": {
        "x": 0.8443132042884827,
        "y": 0.7761157751083374
    },
    "PINKY_TIP": {
        "x": 0.82346510887146,
        "y": 0.7786558866500854
    }
}