{
    "WRIST": {
        "x": 0.7362040281295776,
        "y": 0.6401801109313965
    },
    "THUMB_CMC": {
        "x": 0.6674470901489258,
        "y": 0.6156461834907532
    },
    "THUMB_MCP": {
        "x": 0.6337502598762512,
        "y": 0.5826987624168396
    },
    "THUMB_IP": {
        "x": 0.6031973361968994,
        "y": 0.5606594681739807
    },
    "THUMB_TIP": {
        "x": 0.5926460027694702,
        "y": 0.5417971014976501
    },
    "INDEX_FINGER_MCP": {
        "x": 0.731037974357605,
        "y": 0.5371701121330261
    },
    "INDEX_FINGER_PIP": {
        "x": 0.6734246015548706,
        "y": 0.5063443183898926
    },
    "INDEX_FINGER_DIP": {
        "x": 0.6250289678573608,
        "y": 0.5247076749801636
    },
    "INDEX_FINGER_TIP": {
        "x": 0.6075944304466248,
        "y": 0.5440537929534912
    },
    "MIDDLE_FINGER_MCP": {
        "x": 0.7555657625198364,
        "y": 0.5407370328903198
    },
    "MIDDLE_FINGER_PIP": {
        "x": 0.6772022247314453,
        "y": 0.5009790062904358
    },
    "MIDDLE_FINGER_DIP": {
        "x": 0.6229010224342346,
        "y": 0.5213003158569336
    },
    "MIDDLE_FINGER_TIP": {
        "x": 0.6179800033569336,
        "y": 0.5424966812133789
    },
    "RING_FINGER_MCP": {
        "x": 0.7667080163955688,
        "y": 0.5510351657867432
    },
    "RING_FINGER_PIP": {
        "x": 0.6878892779350281,
        "y": 0.5083266496658325
    },
    "RING_FINGER_DIP": {
        "x": 0.6296725869178772,
        "y": 0.5268608927726746
    },
    "RING_FINGER_TIP": {
        "x": 0.6206833124160767,
        "y": 0.5483123064041138
    },
    "PINKY_MCP": {
        "x": 0.7587378025054932,
        "y": 0.5668973326683044
    },
    "PINKY_PIP": {
        "x": 0.6917630434036255,
        "y": 0.5337327718734741
    },
    "PINKY_DIP": {
        "x": 0.6436905860900879,
        "y": 0.5375964641571045
    },
    "PINKY_TIP": {
        "x": 0.6281266808509827,
        "y": 0.5474395751953125
    }
}