{
    "WRIST": {
        "x": 0.8383729457855225,
        "y": 0.6396861672401428
    },
    "THUMB_CMC": {
        "x": 0.7501723766326904,
        "y": 0.666420042514801
    },
    "THUMB_MCP": {
        "x": 0.7309682369232178,
        "y": 0.7141848802566528
    },
    "THUMB_IP": {
        "x": 0.7525922060012817,
        "y": 0.756914496421814
    },
    "THUMB_TIP": {
        "x": 0.7829643487930298,
        "y": 0.7847762107849121
    },
    "INDEX_FINGER_MCP": {
        "x": 0.7972655296325684,
        "y": 0.7366271018981934
    },
    "INDEX_FINGER_PIP": {
        "x": 0.8199764490127563,
        "y": 0.8011776804924011
    },
    "INDEX_FINGER_DIP": {
        "x": 0.8265504837036133,
        "y": 0.8383049964904785
    },
    "INDEX_FINGER_TIP": {
        "x": 0.8341217041015625,
        "y": 0.8646361231803894
    },
    "MIDDLE_FINGER_MCP": {
        "x": 0.857417106628418,
        "y": 0.7364246249198914
    },
    "MIDDLE_FINGER_PIP": {
        "x": 0.8831238746643066,
        "y": 0.7994493246078491
    },
    "MIDDLE_FINGER_DIP": {
        "x": 0.8768256306648254,
        "y": 0.8270366191864014
    },
    "MIDDLE_FINGER_TIP": {
        "x": 0.8689071536064148,
        "y": 0.8389182090759277
    },
    "RING_FINGER_MCP": {
        "x": 0.8934218883514404,
        "y": 0.7317156195640564
    },
    "RING_FINGER_PIP": {
        "x": 0.8904271721839905,
        "y": 0.7894285917282104
    },
    "RING_FINGER_DIP": {
        "x": 0.8694190382957458,
        "y": 0.8114737272262573
    },
    "RING_FINGER_TIP": {
        "x": 0.8551888465881348,
        "y": 0.8184965252876282
    },
    "PINKY_MCP": {
        "x": 0.9071930050849915,
        "y": 0.7237874269485474
    },
    "PINKY_PIP": {
        "x": 0.8787237405776978,
        "y": 0.7662620544433594
    },
    "PINKY_DIP": {
        "x": 0.8492764234542847,
        "y": 0.7762600779533386
    },
    "PINKY_TIP": {
        "x": 0.8291906118392944,
        "y": 0.7784795165061951
    }
}