{
    "WRIST": {
        "x": 0.8705896139144897,
        "y": 0.6559580564498901
    },
    "THUMB_CMC": {
        "x": 0.7915301322937012,
        "y": 0.6823855638504028
    },
    "THUMB_MCP": {
        "x": 0.7766643762588501,
        "y": 0.7282282710075378
    },
    "THUMB_IP": {
        "x": 0.7948508262634277,
        "y": 0.7702807784080505
    },
    "THUMB_TIP": {
        "x": 0.8210631012916565,
        "y": 0.801297128200531
    },
    "INDEX_FINGER_MCP": {
        "x": 0.8744671940803528,
        "y": 0.7494385838508606
    },
    "INDEX_FINGER_PIP": {
        "x": 0.8985100984573364,
        "y": 0.8110820651054382
    },
    "INDEX_FINGER_DIP": {
        "x": 0.8899885416030884,
        "y": 0.8475301861763
    },
    "INDEX_FINGER_TIP": {
        "x": 0.8842548727989197,
        "y": 0.8711513876914978
    },
    "MIDDLE_FINGER_MCP": {
        "x": 0.9189603328704834,
        "y": 0.7487521171569824
    },
    "MIDDLE_FINGER_PIP": {
        "x": 0.9406041502952576,
        "y": 0.808944582939148
    },
    "MIDDLE_FINGER_DIP": {
        "x": 0.92198646068573,
        "y": 0.8433721661567688
    },
    "MIDDLE_FINGER_TIP": {
        "x": 0.9048751592636108,
        "y": 0.8605476021766663
    },
    "RING_FINGER_MCP": {
        "x": 0.9420020580291748,
        "y": 0.7440930008888245
    },
    "RING_FINGER_PIP": {
        "x": 0.9203695058822632,
        "y": 0.7988220453262329
    },
    "RING_FINGER_DIP": {
        "x": 0.88486647605896,
        "y": 0.8129596710205078
    },
    "RING_FINGER_TIP": {
        "x": 0.8652096390724182,
        "y": 0.8103665709495544
    },
    "PINKY_MCP": {
        "x": 0.9464045763015747,
        "y": 0.737464189529419
    },
    "PINKY_PIP": {
        "x": 0.9175289869308472,
        "y": 0.7786809802055359
    },
    "PINKY_DIP": {
        "x": 0.8885862231254578,
        "y": 0.7885327935218811
    },
    "PINKY_TIP": {
        "x": 0.8694573044776917,
        "y": 0.7869598865509033
    }
}