{
    "WRIST": {
        "x": 0.6914212107658386,
        "y": 0.4864155352115631
    },
    "THUMB_CMC": {
        "x": 0.6634450554847717,
        "y": 0.5096546411514282
    },
    "THUMB_MCP": {
        "x": 0.6360530853271484,
        "y": 0.5140982270240784
    },
    "THUMB_IP": {
        "x": 0.6212653517723083,
        "y": 0.5089160799980164
    },
    "THUMB_TIP": {
        "x": 0.5964236259460449,
        "y": 0.4950997829437256
    },
    "INDEX_FINGER_MCP": {
        "x": 0.689236044883728,
        "y": 0.531841516494751
    },
    "INDEX_FINGER_PIP": {
        "x": 0.7208863496780396,
        "y": 0.5738980770111084
    },
    "INDEX_FINGER_DIP": {
        "x": 0.7088629603385925,
        "y": 0.5929836630821228
    },
    "INDEX_FINGER_TIP": {
        "x": 0.6928326487541199,
        "y": 0.5974380373954773
    },
    "MIDDLE_FINGER_MCP": {
        "x": 0.7038797736167908,
        "y": 0.5205981135368347
    },
    "MIDDLE_FINGER_PIP": {
        "x": 0.7448252439498901,
        "y": 0.5218791365623474
    },
    "MIDDLE_FINGER_DIP": {
        "x": 0.7159672975540161,
        "y": 0.4881508946418762
    },
    "MIDDLE_FINGER_TIP": {
        "x": 0.6837676167488098,
        "y": 0.4528910219669342
    },
    "RING_FINGER_MCP": {
        "x": 0.7039457559585571,
        "y": 0.49585944414138794
    },
    "RING_FINGER_PIP": {
        "x": 0.7321077585220337,
        "y": 0.4712335169315338
    },
    "RING_FINGER_DIP": {
        "x": 0.6911215782165527,
        "y": 0.42826545238494873
    },
    "RING_FINGER_TIP": {
        "x": 0.648027777671814,
        "y": 0.3939070701599121
    },
    "PINKY_MCP": {
        "x": 0.6946519017219543,
        "y": 0.4730594754219055
    },
    "PINKY_PIP": {
        "x": 0.6941506266593933,
        "y": 0.4415813386440277
    },
    "PINKY_DIP": {
        "x": 0.6569704413414001,
        "y": 0.4111536145210266
    },
    "PINKY_TIP": {
        "x": 0.6160848140716553,
        "y": 0.38440537452697754
    }
}