{
    "WRIST": {
        "x": 0.8545096516609192,
        "y": 0.6475518941879272
    },
    "THUMB_CMC": {
        "x": 0.7715954780578613,
        "y": 0.6735029816627502
    },
    "THUMB_MCP": {
        "x": 0.7487255334854126,
        "y": 0.718087911605835
    },
    "THUMB_IP": {
        "x": 0.7672760486602783,
        "y": 0.7585151791572571
    },
    "THUMB_TIP": {
        "x": 0.8007810115814209,
        "y": 0.7850799560546875
    },
    "INDEX_FINGER_MCP": {
        "x": 0.8199401497840881,
        "y": 0.7434675097465515
    },
    "INDEX_FINGER_PIP": {
        "x": 0.8398633003234863,
        "y": 0.8059404492378235
    },
    "INDEX_FINGER_DIP": {
        "x": 0.8460160493850708,
        "y": 0.8437392115592957
    },
    "INDEX_FINGER_TIP": {
        "x": 0.8521646857261658,
        "y": 0.8700780868530273
    },
    "MIDDLE_FINGER_MCP": {
        "x": 0.8771176934242249,
        "y": 0.7417522668838501
    },
    "MIDDLE_FINGER_PIP": {
        "x": 0.9077258706092834,
        "y": 0.7963283061981201
    },
    "MIDDLE_FINGER_DIP": {
        "x": 0.9081986546516418,
        "y": 0.8312498927116394
    },
    "MIDDLE_FINGER_TIP": {
        "x": 0.9032021760940552,
        "y": 0.8494043350219727
    },
    "RING_FINGER_MCP": {
        "x": 0.9122862219810486,
        "y": 0.7347078323364258
    },
    "RING_FINGER_PIP": {
        "x": 0.8927794694900513,
        "y": 0.7838462591171265
    },
    "RING_FINGER_DIP": {
        "x": 0.8634654879570007,
        "y": 0.8004400134086609
    },
    "RING_FINGER_TIP": {
        "x": 0.844548225402832,
        "y": 0.8017837405204773
    },
    "PINKY_MCP": {
        "x": 0.9257875680923462,
        "y": 0.7253766059875488
    },
    "PINKY_PIP": {
        "x": 0.889718770980835,
        "y": 0.7655327916145325
    },
    "PINKY_DIP": {
        "x": 0.8600478768348694,
        "y": 0.7731583118438721
    },
    "PINKY_TIP": {
        "x": 0.8400205373764038,
        "y": 0.7705294489860535
    }
}