{
    "WRIST": {
        "x": 0.7460590600967407,
        "y": 0.540319561958313
    },
    "THUMB_CMC": {
        "x": 0.7075958251953125,
        "y": 0.5090214610099792
    },
    "THUMB_MCP": {
        "x": 0.6501844525337219,
        "y": 0.4982706308364868
    },
    "THUMB_IP": {
        "x": 0.6185455918312073,
        "y": 0.5156323909759521
    },
    "THUMB_TIP": {
        "x": 0.61624675989151,
        "y": 0.5371496677398682
    },
    "INDEX_FINGER_MCP": {
        "x": 0.6096082329750061,
        "y": 0.48361873626708984
    },
    "INDEX_FINGER_PIP": {
        "x": 0.5629279017448425,
        "y": 0.48447132110595703
    },
    "INDEX_FINGER_DIP": {
        "x": 0.6018102169036865,
        "y": 0.49402523040771484
    },
    "INDEX_FINGER_TIP": {
        "x": 0.6271927952766418,
        "y": 0.49758103489875793
    },
    "MIDDLE_FINGER_MCP": {
        "x": 0.6153309941291809,
        "y": 0.5084840059280396
    },
    "MIDDLE_FINGER_PIP": {
        "x": 0.5458322167396545,
        "y": 0.5106543302536011
    },
    "MIDDLE_FINGER_DIP": {
        "x": 0.5757459402084351,
        "y": 0.5161706209182739
    },
    "MIDDLE_FINGER_TIP": {
        "x": 0.6003296375274658,
        "y": 0.516477108001709
    },
    "RING_FINGER_MCP": {
        "x": 0.6287108063697815,
        "y": 0.5352820754051208
    },
    "RING_FINGER_PIP": {
        "x": 0.5798003077507019,
        "y": 0.5502431392669678
    },
    "RING_FINGER_DIP": {
        "x": 0.6168163418769836,
        "y": 0.5463509559631348
    },
    "RING_FINGER_TIP": {
        "x": 0.6411617994308472,
        "y": 0.5360109806060791
    },
    "PINKY_MCP": {
        "x": 0.6523218154907227,
        "y": 0.5599497556686401
    },
    "PINKY_PIP": {
        "x": 0.6319698691368103,
        "y": 0.5746545195579529
    },
    "PINKY_DIP": {
        "x": 0.6607723236083984,
        "y": 0.5665336847305298
    },
    "PINKY_TIP": {
        "x": 0.6798766255378723,
        "y": 0.5527616739273071
    }
}