{
    "WRIST": {
        "x": 0.7511553764343262,
        "y": 0.6058170795440674
    },
    "THUMB_CMC": {
        "x": 0.6735316514968872,
        "y": 0.584104061126709
    },
    "THUMB_MCP": {
        "x": 0.6340032815933228,
        "y": 0.5553107261657715
    },
    "THUMB_IP": {
        "x": 0.591658353805542,
        "y": 0.5379149317741394
    },
    "THUMB_TIP": {
        "x": 0.5529097318649292,
        "y": 0.5208572149276733
    },
    "INDEX_FINGER_MCP": {
        "x": 0.7268862724304199,
        "y": 0.5000631213188171
    },
    "INDEX_FINGER_PIP": {
        "x": 0.7063011527061462,
        "y": 0.458017498254776
    },
    "INDEX_FINGER_DIP": {
        "x": 0.666928768157959,
        "y": 0.45365816354751587
    },
    "INDEX_FINGER_TIP": {
        "x": 0.6382808089256287,
        "y": 0.4630427360534668
    },
    "MIDDLE_FINGER_MCP": {
        "x": 0.7501148581504822,
        "y": 0.5072565674781799
    },
    "MIDDLE_FINGER_PIP": {
        "x": 0.7004139423370361,
        "y": 0.46313369274139404
    },
    "MIDDLE_FINGER_DIP": {
        "x": 0.6461328864097595,
        "y": 0.4724090099334717
    },
    "MIDDLE_FINGER_TIP": {
        "x": 0.6228506565093994,
        "y": 0.4879463315010071
    },
    "RING_FINGER_MCP": {
        "x": 0.7544687390327454,
        "y": 0.5245357751846313
    },
    "RING_FINGER_PIP": {
        "x": 0.6869986057281494,
        "y": 0.4910784065723419
    },
    "RING_FINGER_DIP": {
        "x": 0.6336740851402283,
        "y": 0.5026406049728394
    },
    "RING_FINGER_TIP": {
        "x": 0.6135110855102539,
        "y": 0.5153287649154663
    },
    "PINKY_MCP": {
        "x": 0.7384539246559143,
        "y": 0.5482509732246399
    },
    "PINKY_PIP": {
        "x": 0.670712947845459,
        "y": 0.5270258188247681
    },
    "PINKY_DIP": {
        "x": 0.6234899759292603,
        "y": 0.5272480249404907
    },
    "PINKY_TIP": {
        "x": 0.5991129279136658,
        "y": 0.5292898416519165
    }
}