{
    "WRIST": {
        "x": 0.8295516967773438,
        "y": 0.6271597743034363
    },
    "THUMB_CMC": {
        "x": 0.7509912848472595,
        "y": 0.632773220539093
    },
    "THUMB_MCP": {
        "x": 0.6860649585723877,
        "y": 0.6183839440345764
    },
    "THUMB_IP": {
        "x": 0.6528298854827881,
        "y": 0.6022155284881592
    },
    "THUMB_TIP": {
        "x": 0.6752369999885559,
        "y": 0.59056556224823
    },
    "INDEX_FINGER_MCP": {
        "x": 0.7235161662101746,
        "y": 0.5283540487289429
    },
    "INDEX_FINGER_PIP": {
        "x": 0.7179592251777649,
        "y": 0.47813400626182556
    },
    "INDEX_FINGER_DIP": {
        "x": 0.7236186265945435,
        "y": 0.48319104313850403
    },
    "INDEX_FINGER_TIP": {
        "x": 0.7322206497192383,
        "y": 0.4997669756412506
    },
    "MIDDLE_FINGER_MCP": {
        "x": 0.778701663017273,
        "y": 0.5177773237228394
    },
    "MIDDLE_FINGER_PIP": {
        "x": 0.7781673669815063,
        "y": 0.4528030753135681
    },
    "MIDDLE_FINGER_DIP": {
        "x": 0.7812527418136597,
        "y": 0.41286617517471313
    },
    "MIDDLE_FINGER_TIP": {
        "x": 0.7828547358512878,
        "y": 0.377663791179657
    },
    "RING_FINGER_MCP": {
        "x": 0.8316858410835266,
        "y": 0.5201314687728882
    },
    "RING_FINGER_PIP": {
        "x": 0.8301081657409668,
        "y": 0.45769011974334717
    },
    "RING_FINGER_DIP": {
        "x": 0.8298861384391785,
        "y": 0.41806310415267944
    },
    "RING_FINGER_TIP": {
        "x": 0.8270730376243591,
        "y": 0.38650113344192505
    },
    "PINKY_MCP": {
        "x": 0.8886120915412903,
        "y": 0.5311216115951538
    },
    "PINKY_PIP": {
        "x": 0.8843823671340942,
        "y": 0.48099228739738464
    },
    "PINKY_DIP": {
        "x": 0.8811798095703125,
        "y": 0.4493115246295929
    },
    "PINKY_TIP": {
        "x": 0.8761655688285828,
        "y": 0.4216904640197754
    }
}