{
    "WRIST": {
        "x": 0.7925822138786316,
        "y": 0.6102216839790344
    },
    "THUMB_CMC": {
        "x": 0.7154927253723145,
        "y": 0.6124185919761658
    },
    "THUMB_MCP": {
        "x": 0.6525141000747681,
        "y": 0.5915939807891846
    },
    "THUMB_IP": {
        "x": 0.625287652015686,
        "y": 0.5714191198348999
    },
    "THUMB_TIP": {
        "x": 0.6453304290771484,
        "y": 0.5585745573043823
    },
    "INDEX_FINGER_MCP": {
        "x": 0.6870426535606384,
        "y": 0.5023481845855713
    },
    "INDEX_FINGER_PIP": {
        "x": 0.6757780313491821,
        "y": 0.45833081007003784
    },
    "INDEX_FINGER_DIP": {
        "x": 0.6766977310180664,
        "y": 0.4594666659832001
    },
    "INDEX_FINGER_TIP": {
        "x": 0.6839029788970947,
        "y": 0.4703737795352936
    },
    "MIDDLE_FINGER_MCP": {
        "x": 0.7327701449394226,
        "y": 0.4911951422691345
    },
    "MIDDLE_FINGER_PIP": {
        "x": 0.729010283946991,
        "y": 0.4308619797229767
    },
    "MIDDLE_FINGER_DIP": {
        "x": 0.7253912687301636,
        "y": 0.3961140811443329
    },
    "MIDDLE_FINGER_TIP": {
        "x": 0.7208669781684875,
        "y": 0.36563295125961304
    },
    "RING_FINGER_MCP": {
        "x": 0.7783568501472473,
        "y": 0.4927937090396881
    },
    "RING_FINGER_PIP": {
        "x": 0.7757424712181091,
        "y": 0.4330686926841736
    },
    "RING_FINGER_DIP": {
        "x": 0.7724540829658508,
        "y": 0.39757025241851807
    },
    "RING_FINGER_TIP": {
        "x": 0.7676011323928833,
        "y": 0.366758793592453
    },
    "PINKY_MCP": {
        "x": 0.8300071954727173,
        "y": 0.5042808651924133
    },
    "PINKY_PIP": {
        "x": 0.8303683996200562,
        "y": 0.4588477313518524
    },
    "PINKY_DIP": {
        "x": 0.8247681856155396,
        "y": 0.4311389625072479
    },
    "PINKY_TIP": {
        "x": 0.8173331618309021,
        "y": 0.404006689786911
    }
}