{
    "WRIST": {
        "x": 0.7860114574432373,
        "y": 0.6130345463752747
    },
    "THUMB_CMC": {
        "x": 0.7078080177307129,
        "y": 0.617937445640564
    },
    "THUMB_MCP": {
        "x": 0.6436694860458374,
        "y": 0.6034659743309021
    },
    "THUMB_IP": {
        "x": 0.6114242076873779,
        "y": 0.5861154198646545
    },
    "THUMB_TIP": {
        "x": 0.6257039308547974,
        "y": 0.5717966556549072
    },
    "INDEX_FINGER_MCP": {
        "x": 0.6698874235153198,
        "y": 0.511461615562439
    },
    "INDEX_FINGER_PIP": {
        "x": 0.657128095626831,
        "y": 0.46664220094680786
    },
    "INDEX_FINGER_DIP": {
        "x": 0.6616005301475525,
        "y": 0.4734182059764862
    },
    "INDEX_FINGER_TIP": {
        "x": 0.6712193489074707,
        "y": 0.48747432231903076
    },
    "MIDDLE_FINGER_MCP": {
        "x": 0.7183670997619629,
        "y": 0.4989197850227356
    },
    "MIDDLE_FINGER_PIP": {
        "x": 0.7100531458854675,
        "y": 0.4375811815261841
    },
    "MIDDLE_FINGER_DIP": {
        "x": 0.7053666710853577,
        "y": 0.4027501940727234
    },
    "MIDDLE_FINGER_TIP": {
        "x": 0.7001736760139465,
        "y": 0.3718380331993103
    },
    "RING_FINGER_MCP": {
        "x": 0.7663129568099976,
        "y": 0.5002074837684631
    },
    "RING_FINGER_PIP": {
        "x": 0.7598205208778381,
        "y": 0.4407762289047241
    },
    "RING_FINGER_DIP": {
        "x": 0.7542747259140015,
        "y": 0.40512901544570923
    },
    "RING_FINGER_TIP": {
        "x": 0.7466186285018921,
        "y": 0.3740585148334503
    },
    "PINKY_MCP": {
        "x": 0.8196021318435669,
        "y": 0.5113788843154907
    },
    "PINKY_PIP": {
        "x": 0.8169256448745728,
        "y": 0.4652184247970581
    },
    "PINKY_DIP": {
        "x": 0.8112647533416748,
        "y": 0.4365844130516052
    },
    "PINKY_TIP": {
        "x": 0.8027031421661377,
        "y": 0.409709632396698
    }
}