{
    "WRIST": {
        "x": 0.8145122528076172,
        "y": 0.6141029596328735
    },
    "THUMB_CMC": {
        "x": 0.7368924617767334,
        "y": 0.6105173826217651
    },
    "THUMB_MCP": {
        "x": 0.6742163300514221,
        "y": 0.5910801291465759
    },
    "THUMB_IP": {
        "x": 0.6531811952590942,
        "y": 0.5745000839233398
    },
    "THUMB_TIP": {
        "x": 0.679467499256134,
        "y": 0.5700669288635254
    },
    "INDEX_FINGER_MCP": {
        "x": 0.7130816578865051,
        "y": 0.5102484822273254
    },
    "INDEX_FINGER_PIP": {
        "x": 0.7067660093307495,
        "y": 0.46745240688323975
    },
    "INDEX_FINGER_DIP": {
        "x": 0.7079849243164062,
        "y": 0.462421178817749
    },
    "INDEX_FINGER_TIP": {
        "x": 0.709195077419281,
        "y": 0.4668503701686859
    },
    "MIDDLE_FINGER_MCP": {
        "x": 0.7586110830307007,
        "y": 0.5010368227958679
    },
    "MIDDLE_FINGER_PIP": {
        "x": 0.7583060264587402,
        "y": 0.4399106800556183
    },
    "MIDDLE_FINGER_DIP": {
        "x": 0.7558610439300537,
        "y": 0.4082047939300537
    },
    "MIDDLE_FINGER_TIP": {
        "x": 0.7474415302276611,
        "y": 0.3824244439601898
    },
    "RING_FINGER_MCP": {
        "x": 0.8048795461654663,
        "y": 0.5040818452835083
    },
    "RING_FINGER_PIP": {
        "x": 0.8051956295967102,
        "y": 0.4448276460170746
    },
    "RING_FINGER_DIP": {
        "x": 0.7994346618652344,
        "y": 0.41161245107650757
    },
    "RING_FINGER_TIP": {
        "x": 0.7902981638908386,
        "y": 0.3848544955253601
    },
    "PINKY_MCP": {
        "x": 0.8565460443496704,
        "y": 0.5165905356407166
    },
    "PINKY_PIP": {
        "x": 0.857038676738739,
        "y": 0.4698241651058197
    },
    "PINKY_DIP": {
        "x": 0.8520678281784058,
        "y": 0.44173163175582886
    },
    "PINKY_TIP": {
        "x": 0.8438767790794373,
        "y": 0.4158995747566223
    }
}