{
    "WRIST": {
        "x": 0.8252038955688477,
        "y": 0.6252572536468506
    },
    "THUMB_CMC": {
        "x": 0.7530356645584106,
        "y": 0.6307792067527771
    },
    "THUMB_MCP": {
        "x": 0.6903412342071533,
        "y": 0.6151507496833801
    },
    "THUMB_IP": {
        "x": 0.659649133682251,
        "y": 0.5984928011894226
    },
    "THUMB_TIP": {
        "x": 0.6816256642341614,
        "y": 0.582361102104187
    },
    "INDEX_FINGER_MCP": {
        "x": 0.7317977547645569,
        "y": 0.5267388224601746
    },
    "INDEX_FINGER_PIP": {
        "x": 0.7234951257705688,
        "y": 0.4781735837459564
    },
    "INDEX_FINGER_DIP": {
        "x": 0.7230674624443054,
        "y": 0.4827515482902527
    },
    "INDEX_FINGER_TIP": {
        "x": 0.728485643863678,
        "y": 0.49835532903671265
    },
    "MIDDLE_FINGER_MCP": {
        "x": 0.7835520505905151,
        "y": 0.5157034397125244
    },
    "MIDDLE_FINGER_PIP": {
        "x": 0.7838022112846375,
        "y": 0.4529638886451721
    },
    "MIDDLE_FINGER_DIP": {
        "x": 0.782623291015625,
        "y": 0.41204893589019775
    },
    "MIDDLE_FINGER_TIP": {
        "x": 0.7795039415359497,
        "y": 0.37516623735427856
    },
    "RING_FINGER_MCP": {
        "x": 0.8347141146659851,
        "y": 0.5182710289955139
    },
    "RING_FINGER_PIP": {
        "x": 0.832196831703186,
        "y": 0.4566594958305359
    },
    "RING_FINGER_DIP": {
        "x": 0.8320109248161316,
        "y": 0.41562455892562866
    },
    "RING_FINGER_TIP": {
        "x": 0.8290019631385803,
        "y": 0.38048380613327026
    },
    "PINKY_MCP": {
        "x": 0.8902159929275513,
        "y": 0.5289500951766968
    },
    "PINKY_PIP": {
        "x": 0.8866598010063171,
        "y": 0.4798493981361389
    },
    "PINKY_DIP": {
        "x": 0.882752001285553,
        "y": 0.4492218792438507
    },
    "PINKY_TIP": {
        "x": 0.8772678375244141,
        "y": 0.4220278859138489
    }
}