{
    "WRIST": {
        "x": 0.8353066444396973,
        "y": 0.6232607960700989
    },
    "THUMB_CMC": {
        "x": 0.7583565711975098,
        "y": 0.6290648579597473
    },
    "THUMB_MCP": {
        "x": 0.6934286952018738,
        "y": 0.6152800917625427
    },
    "THUMB_IP": {
        "x": 0.6596574783325195,
        "y": 0.6003472805023193
    },
    "THUMB_TIP": {
        "x": 0.680290699005127,
        "y": 0.5899031758308411
    },
    "INDEX_FINGER_MCP": {
        "x": 0.7273474335670471,
        "y": 0.5272659659385681
    },
    "INDEX_FINGER_PIP": {
        "x": 0.71940678358078,
        "y": 0.4776094853878021
    },
    "INDEX_FINGER_DIP": {
        "x": 0.7241452932357788,
        "y": 0.4837215542793274
    },
    "INDEX_FINGER_TIP": {
        "x": 0.7324579358100891,
        "y": 0.5003418922424316
    },
    "MIDDLE_FINGER_MCP": {
        "x": 0.7816250920295715,
        "y": 0.5159241557121277
    },
    "MIDDLE_FINGER_PIP": {
        "x": 0.777729332447052,
        "y": 0.4508775472640991
    },
    "MIDDLE_FINGER_DIP": {
        "x": 0.7789193391799927,
        "y": 0.4108874499797821
    },
    "MIDDLE_FINGER_TIP": {
        "x": 0.7785773277282715,
        "y": 0.37518900632858276
    },
    "RING_FINGER_MCP": {
        "x": 0.834068775177002,
        "y": 0.5174347162246704
    },
    "RING_FINGER_PIP": {
        "x": 0.8288785815238953,
        "y": 0.4553805887699127
    },
    "RING_FINGER_DIP": {
        "x": 0.8280971646308899,
        "y": 0.41586247086524963
    },
    "RING_FINGER_TIP": {
        "x": 0.8251039385795593,
        "y": 0.3839162588119507
    },
    "PINKY_MCP": {
        "x": 0.8902230858802795,
        "y": 0.5274788737297058
    },
    "PINKY_PIP": {
        "x": 0.8839611411094666,
        "y": 0.47869178652763367
    },
    "PINKY_DIP": {
        "x": 0.8807698488235474,
        "y": 0.4476947784423828
    },
    "PINKY_TIP": {
        "x": 0.8752779364585876,
        "y": 0.42045316100120544
    }
}