{
    "WRIST": {
        "x": 0.8360788226127625,
        "y": 0.640630841255188
    },
    "THUMB_CMC": {
        "x": 0.7465126514434814,
        "y": 0.6441779136657715
    },
    "THUMB_MCP": {
        "x": 0.6776620149612427,
        "y": 0.6218969821929932
    },
    "THUMB_IP": {
        "x": 0.6477054953575134,
        "y": 0.6011667251586914
    },
    "THUMB_TIP": {
        "x": 0.6562091708183289,
        "y": 0.5851718187332153
    },
    "INDEX_FINGER_MCP": {
        "x": 0.732119619846344,
        "y": 0.5233423113822937
    },
    "INDEX_FINGER_PIP": {
        "x": 0.7212296724319458,
        "y": 0.47801315784454346
    },
    "INDEX_FINGER_DIP": {
        "x": 0.7126768231391907,
        "y": 0.4689493775367737
    },
    "INDEX_FINGER_TIP": {
        "x": 0.7061532735824585,
        "y": 0.4693969488143921
    },
    "MIDDLE_FINGER_MCP": {
        "x": 0.7838931083679199,
        "y": 0.5126286745071411
    },
    "MIDDLE_FINGER_PIP": {
        "x": 0.7866235971450806,
        "y": 0.4470924139022827
    },
    "MIDDLE_FINGER_DIP": {
        "x": 0.7822487950325012,
        "y": 0.41087719798088074
    },
    "MIDDLE_FINGER_TIP": {
        "x": 0.7733436226844788,
        "y": 0.3814128339290619
    },
    "RING_FINGER_MCP": {
        "x": 0.8309800028800964,
        "y": 0.5162168741226196
    },
    "RING_FINGER_PIP": {
        "x": 0.8392818570137024,
        "y": 0.4533786475658417
    },
    "RING_FINGER_DIP": {
        "x": 0.8353909254074097,
        "y": 0.419887900352478
    },
    "RING_FINGER_TIP": {
        "x": 0.8275424242019653,
        "y": 0.3961218595504761
    },
    "PINKY_MCP": {
        "x": 0.8788405060768127,
        "y": 0.5289604663848877
    },
    "PINKY_PIP": {
        "x": 0.8823082447052002,
        "y": 0.4782276153564453
    },
    "PINKY_DIP": {
        "x": 0.8791401386260986,
        "y": 0.44729483127593994
    },
    "PINKY_TIP": {
        "x": 0.8713486790657043,
        "y": 0.4217687249183655
    }
}