{
    "WRIST": {
        "x": 0.7824451327323914,
        "y": 0.6040029525756836
    },
    "THUMB_CMC": {
        "x": 0.7100919485092163,
        "y": 0.6091694831848145
    },
    "THUMB_MCP": {
        "x": 0.6481435298919678,
        "y": 0.5908329486846924
    },
    "THUMB_IP": {
        "x": 0.6198476552963257,
        "y": 0.5721225142478943
    },
    "THUMB_TIP": {
        "x": 0.6402363181114197,
        "y": 0.5587674379348755
    },
    "INDEX_FINGER_MCP": {
        "x": 0.6817499399185181,
        "y": 0.5024409294128418
    },
    "INDEX_FINGER_PIP": {
        "x": 0.6704077124595642,
        "y": 0.45907655358314514
    },
    "INDEX_FINGER_DIP": {
        "x": 0.6726295351982117,
        "y": 0.46446457505226135
    },
    "INDEX_FINGER_TIP": {
        "x": 0.6801115870475769,
        "y": 0.47715291380882263
    },
    "MIDDLE_FINGER_MCP": {
        "x": 0.7269137501716614,
        "y": 0.4919012784957886
    },
    "MIDDLE_FINGER_PIP": {
        "x": 0.7192960977554321,
        "y": 0.4337955713272095
    },
    "MIDDLE_FINGER_DIP": {
        "x": 0.7156521677970886,
        "y": 0.3990100026130676
    },
    "MIDDLE_FINGER_TIP": {
        "x": 0.7139073014259338,
        "y": 0.3671777546405792
    },
    "RING_FINGER_MCP": {
        "x": 0.7713243961334229,
        "y": 0.49385085701942444
    },
    "RING_FINGER_PIP": {
        "x": 0.7637402415275574,
        "y": 0.4365190267562866
    },
    "RING_FINGER_DIP": {
        "x": 0.7589336037635803,
        "y": 0.40085339546203613
    },
    "RING_FINGER_TIP": {
        "x": 0.754591703414917,
        "y": 0.369859516620636
    },
    "PINKY_MCP": {
        "x": 0.8206232190132141,
        "y": 0.5060380101203918
    },
    "PINKY_PIP": {
        "x": 0.8175423741340637,
        "y": 0.45891332626342773
    },
    "PINKY_DIP": {
        "x": 0.8125137686729431,
        "y": 0.43064236640930176
    },
    "PINKY_TIP": {
        "x": 0.8065555095672607,
        "y": 0.4043118357658386
    }
}