{
    "WRIST": {
        "x": 0.794456422328949,
        "y": 0.6084458231925964
    },
    "THUMB_CMC": {
        "x": 0.720557689666748,
        "y": 0.6103558540344238
    },
    "THUMB_MCP": {
        "x": 0.6620632410049438,
        "y": 0.5916484594345093
    },
    "THUMB_IP": {
        "x": 0.6393066644668579,
        "y": 0.5743509531021118
    },
    "THUMB_TIP": {
        "x": 0.6643926501274109,
        "y": 0.5656495094299316
    },
    "INDEX_FINGER_MCP": {
        "x": 0.6953843235969543,
        "y": 0.5044617652893066
    },
    "INDEX_FINGER_PIP": {
        "x": 0.685072124004364,
        "y": 0.46080726385116577
    },
    "INDEX_FINGER_DIP": {
        "x": 0.6837583780288696,
        "y": 0.45974746346473694
    },
    "INDEX_FINGER_TIP": {
        "x": 0.6884159445762634,
        "y": 0.4673311412334442
    },
    "MIDDLE_FINGER_MCP": {
        "x": 0.7431952357292175,
        "y": 0.49491438269615173
    },
    "MIDDLE_FINGER_PIP": {
        "x": 0.7414329648017883,
        "y": 0.437019407749176
    },
    "MIDDLE_FINGER_DIP": {
        "x": 0.7381665706634521,
        "y": 0.4028685688972473
    },
    "MIDDLE_FINGER_TIP": {
        "x": 0.7324165105819702,
        "y": 0.371589332818985
    },
    "RING_FINGER_MCP": {
        "x": 0.7903022170066833,
        "y": 0.4986037015914917
    },
    "RING_FINGER_PIP": {
        "x": 0.7923317551612854,
        "y": 0.44272056221961975
    },
    "RING_FINGER_DIP": {
        "x": 0.7886016368865967,
        "y": 0.4089632034301758
    },
    "RING_FINGER_TIP": {
        "x": 0.7817825675010681,
        "y": 0.37929195165634155
    },
    "PINKY_MCP": {
        "x": 0.8420198559761047,
        "y": 0.5117038488388062
    },
    "PINKY_PIP": {
        "x": 0.8439046144485474,
        "y": 0.4682580232620239
    },
    "PINKY_DIP": {
        "x": 0.83812415599823,
        "y": 0.4411628544330597
    },
    "PINKY_TIP": {
        "x": 0.8279132843017578,
        "y": 0.4152087867259979
    }
}