{
    "WRIST": {
        "x": 0.8288446664810181,
        "y": 0.6468489170074463
    },
    "THUMB_CMC": {
        "x": 0.7479379773139954,
        "y": 0.6491299271583557
    },
    "THUMB_MCP": {
        "x": 0.6721413135528564,
        "y": 0.6274664998054504
    },
    "THUMB_IP": {
        "x": 0.6409881114959717,
        "y": 0.6058567762374878
    },
    "THUMB_TIP": {
        "x": 0.67689049243927,
        "y": 0.593769371509552
    },
    "INDEX_FINGER_MCP": {
        "x": 0.7225713133811951,
        "y": 0.5354689359664917
    },
    "INDEX_FINGER_PIP": {
        "x": 0.710351824760437,
        "y": 0.4872729778289795
    },
    "INDEX_FINGER_DIP": {
        "x": 0.7131699323654175,
        "y": 0.49417102336883545
    },
    "INDEX_FINGER_TIP": {
        "x": 0.7221918702125549,
        "y": 0.5106998085975647
    },
    "MIDDLE_FINGER_MCP": {
        "x": 0.7749578356742859,
        "y": 0.5241615772247314
    },
    "MIDDLE_FINGER_PIP": {
        "x": 0.7695164680480957,
        "y": 0.4603915512561798
    },
    "MIDDLE_FINGER_DIP": {
        "x": 0.7704878449440002,
        "y": 0.42213180661201477
    },
    "MIDDLE_FINGER_TIP": {
        "x": 0.7731279730796814,
        "y": 0.3890952169895172
    },
    "RING_FINGER_MCP": {
        "x": 0.8256266117095947,
        "y": 0.5257112979888916
    },
    "RING_FINGER_PIP": {
        "x": 0.8193058371543884,
        "y": 0.4631235599517822
    },
    "RING_FINGER_DIP": {
        "x": 0.8188835382461548,
        "y": 0.42408978939056396
    },
    "RING_FINGER_TIP": {
        "x": 0.8190416097640991,
        "y": 0.39322179555892944
    },
    "PINKY_MCP": {
        "x": 0.8788179755210876,
        "y": 0.5380034446716309
    },
    "PINKY_PIP": {
        "x": 0.8723261952400208,
        "y": 0.48629191517829895
    },
    "PINKY_DIP": {
        "x": 0.8687054514884949,
        "y": 0.45602309703826904
    },
    "PINKY_TIP": {
        "x": 0.865101158618927,
        "y": 0.43023058772087097
    }
}