{
    "WRIST": {
        "x": 0.81490558385849,
        "y": 0.6293540596961975
    },
    "THUMB_CMC": {
        "x": 0.7266620397567749,
        "y": 0.6284052729606628
    },
    "THUMB_MCP": {
        "x": 0.6518964171409607,
        "y": 0.60611891746521
    },
    "THUMB_IP": {
        "x": 0.617344856262207,
        "y": 0.585663914680481
    },
    "THUMB_TIP": {
        "x": 0.6305117607116699,
        "y": 0.5704284906387329
    },
    "INDEX_FINGER_MCP": {
        "x": 0.6985517740249634,
        "y": 0.5117682218551636
    },
    "INDEX_FINGER_PIP": {
        "x": 0.691246747970581,
        "y": 0.469332754611969
    },
    "INDEX_FINGER_DIP": {
        "x": 0.6895906329154968,
        "y": 0.47718894481658936
    },
    "INDEX_FINGER_TIP": {
        "x": 0.6898190975189209,
        "y": 0.49267926812171936
    },
    "MIDDLE_FINGER_MCP": {
        "x": 0.7454472780227661,
        "y": 0.5017893314361572
    },
    "MIDDLE_FINGER_PIP": {
        "x": 0.7428622245788574,
        "y": 0.4369913935661316
    },
    "MIDDLE_FINGER_DIP": {
        "x": 0.7327436208724976,
        "y": 0.4047080874443054
    },
    "MIDDLE_FINGER_TIP": {
        "x": 0.718921959400177,
        "y": 0.3781110346317291
    },
    "RING_FINGER_MCP": {
        "x": 0.7918059229850769,
        "y": 0.5050895810127258
    },
    "RING_FINGER_PIP": {
        "x": 0.7898285388946533,
        "y": 0.44154059886932373
    },
    "RING_FINGER_DIP": {
        "x": 0.7796562910079956,
        "y": 0.40969693660736084
    },
    "RING_FINGER_TIP": {
        "x": 0.7684757113456726,
        "y": 0.3864654004573822
    },
    "PINKY_MCP": {
        "x": 0.8411896824836731,
        "y": 0.5180830359458923
    },
    "PINKY_PIP": {
        "x": 0.8359276652336121,
        "y": 0.4672866463661194
    },
    "PINKY_DIP": {
        "x": 0.8288212418556213,
        "y": 0.4367053210735321
    },
    "PINKY_TIP": {
        "x": 0.8195520043373108,
        "y": 0.40867769718170166
    }
}