{
    "WRIST": {
        "x": 0.835064709186554,
        "y": 0.6457715034484863
    },
    "THUMB_CMC": {
        "x": 0.7496379017829895,
        "y": 0.6470888257026672
    },
    "THUMB_MCP": {
        "x": 0.6768335103988647,
        "y": 0.6266586780548096
    },
    "THUMB_IP": {
        "x": 0.6428951025009155,
        "y": 0.6051070690155029
    },
    "THUMB_TIP": {
        "x": 0.6727624535560608,
        "y": 0.5923155546188354
    },
    "INDEX_FINGER_MCP": {
        "x": 0.7189126014709473,
        "y": 0.5335146188735962
    },
    "INDEX_FINGER_PIP": {
        "x": 0.7038748264312744,
        "y": 0.4880795478820801
    },
    "INDEX_FINGER_DIP": {
        "x": 0.7099577784538269,
        "y": 0.49152976274490356
    },
    "INDEX_FINGER_TIP": {
        "x": 0.722649335861206,
        "y": 0.505461573600769
    },
    "MIDDLE_FINGER_MCP": {
        "x": 0.7731454372406006,
        "y": 0.5200503468513489
    },
    "MIDDLE_FINGER_PIP": {
        "x": 0.7661585211753845,
        "y": 0.4564785957336426
    },
    "MIDDLE_FINGER_DIP": {
        "x": 0.7667902708053589,
        "y": 0.4186858534812927
    },
    "MIDDLE_FINGER_TIP": {
        "x": 0.7658985257148743,
        "y": 0.3855021297931671
    },
    "RING_FINGER_MCP": {
        "x": 0.8254444003105164,
        "y": 0.5209608674049377
    },
    "RING_FINGER_PIP": {
        "x": 0.8212588429450989,
        "y": 0.45729339122772217
    },
    "RING_FINGER_DIP": {
        "x": 0.8196073770523071,
        "y": 0.4195840656757355
    },
    "RING_FINGER_TIP": {
        "x": 0.8159394860267639,
        "y": 0.38873207569122314
    },
    "PINKY_MCP": {
        "x": 0.880847692489624,
        "y": 0.5331761837005615
    },
    "PINKY_PIP": {
        "x": 0.8774324655532837,
        "y": 0.4825778007507324
    },
    "PINKY_DIP": {
        "x": 0.8747712969779968,
        "y": 0.45147356390953064
    },
    "PINKY_TIP": {
        "x": 0.8700523376464844,
        "y": 0.42337125539779663
    }
}