{
    "WRIST": {
        "x": 0.8427214622497559,
        "y": 0.6401380896568298
    },
    "THUMB_CMC": {
        "x": 0.7571080923080444,
        "y": 0.6462994813919067
    },
    "THUMB_MCP": {
        "x": 0.6921027898788452,
        "y": 0.6320553421974182
    },
    "THUMB_IP": {
        "x": 0.656902015209198,
        "y": 0.6151447892189026
    },
    "THUMB_TIP": {
        "x": 0.6672858595848083,
        "y": 0.6011182069778442
    },
    "INDEX_FINGER_MCP": {
        "x": 0.7283436059951782,
        "y": 0.5370751023292542
    },
    "INDEX_FINGER_PIP": {
        "x": 0.717612624168396,
        "y": 0.48915451765060425
    },
    "INDEX_FINGER_DIP": {
        "x": 0.7256454229354858,
        "y": 0.4903440475463867
    },
    "INDEX_FINGER_TIP": {
        "x": 0.7374845743179321,
        "y": 0.5019944310188293
    },
    "MIDDLE_FINGER_MCP": {
        "x": 0.7834015488624573,
        "y": 0.525585412979126
    },
    "MIDDLE_FINGER_PIP": {
        "x": 0.7813143730163574,
        "y": 0.4604540169239044
    },
    "MIDDLE_FINGER_DIP": {
        "x": 0.7854335904121399,
        "y": 0.4220176637172699
    },
    "MIDDLE_FINGER_TIP": {
        "x": 0.7879328727722168,
        "y": 0.3878330886363983
    },
    "RING_FINGER_MCP": {
        "x": 0.8368173241615295,
        "y": 0.5276316404342651
    },
    "RING_FINGER_PIP": {
        "x": 0.8363849520683289,
        "y": 0.4631553590297699
    },
    "RING_FINGER_DIP": {
        "x": 0.8365427255630493,
        "y": 0.4241286516189575
    },
    "RING_FINGER_TIP": {
        "x": 0.8345760107040405,
        "y": 0.3920377492904663
    },
    "PINKY_MCP": {
        "x": 0.8943741917610168,
        "y": 0.5404794216156006
    },
    "PINKY_PIP": {
        "x": 0.8928837776184082,
        "y": 0.4862688183784485
    },
    "PINKY_DIP": {
        "x": 0.8902918100357056,
        "y": 0.4537394940853119
    },
    "PINKY_TIP": {
        "x": 0.8851382732391357,
        "y": 0.42490702867507935
    }
}