{
    "WRIST": {
        "x": 0.8142316937446594,
        "y": 0.6280966997146606
    },
    "THUMB_CMC": {
        "x": 0.7406556010246277,
        "y": 0.6234390139579773
    },
    "THUMB_MCP": {
        "x": 0.6730796098709106,
        "y": 0.6012042760848999
    },
    "THUMB_IP": {
        "x": 0.6530949473381042,
        "y": 0.5838713049888611
    },
    "THUMB_TIP": {
        "x": 0.6924855709075928,
        "y": 0.578247606754303
    },
    "INDEX_FINGER_MCP": {
        "x": 0.7273585796356201,
        "y": 0.5127019882202148
    },
    "INDEX_FINGER_PIP": {
        "x": 0.7081795930862427,
        "y": 0.4687564969062805
    },
    "INDEX_FINGER_DIP": {
        "x": 0.70035719871521,
        "y": 0.48118001222610474
    },
    "INDEX_FINGER_TIP": {
        "x": 0.6993709802627563,
        "y": 0.4982006549835205
    },
    "MIDDLE_FINGER_MCP": {
        "x": 0.7828474044799805,
        "y": 0.5059062242507935
    },
    "MIDDLE_FINGER_PIP": {
        "x": 0.7774850726127625,
        "y": 0.44274765253067017
    },
    "MIDDLE_FINGER_DIP": {
        "x": 0.7657391428947449,
        "y": 0.42402806878089905
    },
    "MIDDLE_FINGER_TIP": {
        "x": 0.7544710636138916,
        "y": 0.4125220477581024
    },
    "RING_FINGER_MCP": {
        "x": 0.8347132205963135,
        "y": 0.514372706413269
    },
    "RING_FINGER_PIP": {
        "x": 0.8436483144760132,
        "y": 0.4591784179210663
    },
    "RING_FINGER_DIP": {
        "x": 0.8340091705322266,
        "y": 0.44504687190055847
    },
    "RING_FINGER_TIP": {
        "x": 0.8226510286331177,
        "y": 0.43860918283462524
    },
    "PINKY_MCP": {
        "x": 0.8826559782028198,
        "y": 0.5354609489440918
    },
    "PINKY_PIP": {
        "x": 0.8880255222320557,
        "y": 0.49734416604042053
    },
    "PINKY_DIP": {
        "x": 0.8780511021614075,
        "y": 0.482349693775177
    },
    "PINKY_TIP": {
        "x": 0.864282488822937,
        "y": 0.47185614705085754
    }
}