{
    "WRIST": {
        "x": 0.7872681021690369,
        "y": 0.6098183989524841
    },
    "THUMB_CMC": {
        "x": 0.710623562335968,
        "y": 0.6142062544822693
    },
    "THUMB_MCP": {
        "x": 0.6437562704086304,
        "y": 0.5965934991836548
    },
    "THUMB_IP": {
        "x": 0.6116842031478882,
        "y": 0.5776053667068481
    },
    "THUMB_TIP": {
        "x": 0.6294986605644226,
        "y": 0.5623193979263306
    },
    "INDEX_FINGER_MCP": {
        "x": 0.671712338924408,
        "y": 0.5075611472129822
    },
    "INDEX_FINGER_PIP": {
        "x": 0.6563191413879395,
        "y": 0.4655425548553467
    },
    "INDEX_FINGER_DIP": {
        "x": 0.6598933935165405,
        "y": 0.4689582884311676
    },
    "INDEX_FINGER_TIP": {
        "x": 0.67024165391922,
        "y": 0.4808310270309448
    },
    "MIDDLE_FINGER_MCP": {
        "x": 0.71816486120224,
        "y": 0.49450400471687317
    },
    "MIDDLE_FINGER_PIP": {
        "x": 0.7091251015663147,
        "y": 0.4348185956478119
    },
    "MIDDLE_FINGER_DIP": {
        "x": 0.7058734893798828,
        "y": 0.3996109962463379
    },
    "MIDDLE_FINGER_TIP": {
        "x": 0.7029364705085754,
        "y": 0.3685905933380127
    },
    "RING_FINGER_MCP": {
        "x": 0.7648884057998657,
        "y": 0.4946141839027405
    },
    "RING_FINGER_PIP": {
        "x": 0.7576544284820557,
        "y": 0.4362458884716034
    },
    "RING_FINGER_DIP": {
        "x": 0.7527520656585693,
        "y": 0.4017110764980316
    },
    "RING_FINGER_TIP": {
        "x": 0.7459732890129089,
        "y": 0.37200114130973816
    },
    "PINKY_MCP": {
        "x": 0.8165862560272217,
        "y": 0.5047160983085632
    },
    "PINKY_PIP": {
        "x": 0.8139371275901794,
        "y": 0.4593050479888916
    },
    "PINKY_DIP": {
        "x": 0.8082605600357056,
        "y": 0.43177974224090576
    },
    "PINKY_TIP": {
        "x": 0.8000836372375488,
        "y": 0.4059673845767975
    }
}