{
    "WRIST": {
        "x": 0.8331773281097412,
        "y": 0.6187984943389893
    },
    "THUMB_CMC": {
        "x": 0.7611945271492004,
        "y": 0.6258015036582947
    },
    "THUMB_MCP": {
        "x": 0.6987342238426208,
        "y": 0.6131283044815063
    },
    "THUMB_IP": {
        "x": 0.6656144857406616,
        "y": 0.600087583065033
    },
    "THUMB_TIP": {
        "x": 0.6828804016113281,
        "y": 0.5888091325759888
    },
    "INDEX_FINGER_MCP": {
        "x": 0.7276327013969421,
        "y": 0.5266861915588379
    },
    "INDEX_FINGER_PIP": {
        "x": 0.7189487814903259,
        "y": 0.47666317224502563
    },
    "INDEX_FINGER_DIP": {
        "x": 0.7240366339683533,
        "y": 0.48241162300109863
    },
    "INDEX_FINGER_TIP": {
        "x": 0.732816219329834,
        "y": 0.4994944930076599
    },
    "MIDDLE_FINGER_MCP": {
        "x": 0.7815670371055603,
        "y": 0.515203058719635
    },
    "MIDDLE_FINGER_PIP": {
        "x": 0.7807760834693909,
        "y": 0.45086851716041565
    },
    "MIDDLE_FINGER_DIP": {
        "x": 0.7831870317459106,
        "y": 0.4101387858390808
    },
    "MIDDLE_FINGER_TIP": {
        "x": 0.7827792167663574,
        "y": 0.3735048770904541
    },
    "RING_FINGER_MCP": {
        "x": 0.8346093893051147,
        "y": 0.5172629356384277
    },
    "RING_FINGER_PIP": {
        "x": 0.8310147523880005,
        "y": 0.4559284746646881
    },
    "RING_FINGER_DIP": {
        "x": 0.8329917788505554,
        "y": 0.4158354103565216
    },
    "RING_FINGER_TIP": {
        "x": 0.8306062817573547,
        "y": 0.3826068043708801
    },
    "PINKY_MCP": {
        "x": 0.8916402459144592,
        "y": 0.5270547866821289
    },
    "PINKY_PIP": {
        "x": 0.8861106634140015,
        "y": 0.4796372056007385
    },
    "PINKY_DIP": {
        "x": 0.8832542300224304,
        "y": 0.449236661195755
    },
    "PINKY_TIP": {
        "x": 0.8771843314170837,
        "y": 0.4224095344543457
    }
}