{
    "WRIST": {
        "x": 0.7698712348937988,
        "y": 0.6412947773933411
    },
    "THUMB_CMC": {
        "x": 0.7019324898719788,
        "y": 0.6187941431999207
    },
    "THUMB_MCP": {
        "x": 0.6690319180488586,
        "y": 0.5921982526779175
    },
    "THUMB_IP": {
        "x": 0.6363227963447571,
        "y": 0.5727126002311707
    },
    "THUMB_TIP": {
        "x": 0.6181741952896118,
        "y": 0.5491459965705872
    },
    "INDEX_FINGER_MCP": {
        "x": 0.7730587720870972,
        "y": 0.5585437417030334
    },
    "INDEX_FINGER_PIP": {
        "x": 0.7140712141990662,
        "y": 0.5268663167953491
    },
    "INDEX_FINGER_DIP": {
        "x": 0.6631878018379211,
        "y": 0.532569408416748
    },
    "INDEX_FINGER_TIP": {
        "x": 0.6343908309936523,
        "y": 0.5465458035469055
    },
    "MIDDLE_FINGER_MCP": {
        "x": 0.7978917360305786,
        "y": 0.5581464171409607
    },
    "MIDDLE_FINGER_PIP": {
        "x": 0.7250331044197083,
        "y": 0.5196211934089661
    },
    "MIDDLE_FINGER_DIP": {
        "x": 0.6662005186080933,
        "y": 0.5267686247825623
    },
    "MIDDLE_FINGER_TIP": {
        "x": 0.6376328468322754,
        "y": 0.5433851480484009
    },
    "RING_FINGER_MCP": {
        "x": 0.8078084588050842,
        "y": 0.5641441345214844
    },
    "RING_FINGER_PIP": {
        "x": 0.7339445352554321,
        "y": 0.5240817070007324
    },
    "RING_FINGER_DIP": {
        "x": 0.6701503992080688,
        "y": 0.5321338176727295
    },
    "RING_FINGER_TIP": {
        "x": 0.6369239687919617,
        "y": 0.5499592423439026
    },
    "PINKY_MCP": {
        "x": 0.802603542804718,
        "y": 0.5746669173240662
    },
    "PINKY_PIP": {
        "x": 0.7420896887779236,
        "y": 0.5445483326911926
    },
    "PINKY_DIP": {
        "x": 0.6934334635734558,
        "y": 0.5414003133773804
    },
    "PINKY_TIP": {
        "x": 0.6592535972595215,
        "y": 0.5476382970809937
    }
}