{
    "WRIST": {
        "x": 0.7637625932693481,
        "y": 0.6550048589706421
    },
    "THUMB_CMC": {
        "x": 0.6953509449958801,
        "y": 0.629349946975708
    },
    "THUMB_MCP": {
        "x": 0.6633414626121521,
        "y": 0.595661461353302
    },
    "THUMB_IP": {
        "x": 0.6302585005760193,
        "y": 0.573963463306427
    },
    "THUMB_TIP": {
        "x": 0.6116796731948853,
        "y": 0.5475109219551086
    },
    "INDEX_FINGER_MCP": {
        "x": 0.7722000479698181,
        "y": 0.5574979782104492
    },
    "INDEX_FINGER_PIP": {
        "x": 0.7087700366973877,
        "y": 0.5229572653770447
    },
    "INDEX_FINGER_DIP": {
        "x": 0.657096266746521,
        "y": 0.5295348763465881
    },
    "INDEX_FINGER_TIP": {
        "x": 0.6313318014144897,
        "y": 0.5440515875816345
    },
    "MIDDLE_FINGER_MCP": {
        "x": 0.7965166568756104,
        "y": 0.5596193671226501
    },
    "MIDDLE_FINGER_PIP": {
        "x": 0.7134130001068115,
        "y": 0.5192865133285522
    },
    "MIDDLE_FINGER_DIP": {
        "x": 0.6553958654403687,
        "y": 0.5283510088920593
    },
    "MIDDLE_FINGER_TIP": {
        "x": 0.6344829201698303,
        "y": 0.5450692772865295
    },
    "RING_FINGER_MCP": {
        "x": 0.8038164973258972,
        "y": 0.5691009163856506
    },
    "RING_FINGER_PIP": {
        "x": 0.7251542210578918,
        "y": 0.5251263380050659
    },
    "RING_FINGER_DIP": {
        "x": 0.6603668332099915,
        "y": 0.5347659587860107
    },
    "RING_FINGER_TIP": {
        "x": 0.6300094723701477,
        "y": 0.553676426410675
    },
    "PINKY_MCP": {
        "x": 0.7915380001068115,
        "y": 0.5828505754470825
    },
    "PINKY_PIP": {
        "x": 0.7331498265266418,
        "y": 0.5478230118751526
    },
    "PINKY_DIP": {
        "x": 0.6838904619216919,
        "y": 0.5421532988548279
    },
    "PINKY_TIP": {
        "x": 0.6485382914543152,
        "y": 0.5462298393249512
    }
}