{
    "WRIST": {
        "x": 0.716985285282135,
        "y": 0.6417053937911987
    },
    "THUMB_CMC": {
        "x": 0.6451546549797058,
        "y": 0.6259580850601196
    },
    "THUMB_MCP": {
        "x": 0.6070036888122559,
        "y": 0.5979011654853821
    },
    "THUMB_IP": {
        "x": 0.570608913898468,
        "y": 0.5813642144203186
    },
    "THUMB_TIP": {
        "x": 0.5301432013511658,
        "y": 0.5630512833595276
    },
    "INDEX_FINGER_MCP": {
        "x": 0.6976954936981201,
        "y": 0.5429584383964539
    },
    "INDEX_FINGER_PIP": {
        "x": 0.6524025201797485,
        "y": 0.5046667456626892
    },
    "INDEX_FINGER_DIP": {
        "x": 0.5999894738197327,
        "y": 0.5124694108963013
    },
    "INDEX_FINGER_TIP": {
        "x": 0.5710472464561462,
        "y": 0.5296223759651184
    },
    "MIDDLE_FINGER_MCP": {
        "x": 0.718002438545227,
        "y": 0.541434645652771
    },
    "MIDDLE_FINGER_PIP": {
        "x": 0.6628967523574829,
        "y": 0.49265724420547485
    },
    "MIDDLE_FINGER_DIP": {
        "x": 0.5968621969223022,
        "y": 0.504564642906189
    },
    "MIDDLE_FINGER_TIP": {
        "x": 0.5667941570281982,
        "y": 0.5257852077484131
    },
    "RING_FINGER_MCP": {
        "x": 0.7279037833213806,
        "y": 0.5491160154342651
    },
    "RING_FINGER_PIP": {
        "x": 0.6751418113708496,
        "y": 0.5015937685966492
    },
    "RING_FINGER_DIP": {
        "x": 0.6088196039199829,
        "y": 0.5109494924545288
    },
    "RING_FINGER_TIP": {
        "x": 0.5758118033409119,
        "y": 0.5299128293991089
    },
    "PINKY_MCP": {
        "x": 0.7221622467041016,
        "y": 0.5649861693382263
    },
    "PINKY_PIP": {
        "x": 0.675044596195221,
        "y": 0.5318796634674072
    },
    "PINKY_DIP": {
        "x": 0.6250447630882263,
        "y": 0.5329388380050659
    },
    "PINKY_TIP": {
        "x": 0.5937514901161194,
        "y": 0.5419613718986511
    }
}