{
    "WRIST": {
        "x": 0.7337072491645813,
        "y": 0.6590231657028198
    },
    "THUMB_CMC": {
        "x": 0.6601120829582214,
        "y": 0.651485800743103
    },
    "THUMB_MCP": {
        "x": 0.6046040058135986,
        "y": 0.630620539188385
    },
    "THUMB_IP": {
        "x": 0.573118269443512,
        "y": 0.6161555647850037
    },
    "THUMB_TIP": {
        "x": 0.5698329210281372,
        "y": 0.6021291017532349
    },
    "INDEX_FINGER_MCP": {
        "x": 0.6628192663192749,
        "y": 0.5569785237312317
    },
    "INDEX_FINGER_PIP": {
        "x": 0.6074255108833313,
        "y": 0.54128098487854
    },
    "INDEX_FINGER_DIP": {
        "x": 0.5824636220932007,
        "y": 0.5649051070213318
    },
    "INDEX_FINGER_TIP": {
        "x": 0.5800135135650635,
        "y": 0.5842493772506714
    },
    "MIDDLE_FINGER_MCP": {
        "x": 0.7096068263053894,
        "y": 0.5582453608512878
    },
    "MIDDLE_FINGER_PIP": {
        "x": 0.6467360258102417,
        "y": 0.5432438254356384
    },
    "MIDDLE_FINGER_DIP": {
        "x": 0.6160581707954407,
        "y": 0.5705356001853943
    },
    "MIDDLE_FINGER_TIP": {
        "x": 0.6136643290519714,
        "y": 0.5898898839950562
    },
    "RING_FINGER_MCP": {
        "x": 0.750458300113678,
        "y": 0.5722636580467224
    },
    "RING_FINGER_PIP": {
        "x": 0.6906207203865051,
        "y": 0.5600301623344421
    },
    "RING_FINGER_DIP": {
        "x": 0.6541150212287903,
        "y": 0.5867214202880859
    },
    "RING_FINGER_TIP": {
        "x": 0.6486820578575134,
        "y": 0.6050344705581665
    },
    "PINKY_MCP": {
        "x": 0.7782849073410034,
        "y": 0.5950397849082947
    },
    "PINKY_PIP": {
        "x": 0.7310117483139038,
        "y": 0.5953499674797058
    },
    "PINKY_DIP": {
        "x": 0.7004032135009766,
        "y": 0.6131455898284912
    },
    "PINKY_TIP": {
        "x": 0.6924515962600708,
        "y": 0.6245909929275513
    }
}