{
    "WRIST": {
        "x": 0.7602527737617493,
        "y": 0.6587061882019043
    },
    "THUMB_CMC": {
        "x": 0.6732126474380493,
        "y": 0.65472811460495
    },
    "THUMB_MCP": {
        "x": 0.6166032552719116,
        "y": 0.6352930665016174
    },
    "THUMB_IP": {
        "x": 0.5852727293968201,
        "y": 0.6249614953994751
    },
    "THUMB_TIP": {
        "x": 0.5946621298789978,
        "y": 0.618791401386261
    },
    "INDEX_FINGER_MCP": {
        "x": 0.6539889574050903,
        "y": 0.5662675499916077
    },
    "INDEX_FINGER_PIP": {
        "x": 0.6213955283164978,
        "y": 0.567988395690918
    },
    "INDEX_FINGER_DIP": {
        "x": 0.6179048418998718,
        "y": 0.5945929288864136
    },
    "INDEX_FINGER_TIP": {
        "x": 0.6213985681533813,
        "y": 0.6058840751647949
    },
    "MIDDLE_FINGER_MCP": {
        "x": 0.7116548418998718,
        "y": 0.5687642097473145
    },
    "MIDDLE_FINGER_PIP": {
        "x": 0.6706258654594421,
        "y": 0.5644983053207397
    },
    "MIDDLE_FINGER_DIP": {
        "x": 0.6503458023071289,
        "y": 0.5899242162704468
    },
    "MIDDLE_FINGER_TIP": {
        "x": 0.6447566151618958,
        "y": 0.5993140935897827
    },
    "RING_FINGER_MCP": {
        "x": 0.757858395576477,
        "y": 0.5848866105079651
    },
    "RING_FINGER_PIP": {
        "x": 0.7125142812728882,
        "y": 0.5898720622062683
    },
    "RING_FINGER_DIP": {
        "x": 0.6867453455924988,
        "y": 0.6131295561790466
    },
    "RING_FINGER_TIP": {
        "x": 0.6809684038162231,
        "y": 0.6204986572265625
    },
    "PINKY_MCP": {
        "x": 0.7896759510040283,
        "y": 0.6087057590484619
    },
    "PINKY_PIP": {
        "x": 0.7532677054405212,
        "y": 0.624855637550354
    },
    "PINKY_DIP": {
        "x": 0.7279719114303589,
        "y": 0.64229816198349
    },
    "PINKY_TIP": {
        "x": 0.7170189619064331,
        "y": 0.6466830968856812
    }
}