{
    "WRIST": {
        "x": 0.767646849155426,
        "y": 0.6510303020477295
    },
    "THUMB_CMC": {
        "x": 0.7002685070037842,
        "y": 0.6253677606582642
    },
    "THUMB_MCP": {
        "x": 0.6672882437705994,
        "y": 0.5924313068389893
    },
    "THUMB_IP": {
        "x": 0.6345692873001099,
        "y": 0.5703924298286438
    },
    "THUMB_TIP": {
        "x": 0.614671528339386,
        "y": 0.5445593595504761
    },
    "INDEX_FINGER_MCP": {
        "x": 0.7712761759757996,
        "y": 0.5576857328414917
    },
    "INDEX_FINGER_PIP": {
        "x": 0.7130495309829712,
        "y": 0.5213642120361328
    },
    "INDEX_FINGER_DIP": {
        "x": 0.6596925854682922,
        "y": 0.5263318419456482
    },
    "INDEX_FINGER_TIP": {
        "x": 0.629646897315979,
        "y": 0.5400591492652893
    },
    "MIDDLE_FINGER_MCP": {
        "x": 0.7972145080566406,
        "y": 0.5605674982070923
    },
    "MIDDLE_FINGER_PIP": {
        "x": 0.7205104231834412,
        "y": 0.5186148881912231
    },
    "MIDDLE_FINGER_DIP": {
        "x": 0.6622735261917114,
        "y": 0.526086151599884
    },
    "MIDDLE_FINGER_TIP": {
        "x": 0.6389182209968567,
        "y": 0.5423511266708374
    },
    "RING_FINGER_MCP": {
        "x": 0.8070148229598999,
        "y": 0.570777952671051
    },
    "RING_FINGER_PIP": {
        "x": 0.7332549095153809,
        "y": 0.5258644819259644
    },
    "RING_FINGER_DIP": {
        "x": 0.6684934496879578,
        "y": 0.5337769985198975
    },
    "RING_FINGER_TIP": {
        "x": 0.6372086405754089,
        "y": 0.5514364242553711
    },
    "PINKY_MCP": {
        "x": 0.7978590130805969,
        "y": 0.5851712226867676
    },
    "PINKY_PIP": {
        "x": 0.7431185841560364,
        "y": 0.5492650866508484
    },
    "PINKY_DIP": {
        "x": 0.6940318942070007,
        "y": 0.5412934422492981
    },
    "PINKY_TIP": {
        "x": 0.6578850150108337,
        "y": 0.5429275035858154
    }
}