{
    "WRIST": {
        "x": 0.7160955667495728,
        "y": 0.640865683555603
    },
    "THUMB_CMC": {
        "x": 0.6426079273223877,
        "y": 0.6263318061828613
    },
    "THUMB_MCP": {
        "x": 0.6007395386695862,
        "y": 0.600150465965271
    },
    "THUMB_IP": {
        "x": 0.5612390637397766,
        "y": 0.5848976373672485
    },
    "THUMB_TIP": {
        "x": 0.5167946815490723,
        "y": 0.5675320625305176
    },
    "INDEX_FINGER_MCP": {
        "x": 0.6877133846282959,
        "y": 0.5425309538841248
    },
    "INDEX_FINGER_PIP": {
        "x": 0.641273558139801,
        "y": 0.5050221681594849
    },
    "INDEX_FINGER_DIP": {
        "x": 0.5909640789031982,
        "y": 0.5126408934593201
    },
    "INDEX_FINGER_TIP": {
        "x": 0.562516987323761,
        "y": 0.529712438583374
    },
    "MIDDLE_FINGER_MCP": {
        "x": 0.7096430659294128,
        "y": 0.5404583215713501
    },
    "MIDDLE_FINGER_PIP": {
        "x": 0.657985508441925,
        "y": 0.4919964671134949
    },
    "MIDDLE_FINGER_DIP": {
        "x": 0.5951883792877197,
        "y": 0.5045642852783203
    },
    "MIDDLE_FINGER_TIP": {
        "x": 0.5646929740905762,
        "y": 0.5263877511024475
    },
    "RING_FINGER_MCP": {
        "x": 0.7224702835083008,
        "y": 0.5487396717071533
    },
    "RING_FINGER_PIP": {
        "x": 0.6730555295944214,
        "y": 0.5021231770515442
    },
    "RING_FINGER_DIP": {
        "x": 0.6094548106193542,
        "y": 0.5113559365272522
    },
    "RING_FINGER_TIP": {
        "x": 0.575423538684845,
        "y": 0.5299166440963745
    },
    "PINKY_MCP": {
        "x": 0.7194480895996094,
        "y": 0.5658849477767944
    },
    "PINKY_PIP": {
        "x": 0.67385333776474,
        "y": 0.5356018543243408
    },
    "PINKY_DIP": {
        "x": 0.6226550936698914,
        "y": 0.5355836153030396
    },
    "PINKY_TIP": {
        "x": 0.5874449014663696,
        "y": 0.5433682799339294
    }
}