{
    "WRIST": {
        "x": 0.7630804181098938,
        "y": 0.6501322984695435
    },
    "THUMB_CMC": {
        "x": 0.6922690272331238,
        "y": 0.6254366040229797
    },
    "THUMB_MCP": {
        "x": 0.658028244972229,
        "y": 0.5916790962219238
    },
    "THUMB_IP": {
        "x": 0.6257286667823792,
        "y": 0.5691303014755249
    },
    "THUMB_TIP": {
        "x": 0.602454662322998,
        "y": 0.5432953238487244
    },
    "INDEX_FINGER_MCP": {
        "x": 0.7621440887451172,
        "y": 0.553417980670929
    },
    "INDEX_FINGER_PIP": {
        "x": 0.7036236524581909,
        "y": 0.5172643661499023
    },
    "INDEX_FINGER_DIP": {
        "x": 0.6525681018829346,
        "y": 0.5220009684562683
    },
    "INDEX_FINGER_TIP": {
        "x": 0.624983012676239,
        "y": 0.5351914763450623
    },
    "MIDDLE_FINGER_MCP": {
        "x": 0.7883639335632324,
        "y": 0.5560327172279358
    },
    "MIDDLE_FINGER_PIP": {
        "x": 0.7111835479736328,
        "y": 0.5163432955741882
    },
    "MIDDLE_FINGER_DIP": {
        "x": 0.6551096439361572,
        "y": 0.5231324434280396
    },
    "MIDDLE_FINGER_TIP": {
        "x": 0.634868323802948,
        "y": 0.5367792248725891
    },
    "RING_FINGER_MCP": {
        "x": 0.7979068160057068,
        "y": 0.566483199596405
    },
    "RING_FINGER_PIP": {
        "x": 0.7234355211257935,
        "y": 0.5233702063560486
    },
    "RING_FINGER_DIP": {
        "x": 0.6603603363037109,
        "y": 0.5300461649894714
    },
    "RING_FINGER_TIP": {
        "x": 0.6312506198883057,
        "y": 0.5453661680221558
    },
    "PINKY_MCP": {
        "x": 0.7877247929573059,
        "y": 0.582014262676239
    },
    "PINKY_PIP": {
        "x": 0.7330117225646973,
        "y": 0.5473261475563049
    },
    "PINKY_DIP": {
        "x": 0.68352872133255,
        "y": 0.5388405323028564
    },
    "PINKY_TIP": {
        "x": 0.6471724510192871,
        "y": 0.53901606798172
    }
}