{
    "WRIST": {
        "x": 0.7274462580680847,
        "y": 0.6460132598876953
    },
    "THUMB_CMC": {
        "x": 0.659171462059021,
        "y": 0.6243314146995544
    },
    "THUMB_MCP": {
        "x": 0.6243939399719238,
        "y": 0.5917319059371948
    },
    "THUMB_IP": {
        "x": 0.588644802570343,
        "y": 0.5708212852478027
    },
    "THUMB_TIP": {
        "x": 0.5514953136444092,
        "y": 0.547568142414093
    },
    "INDEX_FINGER_MCP": {
        "x": 0.7185708284378052,
        "y": 0.5426238775253296
    },
    "INDEX_FINGER_PIP": {
        "x": 0.6630268692970276,
        "y": 0.50785231590271
    },
    "INDEX_FINGER_DIP": {
        "x": 0.6132704019546509,
        "y": 0.5174300670623779
    },
    "INDEX_FINGER_TIP": {
        "x": 0.5901603698730469,
        "y": 0.5343963503837585
    },
    "MIDDLE_FINGER_MCP": {
        "x": 0.7401278018951416,
        "y": 0.5444447994232178
    },
    "MIDDLE_FINGER_PIP": {
        "x": 0.6710627675056458,
        "y": 0.49958884716033936
    },
    "MIDDLE_FINGER_DIP": {
        "x": 0.6096710562705994,
        "y": 0.5118954181671143
    },
    "MIDDLE_FINGER_TIP": {
        "x": 0.5897418260574341,
        "y": 0.5293920040130615
    },
    "RING_FINGER_MCP": {
        "x": 0.7486692667007446,
        "y": 0.554494321346283
    },
    "RING_FINGER_PIP": {
        "x": 0.6835112571716309,
        "y": 0.5076448321342468
    },
    "RING_FINGER_DIP": {
        "x": 0.6185687780380249,
        "y": 0.5184484720230103
    },
    "RING_FINGER_TIP": {
        "x": 0.5934298038482666,
        "y": 0.5358800888061523
    },
    "PINKY_MCP": {
        "x": 0.7371832132339478,
        "y": 0.5709460973739624
    },
    "PINKY_PIP": {
        "x": 0.6849514245986938,
        "y": 0.5348012447357178
    },
    "PINKY_DIP": {
        "x": 0.6367760896682739,
        "y": 0.5324307084083557
    },
    "PINKY_TIP": {
        "x": 0.609404981136322,
        "y": 0.5381217002868652
    }
}