{
    "WRIST": {
        "x": 0.764413058757782,
        "y": 0.6588838696479797
    },
    "THUMB_CMC": {
        "x": 0.6956748366355896,
        "y": 0.6346933245658875
    },
    "THUMB_MCP": {
        "x": 0.6599157452583313,
        "y": 0.5990621447563171
    },
    "THUMB_IP": {
        "x": 0.6254608035087585,
        "y": 0.5754326581954956
    },
    "THUMB_TIP": {
        "x": 0.6098908185958862,
        "y": 0.5494086146354675
    },
    "INDEX_FINGER_MCP": {
        "x": 0.7626367807388306,
        "y": 0.556952178478241
    },
    "INDEX_FINGER_PIP": {
        "x": 0.6944159269332886,
        "y": 0.5246982574462891
    },
    "INDEX_FINGER_DIP": {
        "x": 0.6425373554229736,
        "y": 0.5346887111663818
    },
    "INDEX_FINGER_TIP": {
        "x": 0.6202346086502075,
        "y": 0.5508179664611816
    },
    "MIDDLE_FINGER_MCP": {
        "x": 0.787463903427124,
        "y": 0.5588963031768799
    },
    "MIDDLE_FINGER_PIP": {
        "x": 0.7002408504486084,
        "y": 0.5172238349914551
    },
    "MIDDLE_FINGER_DIP": {
        "x": 0.6413167715072632,
        "y": 0.5287604331970215
    },
    "MIDDLE_FINGER_TIP": {
        "x": 0.6256069540977478,
        "y": 0.5472188591957092
    },
    "RING_FINGER_MCP": {
        "x": 0.7964428663253784,
        "y": 0.5690679550170898
    },
    "RING_FINGER_PIP": {
        "x": 0.7162543535232544,
        "y": 0.5234186053276062
    },
    "RING_FINGER_DIP": {
        "x": 0.6493117213249207,
        "y": 0.535553514957428
    },
    "RING_FINGER_TIP": {
        "x": 0.6230429410934448,
        "y": 0.5561859011650085
    },
    "PINKY_MCP": {
        "x": 0.7851685285568237,
        "y": 0.584356963634491
    },
    "PINKY_PIP": {
        "x": 0.7234019041061401,
        "y": 0.550659716129303
    },
    "PINKY_DIP": {
        "x": 0.6741912961006165,
        "y": 0.5472695231437683
    },
    "PINKY_TIP": {
        "x": 0.6446784138679504,
        "y": 0.5525200963020325
    }
}