{
    "WRIST": {
        "x": 0.7158511877059937,
        "y": 0.6519877314567566
    },
    "THUMB_CMC": {
        "x": 0.6498512029647827,
        "y": 0.6455802917480469
    },
    "THUMB_MCP": {
        "x": 0.5989252924919128,
        "y": 0.6201725602149963
    },
    "THUMB_IP": {
        "x": 0.5627787113189697,
        "y": 0.6026825308799744
    },
    "THUMB_TIP": {
        "x": 0.5302934646606445,
        "y": 0.5865775346755981
    },
    "INDEX_FINGER_MCP": {
        "x": 0.6622912287712097,
        "y": 0.5617560148239136
    },
    "INDEX_FINGER_PIP": {
        "x": 0.6273829340934753,
        "y": 0.5287694334983826
    },
    "INDEX_FINGER_DIP": {
        "x": 0.5890952944755554,
        "y": 0.5351601243019104
    },
    "INDEX_FINGER_TIP": {
        "x": 0.5675433874130249,
        "y": 0.5507060289382935
    },
    "MIDDLE_FINGER_MCP": {
        "x": 0.6930661201477051,
        "y": 0.560999870300293
    },
    "MIDDLE_FINGER_PIP": {
        "x": 0.6564436554908752,
        "y": 0.5244648456573486
    },
    "MIDDLE_FINGER_DIP": {
        "x": 0.6102058291435242,
        "y": 0.5353317260742188
    },
    "MIDDLE_FINGER_TIP": {
        "x": 0.585019588470459,
        "y": 0.5500144362449646
    },
    "RING_FINGER_MCP": {
        "x": 0.7232394218444824,
        "y": 0.5697513222694397
    },
    "RING_FINGER_PIP": {
        "x": 0.6872747540473938,
        "y": 0.5343965291976929
    },
    "RING_FINGER_DIP": {
        "x": 0.6365407109260559,
        "y": 0.5424749255180359
    },
    "RING_FINGER_TIP": {
        "x": 0.6062339544296265,
        "y": 0.5552296042442322
    },
    "PINKY_MCP": {
        "x": 0.7472622394561768,
        "y": 0.5867365598678589
    },
    "PINKY_PIP": {
        "x": 0.7131696939468384,
        "y": 0.5634591579437256
    },
    "PINKY_DIP": {
        "x": 0.6727395057678223,
        "y": 0.5633129477500916
    },
    "PINKY_TIP": {
        "x": 0.6402994394302368,
        "y": 0.5681480765342712
    }
}