{
    "WRIST": {
        "x": 0.7372164726257324,
        "y": 0.6348209381103516
    },
    "THUMB_CMC": {
        "x": 0.6686117649078369,
        "y": 0.6113286018371582
    },
    "THUMB_MCP": {
        "x": 0.6368927359580994,
        "y": 0.585905909538269
    },
    "THUMB_IP": {
        "x": 0.6071865558624268,
        "y": 0.5652275681495667
    },
    "THUMB_TIP": {
        "x": 0.5938078761100769,
        "y": 0.5424010157585144
    },
    "INDEX_FINGER_MCP": {
        "x": 0.7274487614631653,
        "y": 0.5473642349243164
    },
    "INDEX_FINGER_PIP": {
        "x": 0.6749805212020874,
        "y": 0.5155219435691833
    },
    "INDEX_FINGER_DIP": {
        "x": 0.6293020844459534,
        "y": 0.5243324637413025
    },
    "INDEX_FINGER_TIP": {
        "x": 0.6061615943908691,
        "y": 0.5390316843986511
    },
    "MIDDLE_FINGER_MCP": {
        "x": 0.7527065873146057,
        "y": 0.5471309423446655
    },
    "MIDDLE_FINGER_PIP": {
        "x": 0.6854743361473083,
        "y": 0.5115310549736023
    },
    "MIDDLE_FINGER_DIP": {
        "x": 0.6311718821525574,
        "y": 0.5220703482627869
    },
    "MIDDLE_FINGER_TIP": {
        "x": 0.6114082932472229,
        "y": 0.5385125279426575
    },
    "RING_FINGER_MCP": {
        "x": 0.7658606171607971,
        "y": 0.5540683269500732
    },
    "RING_FINGER_PIP": {
        "x": 0.6965069770812988,
        "y": 0.517662525177002
    },
    "RING_FINGER_DIP": {
        "x": 0.63599693775177,
        "y": 0.5288854837417603
    },
    "RING_FINGER_TIP": {
        "x": 0.6109229922294617,
        "y": 0.5474388599395752
    },
    "PINKY_MCP": {
        "x": 0.7620266675949097,
        "y": 0.5663991570472717
    },
    "PINKY_PIP": {
        "x": 0.7071123719215393,
        "y": 0.5368491411209106
    },
    "PINKY_DIP": {
        "x": 0.6609470248222351,
        "y": 0.5330681204795837
    },
    "PINKY_TIP": {
        "x": 0.6303210258483887,
        "y": 0.5386525988578796
    }
}