{
    "WRIST": {
        "x": 0.7277883887290955,
        "y": 0.6407865881919861
    },
    "THUMB_CMC": {
        "x": 0.6602654457092285,
        "y": 0.6193692684173584
    },
    "THUMB_MCP": {
        "x": 0.6260652542114258,
        "y": 0.5874812602996826
    },
    "THUMB_IP": {
        "x": 0.5919319987297058,
        "y": 0.5652737617492676
    },
    "THUMB_TIP": {
        "x": 0.5636636018753052,
        "y": 0.5443835258483887
    },
    "INDEX_FINGER_MCP": {
        "x": 0.7141916751861572,
        "y": 0.5389701724052429
    },
    "INDEX_FINGER_PIP": {
        "x": 0.6538667678833008,
        "y": 0.5137726664543152
    },
    "INDEX_FINGER_DIP": {
        "x": 0.6130161881446838,
        "y": 0.527323842048645
    },
    "INDEX_FINGER_TIP": {
        "x": 0.5967532396316528,
        "y": 0.542509138584137
    },
    "MIDDLE_FINGER_MCP": {
        "x": 0.7387166023254395,
        "y": 0.5417989492416382
    },
    "MIDDLE_FINGER_PIP": {
        "x": 0.6546711325645447,
        "y": 0.5071747303009033
    },
    "MIDDLE_FINGER_DIP": {
        "x": 0.6093347072601318,
        "y": 0.5255674123764038
    },
    "MIDDLE_FINGER_TIP": {
        "x": 0.6083555817604065,
        "y": 0.5415066480636597
    },
    "RING_FINGER_MCP": {
        "x": 0.7495315670967102,
        "y": 0.5514824390411377
    },
    "RING_FINGER_PIP": {
        "x": 0.66743004322052,
        "y": 0.5104403495788574
    },
    "RING_FINGER_DIP": {
        "x": 0.6167563199996948,
        "y": 0.5281460285186768
    },
    "RING_FINGER_TIP": {
        "x": 0.6119272112846375,
        "y": 0.5463946461677551
    },
    "PINKY_MCP": {
        "x": 0.743455171585083,
        "y": 0.5662987232208252
    },
    "PINKY_PIP": {
        "x": 0.6762242913246155,
        "y": 0.5319721102714539
    },
    "PINKY_DIP": {
        "x": 0.6324584484100342,
        "y": 0.5341687798500061
    },
    "PINKY_TIP": {
        "x": 0.6199520826339722,
        "y": 0.5410366058349609
    }
}