{
    "WRIST": {
        "x": 0.7604395747184753,
        "y": 0.6588189601898193
    },
    "THUMB_CMC": {
        "x": 0.6903532147407532,
        "y": 0.6351609826087952
    },
    "THUMB_MCP": {
        "x": 0.6583540439605713,
        "y": 0.6009886860847473
    },
    "THUMB_IP": {
        "x": 0.6239227652549744,
        "y": 0.5782510638237
    },
    "THUMB_TIP": {
        "x": 0.6001438498497009,
        "y": 0.551307737827301
    },
    "INDEX_FINGER_MCP": {
        "x": 0.7644504308700562,
        "y": 0.5601922869682312
    },
    "INDEX_FINGER_PIP": {
        "x": 0.7013656497001648,
        "y": 0.524903416633606
    },
    "INDEX_FINGER_DIP": {
        "x": 0.6484102010726929,
        "y": 0.5317971706390381
    },
    "INDEX_FINGER_TIP": {
        "x": 0.6207995414733887,
        "y": 0.5464708805084229
    },
    "MIDDLE_FINGER_MCP": {
        "x": 0.7882920503616333,
        "y": 0.5615298748016357
    },
    "MIDDLE_FINGER_PIP": {
        "x": 0.7049832940101624,
        "y": 0.5193816423416138
    },
    "MIDDLE_FINGER_DIP": {
        "x": 0.646662175655365,
        "y": 0.5279767513275146
    },
    "MIDDLE_FINGER_TIP": {
        "x": 0.6258664131164551,
        "y": 0.544593870639801
    },
    "RING_FINGER_MCP": {
        "x": 0.7940428256988525,
        "y": 0.5709946155548096
    },
    "RING_FINGER_PIP": {
        "x": 0.7149732112884521,
        "y": 0.5257596969604492
    },
    "RING_FINGER_DIP": {
        "x": 0.6494338512420654,
        "y": 0.5358479619026184
    },
    "RING_FINGER_TIP": {
        "x": 0.6191509366035461,
        "y": 0.5554108619689941
    },
    "PINKY_MCP": {
        "x": 0.7794345021247864,
        "y": 0.5850236415863037
    },
    "PINKY_PIP": {
        "x": 0.7178306579589844,
        "y": 0.5494000315666199
    },
    "PINKY_DIP": {
        "x": 0.6680412292480469,
        "y": 0.5445162653923035
    },
    "PINKY_TIP": {
        "x": 0.6341263055801392,
        "y": 0.5498880743980408
    }
}