{
    "WRIST": {
        "x": 0.7163599729537964,
        "y": 0.6449536085128784
    },
    "THUMB_CMC": {
        "x": 0.6442546248435974,
        "y": 0.6323603987693787
    },
    "THUMB_MCP": {
        "x": 0.5976958870887756,
        "y": 0.6052296161651611
    },
    "THUMB_IP": {
        "x": 0.5573095679283142,
        "y": 0.5896417498588562
    },
    "THUMB_TIP": {
        "x": 0.520840048789978,
        "y": 0.5700837969779968
    },
    "INDEX_FINGER_MCP": {
        "x": 0.6894717812538147,
        "y": 0.5512393712997437
    },
    "INDEX_FINGER_PIP": {
        "x": 0.6544632315635681,
        "y": 0.5098661780357361
    },
    "INDEX_FINGER_DIP": {
        "x": 0.6032738089561462,
        "y": 0.5117408037185669
    },
    "INDEX_FINGER_TIP": {
        "x": 0.56888347864151,
        "y": 0.5244868397712708
    },
    "MIDDLE_FINGER_MCP": {
        "x": 0.7117913365364075,
        "y": 0.5507730841636658
    },
    "MIDDLE_FINGER_PIP": {
        "x": 0.668017566204071,
        "y": 0.5029464960098267
    },
    "MIDDLE_FINGER_DIP": {
        "x": 0.6040176153182983,
        "y": 0.5084234476089478
    },
    "MIDDLE_FINGER_TIP": {
        "x": 0.5644789338111877,
        "y": 0.5231248736381531
    },
    "RING_FINGER_MCP": {
        "x": 0.7260334491729736,
        "y": 0.5590662956237793
    },
    "RING_FINGER_PIP": {
        "x": 0.68259197473526,
        "y": 0.5143124461174011
    },
    "RING_FINGER_DIP": {
        "x": 0.6180886626243591,
        "y": 0.5194764733314514
    },
    "RING_FINGER_TIP": {
        "x": 0.5771245360374451,
        "y": 0.5329639315605164
    },
    "PINKY_MCP": {
        "x": 0.7250564098358154,
        "y": 0.5749448537826538
    },
    "PINKY_PIP": {
        "x": 0.6823058128356934,
        "y": 0.5448324084281921
    },
    "PINKY_DIP": {
        "x": 0.6305223703384399,
        "y": 0.5448948740959167
    },
    "PINKY_TIP": {
        "x": 0.5900919437408447,
        "y": 0.5509370565414429
    }
}