{
    "WRIST": {
        "x": 0.758708655834198,
        "y": 0.6596179008483887
    },
    "THUMB_CMC": {
        "x": 0.6845207810401917,
        "y": 0.6348513960838318
    },
    "THUMB_MCP": {
        "x": 0.6490740180015564,
        "y": 0.601596474647522
    },
    "THUMB_IP": {
        "x": 0.6167699098587036,
        "y": 0.5780360698699951
    },
    "THUMB_TIP": {
        "x": 0.6006681323051453,
        "y": 0.5510095953941345
    },
    "INDEX_FINGER_MCP": {
        "x": 0.7538279294967651,
        "y": 0.5583423972129822
    },
    "INDEX_FINGER_PIP": {
        "x": 0.6915633082389832,
        "y": 0.5250746607780457
    },
    "INDEX_FINGER_DIP": {
        "x": 0.6446723937988281,
        "y": 0.5320245623588562
    },
    "INDEX_FINGER_TIP": {
        "x": 0.6245278120040894,
        "y": 0.5447735786437988
    },
    "MIDDLE_FINGER_MCP": {
        "x": 0.7797534465789795,
        "y": 0.5609084367752075
    },
    "MIDDLE_FINGER_PIP": {
        "x": 0.699688196182251,
        "y": 0.5165027379989624
    },
    "MIDDLE_FINGER_DIP": {
        "x": 0.6460811495780945,
        "y": 0.5238937735557556
    },
    "MIDDLE_FINGER_TIP": {
        "x": 0.6321459412574768,
        "y": 0.5359192490577698
    },
    "RING_FINGER_MCP": {
        "x": 0.7869612574577332,
        "y": 0.5707778334617615
    },
    "RING_FINGER_PIP": {
        "x": 0.706130862236023,
        "y": 0.5225999355316162
    },
    "RING_FINGER_DIP": {
        "x": 0.6427634358406067,
        "y": 0.5345068573951721
    },
    "RING_FINGER_TIP": {
        "x": 0.6201868057250977,
        "y": 0.5535725355148315
    },
    "PINKY_MCP": {
        "x": 0.7737448811531067,
        "y": 0.5842379331588745
    },
    "PINKY_PIP": {
        "x": 0.7073812484741211,
        "y": 0.5469597578048706
    },
    "PINKY_DIP": {
        "x": 0.6569554209709167,
        "y": 0.5433235168457031
    },
    "PINKY_TIP": {
        "x": 0.6304411888122559,
        "y": 0.5488964915275574
    }
}