{
    "WRIST": {
        "x": 0.7690255045890808,
        "y": 0.6536521315574646
    },
    "THUMB_CMC": {
        "x": 0.7016393542289734,
        "y": 0.6280262470245361
    },
    "THUMB_MCP": {
        "x": 0.6695577502250671,
        "y": 0.5956955552101135
    },
    "THUMB_IP": {
        "x": 0.636896014213562,
        "y": 0.5750017166137695
    },
    "THUMB_TIP": {
        "x": 0.6146093010902405,
        "y": 0.5500850677490234
    },
    "INDEX_FINGER_MCP": {
        "x": 0.7752586603164673,
        "y": 0.556926429271698
    },
    "INDEX_FINGER_PIP": {
        "x": 0.7125476598739624,
        "y": 0.5241385102272034
    },
    "INDEX_FINGER_DIP": {
        "x": 0.6603504419326782,
        "y": 0.5303546786308289
    },
    "INDEX_FINGER_TIP": {
        "x": 0.6323233246803284,
        "y": 0.5443363785743713
    },
    "MIDDLE_FINGER_MCP": {
        "x": 0.7994116544723511,
        "y": 0.5584719181060791
    },
    "MIDDLE_FINGER_PIP": {
        "x": 0.7172381281852722,
        "y": 0.519024670124054
    },
    "MIDDLE_FINGER_DIP": {
        "x": 0.6591570377349854,
        "y": 0.5274829864501953
    },
    "MIDDLE_FINGER_TIP": {
        "x": 0.6369258761405945,
        "y": 0.5438879728317261
    },
    "RING_FINGER_MCP": {
        "x": 0.8059346079826355,
        "y": 0.5677757263183594
    },
    "RING_FINGER_PIP": {
        "x": 0.7288920283317566,
        "y": 0.5245975852012634
    },
    "RING_FINGER_DIP": {
        "x": 0.6647512316703796,
        "y": 0.5337908864021301
    },
    "RING_FINGER_TIP": {
        "x": 0.6337403059005737,
        "y": 0.5528886914253235
    },
    "PINKY_MCP": {
        "x": 0.7935817837715149,
        "y": 0.5815542340278625
    },
    "PINKY_PIP": {
        "x": 0.7345149517059326,
        "y": 0.5467807054519653
    },
    "PINKY_DIP": {
        "x": 0.6854604482650757,
        "y": 0.5415905117988586
    },
    "PINKY_TIP": {
        "x": 0.6507859826087952,
        "y": 0.5469497442245483
    }
}