{
    "WRIST": {
        "x": 0.7210783362388611,
        "y": 0.6442646980285645
    },
    "THUMB_CMC": {
        "x": 0.6495653986930847,
        "y": 0.6252451539039612
    },
    "THUMB_MCP": {
        "x": 0.614374041557312,
        "y": 0.5934343934059143
    },
    "THUMB_IP": {
        "x": 0.5787779092788696,
        "y": 0.5743190050125122
    },
    "THUMB_TIP": {
        "x": 0.5426351428031921,
        "y": 0.5537161231040955
    },
    "INDEX_FINGER_MCP": {
        "x": 0.7109275460243225,
        "y": 0.5408358573913574
    },
    "INDEX_FINGER_PIP": {
        "x": 0.6659444570541382,
        "y": 0.500163733959198
    },
    "INDEX_FINGER_DIP": {
        "x": 0.6131646633148193,
        "y": 0.5076814889907837
    },
    "INDEX_FINGER_TIP": {
        "x": 0.5847482681274414,
        "y": 0.5247642397880554
    },
    "MIDDLE_FINGER_MCP": {
        "x": 0.7304543256759644,
        "y": 0.5410977602005005
    },
    "MIDDLE_FINGER_PIP": {
        "x": 0.6697415709495544,
        "y": 0.4926716685295105
    },
    "MIDDLE_FINGER_DIP": {
        "x": 0.6021445393562317,
        "y": 0.5047782063484192
    },
    "MIDDLE_FINGER_TIP": {
        "x": 0.5755492448806763,
        "y": 0.524944543838501
    },
    "RING_FINGER_MCP": {
        "x": 0.7380899786949158,
        "y": 0.550216019153595
    },
    "RING_FINGER_PIP": {
        "x": 0.6772844195365906,
        "y": 0.5035504102706909
    },
    "RING_FINGER_DIP": {
        "x": 0.6084127426147461,
        "y": 0.5142275094985962
    },
    "RING_FINGER_TIP": {
        "x": 0.5780581831932068,
        "y": 0.533174455165863
    },
    "PINKY_MCP": {
        "x": 0.7274696230888367,
        "y": 0.5668945908546448
    },
    "PINKY_PIP": {
        "x": 0.6756767630577087,
        "y": 0.5314401984214783
    },
    "PINKY_DIP": {
        "x": 0.624802827835083,
        "y": 0.5323249697685242
    },
    "PINKY_TIP": {
        "x": 0.5949708819389343,
        "y": 0.5413575768470764
    }
}