{
    "WRIST": {
        "x": 0.718096137046814,
        "y": 0.6503020524978638
    },
    "THUMB_CMC": {
        "x": 0.646589994430542,
        "y": 0.6348822116851807
    },
    "THUMB_MCP": {
        "x": 0.597445547580719,
        "y": 0.6092791557312012
    },
    "THUMB_IP": {
        "x": 0.556815505027771,
        "y": 0.5950451493263245
    },
    "THUMB_TIP": {
        "x": 0.518642783164978,
        "y": 0.574550211429596
    },
    "INDEX_FINGER_MCP": {
        "x": 0.6733196377754211,
        "y": 0.5487821698188782
    },
    "INDEX_FINGER_PIP": {
        "x": 0.637251079082489,
        "y": 0.5097262263298035
    },
    "INDEX_FINGER_DIP": {
        "x": 0.586735188961029,
        "y": 0.5156989097595215
    },
    "INDEX_FINGER_TIP": {
        "x": 0.5542777180671692,
        "y": 0.5317128896713257
    },
    "MIDDLE_FINGER_MCP": {
        "x": 0.6984730362892151,
        "y": 0.5483746528625488
    },
    "MIDDLE_FINGER_PIP": {
        "x": 0.6609306931495667,
        "y": 0.5014839768409729
    },
    "MIDDLE_FINGER_DIP": {
        "x": 0.6003331542015076,
        "y": 0.5132242441177368
    },
    "MIDDLE_FINGER_TIP": {
        "x": 0.5644537806510925,
        "y": 0.5326159000396729
    },
    "RING_FINGER_MCP": {
        "x": 0.7184237837791443,
        "y": 0.5581838488578796
    },
    "RING_FINGER_PIP": {
        "x": 0.6817240715026855,
        "y": 0.5146811008453369
    },
    "RING_FINGER_DIP": {
        "x": 0.6206514835357666,
        "y": 0.5219585299491882
    },
    "RING_FINGER_TIP": {
        "x": 0.5821106433868408,
        "y": 0.5378342270851135
    },
    "PINKY_MCP": {
        "x": 0.7260989546775818,
        "y": 0.5763835906982422
    },
    "PINKY_PIP": {
        "x": 0.6899816989898682,
        "y": 0.548953115940094
    },
    "PINKY_DIP": {
        "x": 0.6394969820976257,
        "y": 0.54923015832901
    },
    "PINKY_TIP": {
        "x": 0.5978600382804871,
        "y": 0.5559298396110535
    }
}