{
    "WRIST": {
        "x": 0.7653931379318237,
        "y": 0.649731457233429
    },
    "THUMB_CMC": {
        "x": 0.6973686218261719,
        "y": 0.6241716742515564
    },
    "THUMB_MCP": {
        "x": 0.6644372940063477,
        "y": 0.5927340984344482
    },
    "THUMB_IP": {
        "x": 0.6330205202102661,
        "y": 0.570716381072998
    },
    "THUMB_TIP": {
        "x": 0.6175719499588013,
        "y": 0.5445507168769836
    },
    "INDEX_FINGER_MCP": {
        "x": 0.7725824117660522,
        "y": 0.5572177767753601
    },
    "INDEX_FINGER_PIP": {
        "x": 0.711218535900116,
        "y": 0.5216726064682007
    },
    "INDEX_FINGER_DIP": {
        "x": 0.6593732237815857,
        "y": 0.5288025140762329
    },
    "INDEX_FINGER_TIP": {
        "x": 0.633167564868927,
        "y": 0.5434598922729492
    },
    "MIDDLE_FINGER_MCP": {
        "x": 0.799091100692749,
        "y": 0.558972179889679
    },
    "MIDDLE_FINGER_PIP": {
        "x": 0.7182915210723877,
        "y": 0.5186593532562256
    },
    "MIDDLE_FINGER_DIP": {
        "x": 0.6604726314544678,
        "y": 0.5270495414733887
    },
    "MIDDLE_FINGER_TIP": {
        "x": 0.6394705772399902,
        "y": 0.5434576272964478
    },
    "RING_FINGER_MCP": {
        "x": 0.8097264170646667,
        "y": 0.5673967003822327
    },
    "RING_FINGER_PIP": {
        "x": 0.730964720249176,
        "y": 0.5247467756271362
    },
    "RING_FINGER_DIP": {
        "x": 0.6656295657157898,
        "y": 0.5329932570457458
    },
    "RING_FINGER_TIP": {
        "x": 0.6354892253875732,
        "y": 0.5510684847831726
    },
    "PINKY_MCP": {
        "x": 0.8024246096611023,
        "y": 0.5802467465400696
    },
    "PINKY_PIP": {
        "x": 0.7434036731719971,
        "y": 0.5465125441551208
    },
    "PINKY_DIP": {
        "x": 0.6938614845275879,
        "y": 0.5407959818840027
    },
    "PINKY_TIP": {
        "x": 0.6593006253242493,
        "y": 0.5451997518539429
    }
}