{
    "WRIST": {
        "x": 0.7609659433364868,
        "y": 0.6552443504333496
    },
    "THUMB_CMC": {
        "x": 0.6928697228431702,
        "y": 0.629095196723938
    },
    "THUMB_MCP": {
        "x": 0.6607701182365417,
        "y": 0.5966557264328003
    },
    "THUMB_IP": {
        "x": 0.6290835738182068,
        "y": 0.5748279690742493
    },
    "THUMB_TIP": {
        "x": 0.6095728278160095,
        "y": 0.5486926436424255
    },
    "INDEX_FINGER_MCP": {
        "x": 0.7677491903305054,
        "y": 0.5576955676078796
    },
    "INDEX_FINGER_PIP": {
        "x": 0.704451322555542,
        "y": 0.5229778289794922
    },
    "INDEX_FINGER_DIP": {
        "x": 0.6535934209823608,
        "y": 0.5305048823356628
    },
    "INDEX_FINGER_TIP": {
        "x": 0.6275931596755981,
        "y": 0.5449759364128113
    },
    "MIDDLE_FINGER_MCP": {
        "x": 0.7939139604568481,
        "y": 0.5602982044219971
    },
    "MIDDLE_FINGER_PIP": {
        "x": 0.7112734913825989,
        "y": 0.5203267335891724
    },
    "MIDDLE_FINGER_DIP": {
        "x": 0.6538310050964355,
        "y": 0.5291276574134827
    },
    "MIDDLE_FINGER_TIP": {
        "x": 0.6328361630439758,
        "y": 0.5455309152603149
    },
    "RING_FINGER_MCP": {
        "x": 0.8027482032775879,
        "y": 0.5706512331962585
    },
    "RING_FINGER_PIP": {
        "x": 0.72505784034729,
        "y": 0.5277426838874817
    },
    "RING_FINGER_DIP": {
        "x": 0.6601896286010742,
        "y": 0.5370061993598938
    },
    "RING_FINGER_TIP": {
        "x": 0.6295334100723267,
        "y": 0.555830717086792
    },
    "PINKY_MCP": {
        "x": 0.7918898463249207,
        "y": 0.5851752161979675
    },
    "PINKY_PIP": {
        "x": 0.7335909605026245,
        "y": 0.5510960221290588
    },
    "PINKY_DIP": {
        "x": 0.6844096183776855,
        "y": 0.5438407063484192
    },
    "PINKY_TIP": {
        "x": 0.6491488218307495,
        "y": 0.546588122844696
    }
}