{
    "WRIST": {
        "x": 0.7488700747489929,
        "y": 0.6582046151161194
    },
    "THUMB_CMC": {
        "x": 0.6811737418174744,
        "y": 0.63462895154953
    },
    "THUMB_MCP": {
        "x": 0.6434676051139832,
        "y": 0.6003336906433105
    },
    "THUMB_IP": {
        "x": 0.608286440372467,
        "y": 0.5764014720916748
    },
    "THUMB_TIP": {
        "x": 0.5944879651069641,
        "y": 0.5514787435531616
    },
    "INDEX_FINGER_MCP": {
        "x": 0.7448371648788452,
        "y": 0.5558066964149475
    },
    "INDEX_FINGER_PIP": {
        "x": 0.6833672523498535,
        "y": 0.5266429781913757
    },
    "INDEX_FINGER_DIP": {
        "x": 0.6344107985496521,
        "y": 0.5376927852630615
    },
    "INDEX_FINGER_TIP": {
        "x": 0.6121009588241577,
        "y": 0.5537045001983643
    },
    "MIDDLE_FINGER_MCP": {
        "x": 0.770468533039093,
        "y": 0.557642936706543
    },
    "MIDDLE_FINGER_PIP": {
        "x": 0.6868454217910767,
        "y": 0.5155719518661499
    },
    "MIDDLE_FINGER_DIP": {
        "x": 0.6279373168945312,
        "y": 0.5267180800437927
    },
    "MIDDLE_FINGER_TIP": {
        "x": 0.6131877899169922,
        "y": 0.5443780422210693
    },
    "RING_FINGER_MCP": {
        "x": 0.779646635055542,
        "y": 0.5665147304534912
    },
    "RING_FINGER_PIP": {
        "x": 0.6973515152931213,
        "y": 0.5203393697738647
    },
    "RING_FINGER_DIP": {
        "x": 0.6331027746200562,
        "y": 0.5327524542808533
    },
    "RING_FINGER_TIP": {
        "x": 0.6124832034111023,
        "y": 0.5536947250366211
    },
    "PINKY_MCP": {
        "x": 0.7683385610580444,
        "y": 0.5811901688575745
    },
    "PINKY_PIP": {
        "x": 0.7003226280212402,
        "y": 0.5463770627975464
    },
    "PINKY_DIP": {
        "x": 0.6510435342788696,
        "y": 0.544624388217926
    },
    "PINKY_TIP": {
        "x": 0.626258134841919,
        "y": 0.5516257882118225
    }
}