{
    "WRIST": {
        "x": 0.7126142382621765,
        "y": 0.6657613515853882
    },
    "THUMB_CMC": {
        "x": 0.6517536044120789,
        "y": 0.6575153470039368
    },
    "THUMB_MCP": {
        "x": 0.6196978688240051,
        "y": 0.6265810132026672
    },
    "THUMB_IP": {
        "x": 0.6284492611885071,
        "y": 0.5937124490737915
    },
    "THUMB_TIP": {
        "x": 0.6499612331390381,
        "y": 0.5695676207542419
    },
    "INDEX_FINGER_MCP": {
        "x": 0.634614884853363,
        "y": 0.5655571222305298
    },
    "INDEX_FINGER_PIP": {
        "x": 0.6312333345413208,
        "y": 0.517615556716919
    },
    "INDEX_FINGER_DIP": {
        "x": 0.6319022178649902,
        "y": 0.49059075117111206
    },
    "INDEX_FINGER_TIP": {
        "x": 0.6318092346191406,
        "y": 0.4665217399597168
    },
    "MIDDLE_FINGER_MCP": {
        "x": 0.6718534231185913,
        "y": 0.5612130165100098
    },
    "MIDDLE_FINGER_PIP": {
        "x": 0.6673857569694519,
        "y": 0.5084063410758972
    },
    "MIDDLE_FINGER_DIP": {
        "x": 0.6654917597770691,
        "y": 0.47774919867515564
    },
    "MIDDLE_FINGER_TIP": {
        "x": 0.6666548252105713,
        "y": 0.4498439133167267
    },
    "RING_FINGER_MCP": {
        "x": 0.7062057256698608,
        "y": 0.5664632320404053
    },
    "RING_FINGER_PIP": {
        "x": 0.703734815120697,
        "y": 0.5187768936157227
    },
    "RING_FINGER_DIP": {
        "x": 0.6998895406723022,
        "y": 0.48900318145751953
    },
    "RING_FINGER_TIP": {
        "x": 0.6948177218437195,
        "y": 0.4609881341457367
    },
    "PINKY_MCP": {
        "x": 0.7447159886360168,
        "y": 0.5798600912094116
    },
    "PINKY_PIP": {
        "x": 0.7404392957687378,
        "y": 0.5426162481307983
    },
    "PINKY_DIP": {
        "x": 0.7338960766792297,
        "y": 0.5206356644630432
    },
    "PINKY_TIP": {
        "x": 0.7259588241577148,
        "y": 0.49789831042289734
    }
}