{
    "WRIST": {
        "x": 0.7198517918586731,
        "y": 0.6656939387321472
    },
    "THUMB_CMC": {
        "x": 0.655702531337738,
        "y": 0.6582611799240112
    },
    "THUMB_MCP": {
        "x": 0.6214205622673035,
        "y": 0.6264437437057495
    },
    "THUMB_IP": {
        "x": 0.6313568353652954,
        "y": 0.5922935009002686
    },
    "THUMB_TIP": {
        "x": 0.6548429727554321,
        "y": 0.5678693652153015
    },
    "INDEX_FINGER_MCP": {
        "x": 0.63707435131073,
        "y": 0.5641509294509888
    },
    "INDEX_FINGER_PIP": {
        "x": 0.6327196955680847,
        "y": 0.5168600678443909
    },
    "INDEX_FINGER_DIP": {
        "x": 0.632766842842102,
        "y": 0.4898443818092346
    },
    "INDEX_FINGER_TIP": {
        "x": 0.6339577436447144,
        "y": 0.4658304750919342
    },
    "MIDDLE_FINGER_MCP": {
        "x": 0.6756793856620789,
        "y": 0.5594918131828308
    },
    "MIDDLE_FINGER_PIP": {
        "x": 0.6707151532173157,
        "y": 0.507861316204071
    },
    "MIDDLE_FINGER_DIP": {
        "x": 0.667374849319458,
        "y": 0.47709959745407104
    },
    "MIDDLE_FINGER_TIP": {
        "x": 0.6688099503517151,
        "y": 0.44973698258399963
    },
    "RING_FINGER_MCP": {
        "x": 0.711306095123291,
        "y": 0.5643629431724548
    },
    "RING_FINGER_PIP": {
        "x": 0.7084184885025024,
        "y": 0.517177939414978
    },
    "RING_FINGER_DIP": {
        "x": 0.701970100402832,
        "y": 0.4872492551803589
    },
    "RING_FINGER_TIP": {
        "x": 0.6960418224334717,
        "y": 0.45978274941444397
    },
    "PINKY_MCP": {
        "x": 0.7510872483253479,
        "y": 0.5776141881942749
    },
    "PINKY_PIP": {
        "x": 0.7467647194862366,
        "y": 0.5409327745437622
    },
    "PINKY_DIP": {
        "x": 0.7385328412055969,
        "y": 0.5185720920562744
    },
    "PINKY_TIP": {
        "x": 0.7296175956726074,
        "y": 0.49549809098243713
    }
}