{
    "WRIST": {
        "x": 0.7275938391685486,
        "y": 0.6357013583183289
    },
    "THUMB_CMC": {
        "x": 0.6624466776847839,
        "y": 0.6287172436714172
    },
    "THUMB_MCP": {
        "x": 0.629431426525116,
        "y": 0.5977338552474976
    },
    "THUMB_IP": {
        "x": 0.6348123550415039,
        "y": 0.5653234124183655
    },
    "THUMB_TIP": {
        "x": 0.6536844968795776,
        "y": 0.5408073663711548
    },
    "INDEX_FINGER_MCP": {
        "x": 0.6443354487419128,
        "y": 0.5391124486923218
    },
    "INDEX_FINGER_PIP": {
        "x": 0.6393066644668579,
        "y": 0.4935179054737091
    },
    "INDEX_FINGER_DIP": {
        "x": 0.6392547488212585,
        "y": 0.46579593420028687
    },
    "INDEX_FINGER_TIP": {
        "x": 0.641428530216217,
        "y": 0.4433484971523285
    },
    "MIDDLE_FINGER_MCP": {
        "x": 0.683747410774231,
        "y": 0.5335363149642944
    },
    "MIDDLE_FINGER_PIP": {
        "x": 0.6766977310180664,
        "y": 0.48065289855003357
    },
    "MIDDLE_FINGER_DIP": {
        "x": 0.6741434931755066,
        "y": 0.4486578404903412
    },
    "MIDDLE_FINGER_TIP": {
        "x": 0.6759619116783142,
        "y": 0.423094779253006
    },
    "RING_FINGER_MCP": {
        "x": 0.721082866191864,
        "y": 0.5378406047821045
    },
    "RING_FINGER_PIP": {
        "x": 0.7165699005126953,
        "y": 0.48939061164855957
    },
    "RING_FINGER_DIP": {
        "x": 0.7125409245491028,
        "y": 0.4593343734741211
    },
    "RING_FINGER_TIP": {
        "x": 0.709591269493103,
        "y": 0.43392425775527954
    },
    "PINKY_MCP": {
        "x": 0.7616936564445496,
        "y": 0.5497395396232605
    },
    "PINKY_PIP": {
        "x": 0.7558643817901611,
        "y": 0.5115216374397278
    },
    "PINKY_DIP": {
        "x": 0.7467540502548218,
        "y": 0.48935672640800476
    },
    "PINKY_TIP": {
        "x": 0.7385005950927734,
        "y": 0.4680370092391968
    }
}