{
    "WRIST": {
        "x": 0.7371587157249451,
        "y": 0.6139610409736633
    },
    "THUMB_CMC": {
        "x": 0.6760684847831726,
        "y": 0.6073275804519653
    },
    "THUMB_MCP": {
        "x": 0.6422563791275024,
        "y": 0.5744409561157227
    },
    "THUMB_IP": {
        "x": 0.6526799201965332,
        "y": 0.5439309477806091
    },
    "THUMB_TIP": {
        "x": 0.6687678694725037,
        "y": 0.5215073227882385
    },
    "INDEX_FINGER_MCP": {
        "x": 0.6538819670677185,
        "y": 0.5147483348846436
    },
    "INDEX_FINGER_PIP": {
        "x": 0.6479114294052124,
        "y": 0.46893900632858276
    },
    "INDEX_FINGER_DIP": {
        "x": 0.645143449306488,
        "y": 0.44626384973526
    },
    "INDEX_FINGER_TIP": {
        "x": 0.6422145962715149,
        "y": 0.4293339252471924
    },
    "MIDDLE_FINGER_MCP": {
        "x": 0.6968613862991333,
        "y": 0.510312020778656
    },
    "MIDDLE_FINGER_PIP": {
        "x": 0.694297194480896,
        "y": 0.4547841548919678
    },
    "MIDDLE_FINGER_DIP": {
        "x": 0.6922098398208618,
        "y": 0.4304981827735901
    },
    "MIDDLE_FINGER_TIP": {
        "x": 0.6906895041465759,
        "y": 0.4125189185142517
    },
    "RING_FINGER_MCP": {
        "x": 0.7365157008171082,
        "y": 0.5161311626434326
    },
    "RING_FINGER_PIP": {
        "x": 0.738656222820282,
        "y": 0.46733537316322327
    },
    "RING_FINGER_DIP": {
        "x": 0.7376472353935242,
        "y": 0.4456428289413452
    },
    "RING_FINGER_TIP": {
        "x": 0.7316513657569885,
        "y": 0.4276679456233978
    },
    "PINKY_MCP": {
        "x": 0.7792072296142578,
        "y": 0.5298078656196594
    },
    "PINKY_PIP": {
        "x": 0.7835357785224915,
        "y": 0.49387127161026
    },
    "PINKY_DIP": {
        "x": 0.782471239566803,
        "y": 0.4750993549823761
    },
    "PINKY_TIP": {
        "x": 0.7766411304473877,
        "y": 0.4557161033153534
    }
}