{
    "WRIST": {
        "x": 0.721335232257843,
        "y": 0.644537091255188
    },
    "THUMB_CMC": {
        "x": 0.6588839292526245,
        "y": 0.638157308101654
    },
    "THUMB_MCP": {
        "x": 0.6262807250022888,
        "y": 0.6101574897766113
    },
    "THUMB_IP": {
        "x": 0.6309400796890259,
        "y": 0.5798062086105347
    },
    "THUMB_TIP": {
        "x": 0.645936906337738,
        "y": 0.5555347800254822
    },
    "INDEX_FINGER_MCP": {
        "x": 0.6349407434463501,
        "y": 0.5482707023620605
    },
    "INDEX_FINGER_PIP": {
        "x": 0.6325134038925171,
        "y": 0.5000171661376953
    },
    "INDEX_FINGER_DIP": {
        "x": 0.6348518133163452,
        "y": 0.4724161922931671
    },
    "INDEX_FINGER_TIP": {
        "x": 0.6375499963760376,
        "y": 0.4500507116317749
    },
    "MIDDLE_FINGER_MCP": {
        "x": 0.6730072498321533,
        "y": 0.54334956407547
    },
    "MIDDLE_FINGER_PIP": {
        "x": 0.6663666367530823,
        "y": 0.4873717427253723
    },
    "MIDDLE_FINGER_DIP": {
        "x": 0.6662461161613464,
        "y": 0.4557666778564453
    },
    "MIDDLE_FINGER_TIP": {
        "x": 0.6700619459152222,
        "y": 0.42964640259742737
    },
    "RING_FINGER_MCP": {
        "x": 0.710335373878479,
        "y": 0.5480871200561523
    },
    "RING_FINGER_PIP": {
        "x": 0.7062990665435791,
        "y": 0.498364120721817
    },
    "RING_FINGER_DIP": {
        "x": 0.7028174996376038,
        "y": 0.46781453490257263
    },
    "RING_FINGER_TIP": {
        "x": 0.6988438963890076,
        "y": 0.44082123041152954
    },
    "PINKY_MCP": {
        "x": 0.7528859376907349,
        "y": 0.5611041188240051
    },
    "PINKY_PIP": {
        "x": 0.7484111785888672,
        "y": 0.5238490104675293
    },
    "PINKY_DIP": {
        "x": 0.7411048412322998,
        "y": 0.5016617774963379
    },
    "PINKY_TIP": {
        "x": 0.731896698474884,
        "y": 0.4786202311515808
    }
}