{
    "WRIST": {
        "x": 0.7103197574615479,
        "y": 0.6637774705886841
    },
    "THUMB_CMC": {
        "x": 0.6515023112297058,
        "y": 0.655449628829956
    },
    "THUMB_MCP": {
        "x": 0.6199071407318115,
        "y": 0.6252520084381104
    },
    "THUMB_IP": {
        "x": 0.6279406547546387,
        "y": 0.5930221080780029
    },
    "THUMB_TIP": {
        "x": 0.6470955014228821,
        "y": 0.5683103203773499
    },
    "INDEX_FINGER_MCP": {
        "x": 0.6301094889640808,
        "y": 0.5642899870872498
    },
    "INDEX_FINGER_PIP": {
        "x": 0.6266497373580933,
        "y": 0.5156651735305786
    },
    "INDEX_FINGER_DIP": {
        "x": 0.628483235836029,
        "y": 0.4877655804157257
    },
    "INDEX_FINGER_TIP": {
        "x": 0.6298055052757263,
        "y": 0.4627293646335602
    },
    "MIDDLE_FINGER_MCP": {
        "x": 0.6668655872344971,
        "y": 0.5604845881462097
    },
    "MIDDLE_FINGER_PIP": {
        "x": 0.6627389192581177,
        "y": 0.5080236792564392
    },
    "MIDDLE_FINGER_DIP": {
        "x": 0.6620969176292419,
        "y": 0.4765366017818451
    },
    "MIDDLE_FINGER_TIP": {
        "x": 0.6634591817855835,
        "y": 0.44792640209198
    },
    "RING_FINGER_MCP": {
        "x": 0.701501190662384,
        "y": 0.5660172700881958
    },
    "RING_FINGER_PIP": {
        "x": 0.6998138427734375,
        "y": 0.5189206004142761
    },
    "RING_FINGER_DIP": {
        "x": 0.6969233155250549,
        "y": 0.4889536201953888
    },
    "RING_FINGER_TIP": {
        "x": 0.692416787147522,
        "y": 0.4609150290489197
    },
    "PINKY_MCP": {
        "x": 0.7404370307922363,
        "y": 0.580044150352478
    },
    "PINKY_PIP": {
        "x": 0.73831707239151,
        "y": 0.5433629155158997
    },
    "PINKY_DIP": {
        "x": 0.73288494348526,
        "y": 0.5215283036231995
    },
    "PINKY_TIP": {
        "x": 0.725580632686615,
        "y": 0.49886807799339294
    }
}