{
    "WRIST": {
        "x": 0.7133232951164246,
        "y": 0.6627504825592041
    },
    "THUMB_CMC": {
        "x": 0.648909866809845,
        "y": 0.6552488803863525
    },
    "THUMB_MCP": {
        "x": 0.6174888610839844,
        "y": 0.6231775879859924
    },
    "THUMB_IP": {
        "x": 0.6269468069076538,
        "y": 0.5902750492095947
    },
    "THUMB_TIP": {
        "x": 0.6433624029159546,
        "y": 0.5659477710723877
    },
    "INDEX_FINGER_MCP": {
        "x": 0.6305587291717529,
        "y": 0.5618234872817993
    },
    "INDEX_FINGER_PIP": {
        "x": 0.6296855211257935,
        "y": 0.5145729780197144
    },
    "INDEX_FINGER_DIP": {
        "x": 0.630233883857727,
        "y": 0.4871317744255066
    },
    "INDEX_FINGER_TIP": {
        "x": 0.629487156867981,
        "y": 0.4626055061817169
    },
    "MIDDLE_FINGER_MCP": {
        "x": 0.6693863868713379,
        "y": 0.5576385259628296
    },
    "MIDDLE_FINGER_PIP": {
        "x": 0.6668713092803955,
        "y": 0.5057851672172546
    },
    "MIDDLE_FINGER_DIP": {
        "x": 0.664274275302887,
        "y": 0.4742431640625
    },
    "MIDDLE_FINGER_TIP": {
        "x": 0.6631464958190918,
        "y": 0.44592395424842834
    },
    "RING_FINGER_MCP": {
        "x": 0.7050426602363586,
        "y": 0.5626636147499084
    },
    "RING_FINGER_PIP": {
        "x": 0.7048755288124084,
        "y": 0.5154640674591064
    },
    "RING_FINGER_DIP": {
        "x": 0.7014704346656799,
        "y": 0.48538368940353394
    },
    "RING_FINGER_TIP": {
        "x": 0.6958105564117432,
        "y": 0.4573221206665039
    },
    "PINKY_MCP": {
        "x": 0.7432653903961182,
        "y": 0.5757334232330322
    },
    "PINKY_PIP": {
        "x": 0.7406158447265625,
        "y": 0.5388175845146179
    },
    "PINKY_DIP": {
        "x": 0.733710527420044,
        "y": 0.5165890455245972
    },
    "PINKY_TIP": {
        "x": 0.7248094081878662,
        "y": 0.4941375255584717
    }
}