{
    "WRIST": {
        "x": 0.7345874309539795,
        "y": 0.6208104491233826
    },
    "THUMB_CMC": {
        "x": 0.6688482761383057,
        "y": 0.6089365482330322
    },
    "THUMB_MCP": {
        "x": 0.6266480088233948,
        "y": 0.5699488520622253
    },
    "THUMB_IP": {
        "x": 0.6164381504058838,
        "y": 0.5362330079078674
    },
    "THUMB_TIP": {
        "x": 0.6230478286743164,
        "y": 0.5109093189239502
    },
    "INDEX_FINGER_MCP": {
        "x": 0.6734426021575928,
        "y": 0.5090428590774536
    },
    "INDEX_FINGER_PIP": {
        "x": 0.6669635772705078,
        "y": 0.4647713005542755
    },
    "INDEX_FINGER_DIP": {
        "x": 0.6518774032592773,
        "y": 0.46098411083221436
    },
    "INDEX_FINGER_TIP": {
        "x": 0.6460091471672058,
        "y": 0.4736790060997009
    },
    "MIDDLE_FINGER_MCP": {
        "x": 0.7175453305244446,
        "y": 0.5082005262374878
    },
    "MIDDLE_FINGER_PIP": {
        "x": 0.727455735206604,
        "y": 0.45166856050491333
    },
    "MIDDLE_FINGER_DIP": {
        "x": 0.7062138915061951,
        "y": 0.45598769187927246
    },
    "MIDDLE_FINGER_TIP": {
        "x": 0.6929004192352295,
        "y": 0.4778735637664795
    },
    "RING_FINGER_MCP": {
        "x": 0.7597887516021729,
        "y": 0.5169497132301331
    },
    "RING_FINGER_PIP": {
        "x": 0.7805884480476379,
        "y": 0.466505229473114
    },
    "RING_FINGER_DIP": {
        "x": 0.7636486291885376,
        "y": 0.4679749310016632
    },
    "RING_FINGER_TIP": {
        "x": 0.7473843693733215,
        "y": 0.4835350811481476
    },
    "PINKY_MCP": {
        "x": 0.8021045327186584,
        "y": 0.5335614085197449
    },
    "PINKY_PIP": {
        "x": 0.8230183720588684,
        "y": 0.4974138140678406
    },
    "PINKY_DIP": {
        "x": 0.8099409341812134,
        "y": 0.49034383893013
    },
    "PINKY_TIP": {
        "x": 0.7888054847717285,
        "y": 0.49551278352737427
    }
}