{
    "WRIST": {
        "x": 0.7371737360954285,
        "y": 0.6673951745033264
    },
    "THUMB_CMC": {
        "x": 0.6710705757141113,
        "y": 0.6567789912223816
    },
    "THUMB_MCP": {
        "x": 0.6369544267654419,
        "y": 0.6208593249320984
    },
    "THUMB_IP": {
        "x": 0.6492013931274414,
        "y": 0.5844385623931885
    },
    "THUMB_TIP": {
        "x": 0.6734218001365662,
        "y": 0.5601759552955627
    },
    "INDEX_FINGER_MCP": {
        "x": 0.6510637998580933,
        "y": 0.5597531199455261
    },
    "INDEX_FINGER_PIP": {
        "x": 0.6483839154243469,
        "y": 0.5137287378311157
    },
    "INDEX_FINGER_DIP": {
        "x": 0.6502261757850647,
        "y": 0.48673394322395325
    },
    "INDEX_FINGER_TIP": {
        "x": 0.6532092690467834,
        "y": 0.4632677137851715
    },
    "MIDDLE_FINGER_MCP": {
        "x": 0.6916901469230652,
        "y": 0.5551084280014038
    },
    "MIDDLE_FINGER_PIP": {
        "x": 0.685309886932373,
        "y": 0.5032935738563538
    },
    "MIDDLE_FINGER_DIP": {
        "x": 0.6799224615097046,
        "y": 0.4716455936431885
    },
    "MIDDLE_FINGER_TIP": {
        "x": 0.6787859797477722,
        "y": 0.44503772258758545
    },
    "RING_FINGER_MCP": {
        "x": 0.7287464737892151,
        "y": 0.5599759817123413
    },
    "RING_FINGER_PIP": {
        "x": 0.7250894904136658,
        "y": 0.5124996900558472
    },
    "RING_FINGER_DIP": {
        "x": 0.7192002534866333,
        "y": 0.4830882251262665
    },
    "RING_FINGER_TIP": {
        "x": 0.7132126092910767,
        "y": 0.45627158880233765
    },
    "PINKY_MCP": {
        "x": 0.7693032026290894,
        "y": 0.5737940073013306
    },
    "PINKY_PIP": {
        "x": 0.7644961476325989,
        "y": 0.5366597771644592
    },
    "PINKY_DIP": {
        "x": 0.75757896900177,
        "y": 0.5136281847953796
    },
    "PINKY_TIP": {
        "x": 0.7505901455879211,
        "y": 0.48921120166778564
    }
}