{
    "WRIST": {
        "x": 0.7334151268005371,
        "y": 0.6670880317687988
    },
    "THUMB_CMC": {
        "x": 0.6683304309844971,
        "y": 0.656692385673523
    },
    "THUMB_MCP": {
        "x": 0.6350551247596741,
        "y": 0.6218606233596802
    },
    "THUMB_IP": {
        "x": 0.6463789343833923,
        "y": 0.5858177542686462
    },
    "THUMB_TIP": {
        "x": 0.6705764532089233,
        "y": 0.5614839792251587
    },
    "INDEX_FINGER_MCP": {
        "x": 0.650783121585846,
        "y": 0.5603736042976379
    },
    "INDEX_FINGER_PIP": {
        "x": 0.6477787494659424,
        "y": 0.5140994191169739
    },
    "INDEX_FINGER_DIP": {
        "x": 0.6491895914077759,
        "y": 0.4868181347846985
    },
    "INDEX_FINGER_TIP": {
        "x": 0.6523842811584473,
        "y": 0.46249496936798096
    },
    "MIDDLE_FINGER_MCP": {
        "x": 0.6899414658546448,
        "y": 0.5561015009880066
    },
    "MIDDLE_FINGER_PIP": {
        "x": 0.6830729842185974,
        "y": 0.5041987299919128
    },
    "MIDDLE_FINGER_DIP": {
        "x": 0.6776320934295654,
        "y": 0.4728718400001526
    },
    "MIDDLE_FINGER_TIP": {
        "x": 0.6774135828018188,
        "y": 0.4453172981739044
    },
    "RING_FINGER_MCP": {
        "x": 0.7261800169944763,
        "y": 0.5610133409500122
    },
    "RING_FINGER_PIP": {
        "x": 0.7222524285316467,
        "y": 0.513709306716919
    },
    "RING_FINGER_DIP": {
        "x": 0.7153202295303345,
        "y": 0.48409774899482727
    },
    "RING_FINGER_TIP": {
        "x": 0.7087553143501282,
        "y": 0.4565766155719757
    },
    "PINKY_MCP": {
        "x": 0.765811026096344,
        "y": 0.574722170829773
    },
    "PINKY_PIP": {
        "x": 0.7618905305862427,
        "y": 0.5384120941162109
    },
    "PINKY_DIP": {
        "x": 0.7538565397262573,
        "y": 0.5156815648078918
    },
    "PINKY_TIP": {
        "x": 0.7452573180198669,
        "y": 0.49148696660995483
    }
}