{
    "WRIST": {
        "x": 0.7255038022994995,
        "y": 0.6627345085144043
    },
    "THUMB_CMC": {
        "x": 0.6607614755630493,
        "y": 0.6547530293464661
    },
    "THUMB_MCP": {
        "x": 0.6278063654899597,
        "y": 0.6219936013221741
    },
    "THUMB_IP": {
        "x": 0.6389297842979431,
        "y": 0.5871236324310303
    },
    "THUMB_TIP": {
        "x": 0.662436842918396,
        "y": 0.5629332065582275
    },
    "INDEX_FINGER_MCP": {
        "x": 0.6402341723442078,
        "y": 0.5601150989532471
    },
    "INDEX_FINGER_PIP": {
        "x": 0.6370694637298584,
        "y": 0.5143823623657227
    },
    "INDEX_FINGER_DIP": {
        "x": 0.6396190524101257,
        "y": 0.4878634810447693
    },
    "INDEX_FINGER_TIP": {
        "x": 0.6432088613510132,
        "y": 0.46448907256126404
    },
    "MIDDLE_FINGER_MCP": {
        "x": 0.6804195046424866,
        "y": 0.555279552936554
    },
    "MIDDLE_FINGER_PIP": {
        "x": 0.6729545593261719,
        "y": 0.5040705800056458
    },
    "MIDDLE_FINGER_DIP": {
        "x": 0.6692056059837341,
        "y": 0.4737527668476105
    },
    "MIDDLE_FINGER_TIP": {
        "x": 0.6703569293022156,
        "y": 0.44691553711891174
    },
    "RING_FINGER_MCP": {
        "x": 0.7175285816192627,
        "y": 0.5596534609794617
    },
    "RING_FINGER_PIP": {
        "x": 0.713534414768219,
        "y": 0.5128375291824341
    },
    "RING_FINGER_DIP": {
        "x": 0.7071614861488342,
        "y": 0.4837471842765808
    },
    "RING_FINGER_TIP": {
        "x": 0.7004321217536926,
        "y": 0.4571884870529175
    },
    "PINKY_MCP": {
        "x": 0.759203314781189,
        "y": 0.5722354650497437
    },
    "PINKY_PIP": {
        "x": 0.7543038725852966,
        "y": 0.535851001739502
    },
    "PINKY_DIP": {
        "x": 0.7456338405609131,
        "y": 0.5140228867530823
    },
    "PINKY_TIP": {
        "x": 0.7354366779327393,
        "y": 0.4911554753780365
    }
}