{
    "WRIST": {
        "x": 0.7179962396621704,
        "y": 0.6610136032104492
    },
    "THUMB_CMC": {
        "x": 0.6565075516700745,
        "y": 0.6526376605033875
    },
    "THUMB_MCP": {
        "x": 0.6260285973548889,
        "y": 0.6211113929748535
    },
    "THUMB_IP": {
        "x": 0.6351176500320435,
        "y": 0.5880489945411682
    },
    "THUMB_TIP": {
        "x": 0.6568833589553833,
        "y": 0.5648579001426697
    },
    "INDEX_FINGER_MCP": {
        "x": 0.641424298286438,
        "y": 0.5608904957771301
    },
    "INDEX_FINGER_PIP": {
        "x": 0.6397767663002014,
        "y": 0.5155379772186279
    },
    "INDEX_FINGER_DIP": {
        "x": 0.6409513354301453,
        "y": 0.4892576336860657
    },
    "INDEX_FINGER_TIP": {
        "x": 0.643166184425354,
        "y": 0.46616965532302856
    },
    "MIDDLE_FINGER_MCP": {
        "x": 0.6789053082466125,
        "y": 0.5568761229515076
    },
    "MIDDLE_FINGER_PIP": {
        "x": 0.6746110320091248,
        "y": 0.5057499408721924
    },
    "MIDDLE_FINGER_DIP": {
        "x": 0.6719898581504822,
        "y": 0.4753014147281647
    },
    "MIDDLE_FINGER_TIP": {
        "x": 0.6743054986000061,
        "y": 0.4484296143054962
    },
    "RING_FINGER_MCP": {
        "x": 0.7138668894767761,
        "y": 0.5621687769889832
    },
    "RING_FINGER_PIP": {
        "x": 0.7127319574356079,
        "y": 0.5153409838676453
    },
    "RING_FINGER_DIP": {
        "x": 0.7067200541496277,
        "y": 0.4864484667778015
    },
    "RING_FINGER_TIP": {
        "x": 0.7018448710441589,
        "y": 0.4602137804031372
    },
    "PINKY_MCP": {
        "x": 0.7531704306602478,
        "y": 0.5750610828399658
    },
    "PINKY_PIP": {
        "x": 0.7489978075027466,
        "y": 0.537238597869873
    },
    "PINKY_DIP": {
        "x": 0.7398489713668823,
        "y": 0.5146619081497192
    },
    "PINKY_TIP": {
        "x": 0.7312737107276917,
        "y": 0.49195587635040283
    }
}