{
    "WRIST": {
        "x": 0.7380293607711792,
        "y": 0.6117550134658813
    },
    "THUMB_CMC": {
        "x": 0.6756309866905212,
        "y": 0.6026179194450378
    },
    "THUMB_MCP": {
        "x": 0.6422179937362671,
        "y": 0.56669020652771
    },
    "THUMB_IP": {
        "x": 0.6454651355743408,
        "y": 0.5352410674095154
    },
    "THUMB_TIP": {
        "x": 0.6542587876319885,
        "y": 0.5123715400695801
    },
    "INDEX_FINGER_MCP": {
        "x": 0.663375198841095,
        "y": 0.5103520154953003
    },
    "INDEX_FINGER_PIP": {
        "x": 0.6590546369552612,
        "y": 0.46294790506362915
    },
    "INDEX_FINGER_DIP": {
        "x": 0.6481530070304871,
        "y": 0.44608554244041443
    },
    "INDEX_FINGER_TIP": {
        "x": 0.6368327140808105,
        "y": 0.4404011368751526
    },
    "MIDDLE_FINGER_MCP": {
        "x": 0.7053115963935852,
        "y": 0.506072461605072
    },
    "MIDDLE_FINGER_PIP": {
        "x": 0.7024745345115662,
        "y": 0.4514305293560028
    },
    "MIDDLE_FINGER_DIP": {
        "x": 0.689658522605896,
        "y": 0.4313426911830902
    },
    "MIDDLE_FINGER_TIP": {
        "x": 0.6778625845909119,
        "y": 0.4208647906780243
    },
    "RING_FINGER_MCP": {
        "x": 0.7438453435897827,
        "y": 0.5126817226409912
    },
    "RING_FINGER_PIP": {
        "x": 0.7473924160003662,
        "y": 0.46264705061912537
    },
    "RING_FINGER_DIP": {
        "x": 0.7390384674072266,
        "y": 0.4407651722431183
    },
    "RING_FINGER_TIP": {
        "x": 0.726377010345459,
        "y": 0.42370283603668213
    },
    "PINKY_MCP": {
        "x": 0.7862908244132996,
        "y": 0.5274217128753662
    },
    "PINKY_PIP": {
        "x": 0.7933905124664307,
        "y": 0.4906731843948364
    },
    "PINKY_DIP": {
        "x": 0.7858612537384033,
        "y": 0.4719254970550537
    },
    "PINKY_TIP": {
        "x": 0.7723407745361328,
        "y": 0.45345374941825867
    }
}