{
    "WRIST": {
        "x": 0.7402244210243225,
        "y": 0.6675246357917786
    },
    "THUMB_CMC": {
        "x": 0.6739981770515442,
        "y": 0.6567221879959106
    },
    "THUMB_MCP": {
        "x": 0.6404850482940674,
        "y": 0.6209256649017334
    },
    "THUMB_IP": {
        "x": 0.6513582468032837,
        "y": 0.5854369401931763
    },
    "THUMB_TIP": {
        "x": 0.674103856086731,
        "y": 0.5605587363243103
    },
    "INDEX_FINGER_MCP": {
        "x": 0.6556001305580139,
        "y": 0.5586725473403931
    },
    "INDEX_FINGER_PIP": {
        "x": 0.6538878679275513,
        "y": 0.511125385761261
    },
    "INDEX_FINGER_DIP": {
        "x": 0.6571829319000244,
        "y": 0.4828741252422333
    },
    "INDEX_FINGER_TIP": {
        "x": 0.6610367298126221,
        "y": 0.45776814222335815
    },
    "MIDDLE_FINGER_MCP": {
        "x": 0.6956821084022522,
        "y": 0.5546845197677612
    },
    "MIDDLE_FINGER_PIP": {
        "x": 0.6905080676078796,
        "y": 0.5010791420936584
    },
    "MIDDLE_FINGER_DIP": {
        "x": 0.6865175366401672,
        "y": 0.46978068351745605
    },
    "MIDDLE_FINGER_TIP": {
        "x": 0.6873981356620789,
        "y": 0.4424896538257599
    },
    "RING_FINGER_MCP": {
        "x": 0.7320306897163391,
        "y": 0.5604254603385925
    },
    "RING_FINGER_PIP": {
        "x": 0.7293407320976257,
        "y": 0.5115529894828796
    },
    "RING_FINGER_DIP": {
        "x": 0.7237467169761658,
        "y": 0.48232799768447876
    },
    "RING_FINGER_TIP": {
        "x": 0.7188854813575745,
        "y": 0.4555909037590027
    },
    "PINKY_MCP": {
        "x": 0.7718411684036255,
        "y": 0.5746454000473022
    },
    "PINKY_PIP": {
        "x": 0.76804518699646,
        "y": 0.5372147560119629
    },
    "PINKY_DIP": {
        "x": 0.7604118585586548,
        "y": 0.5144810080528259
    },
    "PINKY_TIP": {
        "x": 0.7524346709251404,
        "y": 0.4905296266078949
    }
}