{
    "WRIST": {
        "x": 0.7307522296905518,
        "y": 0.660068690776825
    },
    "THUMB_CMC": {
        "x": 0.6655271053314209,
        "y": 0.6521620750427246
    },
    "THUMB_MCP": {
        "x": 0.6318561434745789,
        "y": 0.6210047006607056
    },
    "THUMB_IP": {
        "x": 0.6416975259780884,
        "y": 0.5863518118858337
    },
    "THUMB_TIP": {
        "x": 0.6655203700065613,
        "y": 0.5610513687133789
    },
    "INDEX_FINGER_MCP": {
        "x": 0.6410326361656189,
        "y": 0.5592572093009949
    },
    "INDEX_FINGER_PIP": {
        "x": 0.6368825435638428,
        "y": 0.5123962759971619
    },
    "INDEX_FINGER_DIP": {
        "x": 0.6404474377632141,
        "y": 0.4846145212650299
    },
    "INDEX_FINGER_TIP": {
        "x": 0.6449071764945984,
        "y": 0.460650235414505
    },
    "MIDDLE_FINGER_MCP": {
        "x": 0.6816732883453369,
        "y": 0.5544949173927307
    },
    "MIDDLE_FINGER_PIP": {
        "x": 0.6742457747459412,
        "y": 0.5022943615913391
    },
    "MIDDLE_FINGER_DIP": {
        "x": 0.6721615195274353,
        "y": 0.4713279604911804
    },
    "MIDDLE_FINGER_TIP": {
        "x": 0.6751514077186584,
        "y": 0.4443801939487457
    },
    "RING_FINGER_MCP": {
        "x": 0.7192642092704773,
        "y": 0.5590730309486389
    },
    "RING_FINGER_PIP": {
        "x": 0.7147597074508667,
        "y": 0.5122674703598022
    },
    "RING_FINGER_DIP": {
        "x": 0.7091270685195923,
        "y": 0.4830080568790436
    },
    "RING_FINGER_TIP": {
        "x": 0.7035635113716125,
        "y": 0.4566170573234558
    },
    "PINKY_MCP": {
        "x": 0.7612089514732361,
        "y": 0.5715288519859314
    },
    "PINKY_PIP": {
        "x": 0.754774808883667,
        "y": 0.5357179641723633
    },
    "PINKY_DIP": {
        "x": 0.7468549609184265,
        "y": 0.5142320394515991
    },
    "PINKY_TIP": {
        "x": 0.7381881475448608,
        "y": 0.4914594888687134
    }
}