{
    "WRIST": {
        "x": 0.7268707752227783,
        "y": 0.6157432198524475
    },
    "THUMB_CMC": {
        "x": 0.666467547416687,
        "y": 0.602841317653656
    },
    "THUMB_MCP": {
        "x": 0.6279264092445374,
        "y": 0.5658589601516724
    },
    "THUMB_IP": {
        "x": 0.6249674558639526,
        "y": 0.5335673689842224
    },
    "THUMB_TIP": {
        "x": 0.6273053884506226,
        "y": 0.5067219138145447
    },
    "INDEX_FINGER_MCP": {
        "x": 0.6676063537597656,
        "y": 0.5084543824195862
    },
    "INDEX_FINGER_PIP": {
        "x": 0.6555622220039368,
        "y": 0.46506303548812866
    },
    "INDEX_FINGER_DIP": {
        "x": 0.6378796100616455,
        "y": 0.4560251533985138
    },
    "INDEX_FINGER_TIP": {
        "x": 0.623955249786377,
        "y": 0.4618378281593323
    },
    "MIDDLE_FINGER_MCP": {
        "x": 0.7137542366981506,
        "y": 0.505448043346405
    },
    "MIDDLE_FINGER_PIP": {
        "x": 0.7162420749664307,
        "y": 0.454609751701355
    },
    "MIDDLE_FINGER_DIP": {
        "x": 0.6943625807762146,
        "y": 0.4392199218273163
    },
    "MIDDLE_FINGER_TIP": {
        "x": 0.671554446220398,
        "y": 0.44083380699157715
    },
    "RING_FINGER_MCP": {
        "x": 0.7557654976844788,
        "y": 0.5146413445472717
    },
    "RING_FINGER_PIP": {
        "x": 0.7677261233329773,
        "y": 0.46959057450294495
    },
    "RING_FINGER_DIP": {
        "x": 0.7508653402328491,
        "y": 0.45358869433403015
    },
    "RING_FINGER_TIP": {
        "x": 0.7273073196411133,
        "y": 0.448703408241272
    },
    "PINKY_MCP": {
        "x": 0.7972201108932495,
        "y": 0.5328283309936523
    },
    "PINKY_PIP": {
        "x": 0.8104082345962524,
        "y": 0.5017521381378174
    },
    "PINKY_DIP": {
        "x": 0.7977262735366821,
        "y": 0.48556268215179443
    },
    "PINKY_TIP": {
        "x": 0.7721989154815674,
        "y": 0.47387585043907166
    }
}