{
    "WRIST": {
        "x": 0.7315881252288818,
        "y": 0.6632869839668274
    },
    "THUMB_CMC": {
        "x": 0.666286289691925,
        "y": 0.6544028520584106
    },
    "THUMB_MCP": {
        "x": 0.6314178109169006,
        "y": 0.6214832663536072
    },
    "THUMB_IP": {
        "x": 0.6419067978858948,
        "y": 0.5866794586181641
    },
    "THUMB_TIP": {
        "x": 0.6657232046127319,
        "y": 0.5622658729553223
    },
    "INDEX_FINGER_MCP": {
        "x": 0.6444500684738159,
        "y": 0.559884250164032
    },
    "INDEX_FINGER_PIP": {
        "x": 0.6408646106719971,
        "y": 0.5132455229759216
    },
    "INDEX_FINGER_DIP": {
        "x": 0.6434773206710815,
        "y": 0.48622506856918335
    },
    "INDEX_FINGER_TIP": {
        "x": 0.646561861038208,
        "y": 0.4628726541996002
    },
    "MIDDLE_FINGER_MCP": {
        "x": 0.6851165890693665,
        "y": 0.5552388429641724
    },
    "MIDDLE_FINGER_PIP": {
        "x": 0.6785066723823547,
        "y": 0.5022163391113281
    },
    "MIDDLE_FINGER_DIP": {
        "x": 0.6743000149726868,
        "y": 0.4719649851322174
    },
    "MIDDLE_FINGER_TIP": {
        "x": 0.6740545630455017,
        "y": 0.44607195258140564
    },
    "RING_FINGER_MCP": {
        "x": 0.7222920656204224,
        "y": 0.5597959756851196
    },
    "RING_FINGER_PIP": {
        "x": 0.7175082564353943,
        "y": 0.5113174915313721
    },
    "RING_FINGER_DIP": {
        "x": 0.7111480236053467,
        "y": 0.4821297526359558
    },
    "RING_FINGER_TIP": {
        "x": 0.703238308429718,
        "y": 0.4562608003616333
    },
    "PINKY_MCP": {
        "x": 0.7633845210075378,
        "y": 0.5728821158409119
    },
    "PINKY_PIP": {
        "x": 0.758312463760376,
        "y": 0.5355571508407593
    },
    "PINKY_DIP": {
        "x": 0.7513409852981567,
        "y": 0.5131229758262634
    },
    "PINKY_TIP": {
        "x": 0.7423573732376099,
        "y": 0.48984336853027344
    }
}