{
    "WRIST": {
        "x": 0.7206137776374817,
        "y": 0.6577545404434204
    },
    "THUMB_CMC": {
        "x": 0.6583974361419678,
        "y": 0.651170015335083
    },
    "THUMB_MCP": {
        "x": 0.627138078212738,
        "y": 0.6200116276741028
    },
    "THUMB_IP": {
        "x": 0.6376888751983643,
        "y": 0.5861387252807617
    },
    "THUMB_TIP": {
        "x": 0.6609156727790833,
        "y": 0.5612004995346069
    },
    "INDEX_FINGER_MCP": {
        "x": 0.6369287371635437,
        "y": 0.5592548847198486
    },
    "INDEX_FINGER_PIP": {
        "x": 0.6346676349639893,
        "y": 0.5134458541870117
    },
    "INDEX_FINGER_DIP": {
        "x": 0.6378231048583984,
        "y": 0.4865097999572754
    },
    "INDEX_FINGER_TIP": {
        "x": 0.6413894891738892,
        "y": 0.4624994397163391
    },
    "MIDDLE_FINGER_MCP": {
        "x": 0.6770161390304565,
        "y": 0.5542255640029907
    },
    "MIDDLE_FINGER_PIP": {
        "x": 0.6714074611663818,
        "y": 0.5035785436630249
    },
    "MIDDLE_FINGER_DIP": {
        "x": 0.6694944500923157,
        "y": 0.47323569655418396
    },
    "MIDDLE_FINGER_TIP": {
        "x": 0.672421395778656,
        "y": 0.44651323556900024
    },
    "RING_FINGER_MCP": {
        "x": 0.7139789462089539,
        "y": 0.5585246682167053
    },
    "RING_FINGER_PIP": {
        "x": 0.7114161849021912,
        "y": 0.5123569965362549
    },
    "RING_FINGER_DIP": {
        "x": 0.7056410908699036,
        "y": 0.48358669877052307
    },
    "RING_FINGER_TIP": {
        "x": 0.7005231380462646,
        "y": 0.4575338065624237
    },
    "PINKY_MCP": {
        "x": 0.7555807828903198,
        "y": 0.5706379413604736
    },
    "PINKY_PIP": {
        "x": 0.7499892711639404,
        "y": 0.5340425968170166
    },
    "PINKY_DIP": {
        "x": 0.7413697838783264,
        "y": 0.512320876121521
    },
    "PINKY_TIP": {
        "x": 0.7323834300041199,
        "y": 0.48986515402793884
    }
}