{
    "WRIST": {
        "x": 0.7163883447647095,
        "y": 0.6544517874717712
    },
    "THUMB_CMC": {
        "x": 0.6568958759307861,
        "y": 0.647495448589325
    },
    "THUMB_MCP": {
        "x": 0.6283823251724243,
        "y": 0.6180241107940674
    },
    "THUMB_IP": {
        "x": 0.6384059190750122,
        "y": 0.5855500102043152
    },
    "THUMB_TIP": {
        "x": 0.6599336266517639,
        "y": 0.5611612796783447
    },
    "INDEX_FINGER_MCP": {
        "x": 0.6385349035263062,
        "y": 0.5582723021507263
    },
    "INDEX_FINGER_PIP": {
        "x": 0.6374552845954895,
        "y": 0.5128626823425293
    },
    "INDEX_FINGER_DIP": {
        "x": 0.63988196849823,
        "y": 0.485955148935318
    },
    "INDEX_FINGER_TIP": {
        "x": 0.6426841020584106,
        "y": 0.46257129311561584
    },
    "MIDDLE_FINGER_MCP": {
        "x": 0.6772485971450806,
        "y": 0.5540226101875305
    },
    "MIDDLE_FINGER_PIP": {
        "x": 0.6730082631111145,
        "y": 0.5032580494880676
    },
    "MIDDLE_FINGER_DIP": {
        "x": 0.6712076663970947,
        "y": 0.4730073809623718
    },
    "MIDDLE_FINGER_TIP": {
        "x": 0.6738306283950806,
        "y": 0.44688624143600464
    },
    "RING_FINGER_MCP": {
        "x": 0.7134112119674683,
        "y": 0.5587764978408813
    },
    "RING_FINGER_PIP": {
        "x": 0.7121140360832214,
        "y": 0.5128612518310547
    },
    "RING_FINGER_DIP": {
        "x": 0.7062578797340393,
        "y": 0.48446863889694214
    },
    "RING_FINGER_TIP": {
        "x": 0.7012947201728821,
        "y": 0.459249883890152
    },
    "PINKY_MCP": {
        "x": 0.7541695833206177,
        "y": 0.57085120677948
    },
    "PINKY_PIP": {
        "x": 0.7496404647827148,
        "y": 0.5340321063995361
    },
    "PINKY_DIP": {
        "x": 0.7407599091529846,
        "y": 0.512586236000061
    },
    "PINKY_TIP": {
        "x": 0.7316350340843201,
        "y": 0.49105510115623474
    }
}