{
    "WRIST": {
        "x": 0.7362587451934814,
        "y": 0.6234460473060608
    },
    "THUMB_CMC": {
        "x": 0.6712349653244019,
        "y": 0.6173750758171082
    },
    "THUMB_MCP": {
        "x": 0.634947657585144,
        "y": 0.5849571824073792
    },
    "THUMB_IP": {
        "x": 0.6449655890464783,
        "y": 0.5537117123603821
    },
    "THUMB_TIP": {
        "x": 0.6683804988861084,
        "y": 0.5307996869087219
    },
    "INDEX_FINGER_MCP": {
        "x": 0.6489052772521973,
        "y": 0.523601770401001
    },
    "INDEX_FINGER_PIP": {
        "x": 0.6369358897209167,
        "y": 0.4748344123363495
    },
    "INDEX_FINGER_DIP": {
        "x": 0.6311430335044861,
        "y": 0.45051464438438416
    },
    "INDEX_FINGER_TIP": {
        "x": 0.6301763653755188,
        "y": 0.43427330255508423
    },
    "MIDDLE_FINGER_MCP": {
        "x": 0.691206693649292,
        "y": 0.5173490047454834
    },
    "MIDDLE_FINGER_PIP": {
        "x": 0.6823880076408386,
        "y": 0.4587455093860626
    },
    "MIDDLE_FINGER_DIP": {
        "x": 0.6770040988922119,
        "y": 0.4316898584365845
    },
    "MIDDLE_FINGER_TIP": {
        "x": 0.6780155897140503,
        "y": 0.4125984311103821
    },
    "RING_FINGER_MCP": {
        "x": 0.7319182753562927,
        "y": 0.5227007865905762
    },
    "RING_FINGER_PIP": {
        "x": 0.7283571362495422,
        "y": 0.4701384902000427
    },
    "RING_FINGER_DIP": {
        "x": 0.7236394882202148,
        "y": 0.4448513984680176
    },
    "RING_FINGER_TIP": {
        "x": 0.7187268733978271,
        "y": 0.42408695816993713
    },
    "PINKY_MCP": {
        "x": 0.7767689228057861,
        "y": 0.5370583534240723
    },
    "PINKY_PIP": {
        "x": 0.7788328528404236,
        "y": 0.4990127384662628
    },
    "PINKY_DIP": {
        "x": 0.7739220261573792,
        "y": 0.4790361225605011
    },
    "PINKY_TIP": {
        "x": 0.7666721343994141,
        "y": 0.45902344584465027
    }
}